vendor_id,week_start_date,vendor_name,vendor_type,sla_target_hours,request_volume,actual_avg_hours,breach_flag,sla_compliance_pct
VEN0001,2023-01-02,Preferred Service Vendor 001,Strategic,24,4332,34.16,1,0.492
VEN0001,2023-01-09,Preferred Service Vendor 001,Strategic,24,4865,20.52,0,1.0
VEN0001,2023-01-16,Preferred Service Vendor 001,Strategic,24,3161,14.66,0,1.0
VEN0001,2023-01-23,Preferred Service Vendor 001,Strategic,24,3925,25.51,1,0.9245
VEN0001,2023-01-30,Preferred Service Vendor 001,Strategic,24,3763,20.26,0,1.0
VEN0001,2023-02-06,Preferred Service Vendor 001,Strategic,24,4776,23.25,0,1.0
VEN0001,2023-02-13,Preferred Service Vendor 001,Strategic,24,3555,22.12,0,1.0
VEN0001,2023-02-20,Preferred Service Vendor 001,Strategic,24,5668,30.5,1,0.675
VEN0001,2023-02-27,Preferred Service Vendor 001,Strategic,24,5197,20.57,0,1.0
VEN0001,2023-03-06,Preferred Service Vendor 001,Strategic,24,5539,26.45,1,0.8775
VEN0001,2023-03-13,Preferred Service Vendor 001,Strategic,24,5041,18.66,0,1.0
VEN0001,2023-03-20,Preferred Service Vendor 001,Strategic,24,2728,24.19,1,0.9905
VEN0001,2023-03-27,Preferred Service Vendor 001,Strategic,24,1532,16.92,0,1.0
VEN0001,2023-04-03,Preferred Service Vendor 001,Strategic,24,3965,33.02,1,0.549
VEN0001,2023-04-10,Preferred Service Vendor 001,Strategic,24,4308,20.53,0,1.0
VEN0001,2023-04-17,Preferred Service Vendor 001,Strategic,24,5691,39.27,1,0.35
VEN0001,2023-04-24,Preferred Service Vendor 001,Strategic,24,4158,17.67,0,1.0
VEN0001,2023-05-01,Preferred Service Vendor 001,Strategic,24,3926,24.5,1,0.975
VEN0001,2023-05-08,Preferred Service Vendor 001,Strategic,24,3044,30.42,1,0.679
VEN0001,2023-05-15,Preferred Service Vendor 001,Strategic,24,3077,33.84,1,0.508
VEN0001,2023-05-22,Preferred Service Vendor 001,Strategic,24,3608,21.02,0,1.0
VEN0001,2023-05-29,Preferred Service Vendor 001,Strategic,24,3038,33.9,1,0.505
VEN0001,2023-06-05,Preferred Service Vendor 001,Strategic,24,5531,33.15,1,0.5425
VEN0001,2023-06-12,Preferred Service Vendor 001,Strategic,24,2927,35.89,1,0.4055
VEN0001,2023-06-19,Preferred Service Vendor 001,Strategic,24,4092,30.74,1,0.663
VEN0001,2023-06-26,Preferred Service Vendor 001,Strategic,24,880,34.58,1,0.471
VEN0001,2023-07-03,Preferred Service Vendor 001,Strategic,24,3668,33.7,1,0.515
VEN0001,2023-07-10,Preferred Service Vendor 001,Strategic,24,5022,29.39,1,0.7305
VEN0001,2023-07-17,Preferred Service Vendor 001,Strategic,24,3686,35.61,1,0.4195
VEN0001,2023-07-24,Preferred Service Vendor 001,Strategic,24,5949,25.72,1,0.914
VEN0001,2023-07-31,Preferred Service Vendor 001,Strategic,24,2479,36.74,1,0.363
VEN0001,2023-08-07,Preferred Service Vendor 001,Strategic,24,1850,22.21,0,1.0
VEN0001,2023-08-14,Preferred Service Vendor 001,Strategic,24,4955,20.28,0,1.0
VEN0001,2023-08-21,Preferred Service Vendor 001,Strategic,24,4295,15.55,0,1.0
VEN0001,2023-08-28,Preferred Service Vendor 001,Strategic,24,3497,16.43,0,1.0
VEN0001,2023-09-04,Preferred Service Vendor 001,Strategic,24,4515,23.42,0,1.0
VEN0001,2023-09-11,Preferred Service Vendor 001,Strategic,24,3031,31.96,1,0.602
VEN0001,2023-09-18,Preferred Service Vendor 001,Strategic,24,3135,32.38,1,0.581
VEN0001,2023-09-25,Preferred Service Vendor 001,Strategic,24,3982,31.46,1,0.627
VEN0001,2023-10-02,Preferred Service Vendor 001,Strategic,24,2581,24.67,1,0.9665
VEN0001,2023-10-09,Preferred Service Vendor 001,Strategic,24,5288,37.02,1,0.35
VEN0001,2023-10-16,Preferred Service Vendor 001,Strategic,24,3657,33.3,1,0.535
VEN0001,2023-10-23,Preferred Service Vendor 001,Strategic,24,3592,35.34,1,0.433
VEN0001,2023-10-30,Preferred Service Vendor 001,Strategic,24,4381,17.62,0,1.0
VEN0001,2023-11-06,Preferred Service Vendor 001,Strategic,24,3655,35.77,1,0.4115
VEN0001,2023-11-13,Preferred Service Vendor 001,Strategic,24,4199,25.09,1,0.9455
VEN0001,2023-11-20,Preferred Service Vendor 001,Strategic,24,5028,28.53,1,0.7735
VEN0001,2023-11-27,Preferred Service Vendor 001,Strategic,24,2174,35.68,1,0.416
VEN0001,2023-12-04,Preferred Service Vendor 001,Strategic,24,3542,37.8,1,0.35
VEN0001,2023-12-11,Preferred Service Vendor 001,Strategic,24,4851,21.17,0,1.0
VEN0001,2023-12-18,Preferred Service Vendor 001,Strategic,24,4951,18.98,0,1.0
VEN0001,2023-12-25,Preferred Service Vendor 001,Strategic,24,4574,33.19,1,0.5405
VEN0001,2024-01-01,Preferred Service Vendor 001,Strategic,24,4249,34.08,1,0.496
VEN0001,2024-01-08,Preferred Service Vendor 001,Strategic,24,4249,36.5,1,0.375
VEN0001,2024-01-15,Preferred Service Vendor 001,Strategic,24,1961,33.66,1,0.517
VEN0001,2024-01-22,Preferred Service Vendor 001,Strategic,24,3618,23.98,0,1.0
VEN0001,2024-01-29,Preferred Service Vendor 001,Strategic,24,5033,17.33,0,1.0
VEN0001,2024-02-05,Preferred Service Vendor 001,Strategic,24,3205,17.36,0,1.0
VEN0001,2024-02-12,Preferred Service Vendor 001,Strategic,24,4024,25.48,1,0.926
VEN0001,2024-02-19,Preferred Service Vendor 001,Strategic,24,5375,17.17,0,1.0
VEN0001,2024-02-26,Preferred Service Vendor 001,Strategic,24,2960,29.63,1,0.7185
VEN0001,2024-03-04,Preferred Service Vendor 001,Strategic,24,3914,18.52,0,1.0
VEN0001,2024-03-11,Preferred Service Vendor 001,Strategic,24,5141,24.99,1,0.9505
VEN0001,2024-03-18,Preferred Service Vendor 001,Strategic,24,4002,31.26,1,0.637
VEN0001,2024-03-25,Preferred Service Vendor 001,Strategic,24,3665,25.31,1,0.9345
VEN0001,2024-04-01,Preferred Service Vendor 001,Strategic,24,3435,30.14,1,0.693
VEN0001,2024-04-08,Preferred Service Vendor 001,Strategic,24,1513,22.81,0,1.0
VEN0001,2024-04-15,Preferred Service Vendor 001,Strategic,24,3795,34.06,1,0.497
VEN0001,2024-04-22,Preferred Service Vendor 001,Strategic,24,2400,22.73,0,1.0
VEN0001,2024-04-29,Preferred Service Vendor 001,Strategic,24,4574,36.7,1,0.365
VEN0001,2024-05-06,Preferred Service Vendor 001,Strategic,24,6301,25.08,1,0.946
VEN0001,2024-05-13,Preferred Service Vendor 001,Strategic,24,4903,16.71,0,1.0
VEN0001,2024-05-20,Preferred Service Vendor 001,Strategic,24,4885,21.33,0,1.0
VEN0001,2024-05-27,Preferred Service Vendor 001,Strategic,24,3823,35.47,1,0.4265
VEN0001,2024-06-03,Preferred Service Vendor 001,Strategic,24,5114,27.69,1,0.8155
VEN0001,2024-06-10,Preferred Service Vendor 001,Strategic,24,5481,32.27,1,0.5865
VEN0001,2024-06-17,Preferred Service Vendor 001,Strategic,24,5227,31.99,1,0.6005
VEN0001,2024-06-24,Preferred Service Vendor 001,Strategic,24,3139,28.02,1,0.799
VEN0001,2024-07-01,Preferred Service Vendor 001,Strategic,24,4528,17.37,0,1.0
VEN0001,2024-07-08,Preferred Service Vendor 001,Strategic,24,3704,27.22,1,0.839
VEN0001,2024-07-15,Preferred Service Vendor 001,Strategic,24,4628,21.76,0,1.0
VEN0001,2024-07-22,Preferred Service Vendor 001,Strategic,24,4394,27.03,1,0.8485
VEN0001,2024-07-29,Preferred Service Vendor 001,Strategic,24,4819,28.93,1,0.7535
VEN0001,2024-08-05,Preferred Service Vendor 001,Strategic,24,5393,33.11,1,0.5445
VEN0001,2024-08-12,Preferred Service Vendor 001,Strategic,24,3096,26.19,1,0.8905
VEN0001,2024-08-19,Preferred Service Vendor 001,Strategic,24,3633,23.28,0,1.0
VEN0001,2024-08-26,Preferred Service Vendor 001,Strategic,24,3188,31.14,1,0.643
VEN0001,2024-09-02,Preferred Service Vendor 001,Strategic,24,1720,34.91,1,0.4545
VEN0001,2024-09-09,Preferred Service Vendor 001,Strategic,24,4385,30.98,1,0.651
VEN0001,2024-09-16,Preferred Service Vendor 001,Strategic,24,4097,14.32,0,1.0
VEN0001,2024-09-23,Preferred Service Vendor 001,Strategic,24,3581,16.64,0,1.0
VEN0001,2024-09-30,Preferred Service Vendor 001,Strategic,24,3410,36.23,1,0.3885
VEN0001,2024-10-07,Preferred Service Vendor 001,Strategic,24,3679,19.02,0,1.0
VEN0001,2024-10-14,Preferred Service Vendor 001,Strategic,24,5982,32.23,1,0.5885
VEN0001,2024-10-21,Preferred Service Vendor 001,Strategic,24,4483,23.24,0,1.0
VEN0001,2024-10-28,Preferred Service Vendor 001,Strategic,24,6249,18.18,0,1.0
VEN0001,2024-11-04,Preferred Service Vendor 001,Strategic,24,4062,34.43,1,0.4785
VEN0001,2024-11-11,Preferred Service Vendor 001,Strategic,24,3293,34.67,1,0.4665
VEN0001,2024-11-18,Preferred Service Vendor 001,Strategic,24,5261,26.34,1,0.883
VEN0001,2024-11-25,Preferred Service Vendor 001,Strategic,24,4970,25.27,1,0.9365
VEN0001,2024-12-02,Preferred Service Vendor 001,Strategic,24,4345,33.35,1,0.5325
VEN0001,2024-12-09,Preferred Service Vendor 001,Strategic,24,6260,16.08,0,1.0
VEN0001,2024-12-16,Preferred Service Vendor 001,Strategic,24,4669,36.83,1,0.3585
VEN0001,2024-12-23,Preferred Service Vendor 001,Strategic,24,3642,27.35,1,0.8325
VEN0001,2024-12-30,Preferred Service Vendor 001,Strategic,24,2873,18.67,0,1.0
VEN0002,2023-01-02,Preferred Service Vendor 002,Standard,2,4049,2.92,1,0.954
VEN0002,2023-01-09,Preferred Service Vendor 002,Standard,2,5706,3.62,1,0.919
VEN0002,2023-01-16,Preferred Service Vendor 002,Standard,2,5617,1.72,0,1.0
VEN0002,2023-01-23,Preferred Service Vendor 002,Standard,2,4286,1.92,0,1.0
VEN0002,2023-01-30,Preferred Service Vendor 002,Standard,2,3123,1.52,0,1.0
VEN0002,2023-02-06,Preferred Service Vendor 002,Standard,2,4520,1.81,0,1.0
VEN0002,2023-02-13,Preferred Service Vendor 002,Standard,2,4988,2.32,1,0.984
VEN0002,2023-02-20,Preferred Service Vendor 002,Standard,2,4811,2.08,1,0.996
VEN0002,2023-02-27,Preferred Service Vendor 002,Standard,2,3886,2.35,1,0.9825
VEN0002,2023-03-06,Preferred Service Vendor 002,Standard,2,4199,1.43,0,1.0
VEN0002,2023-03-13,Preferred Service Vendor 002,Standard,2,4858,0.5,0,1.0
VEN0002,2023-03-20,Preferred Service Vendor 002,Standard,2,5045,3.41,1,0.9295
VEN0002,2023-03-27,Preferred Service Vendor 002,Standard,2,4290,1.99,0,1.0
VEN0002,2023-04-03,Preferred Service Vendor 002,Standard,2,5712,2.29,1,0.9855
VEN0002,2023-04-10,Preferred Service Vendor 002,Standard,2,4665,0.84,0,1.0
VEN0002,2023-04-17,Preferred Service Vendor 002,Standard,2,5445,1.55,0,1.0
VEN0002,2023-04-24,Preferred Service Vendor 002,Standard,2,4952,4.1,1,0.895
VEN0002,2023-05-01,Preferred Service Vendor 002,Standard,2,4683,0.84,0,1.0
VEN0002,2023-05-08,Preferred Service Vendor 002,Standard,2,2280,2.72,1,0.964
VEN0002,2023-05-15,Preferred Service Vendor 002,Standard,2,4396,3.86,1,0.907
VEN0002,2023-05-22,Preferred Service Vendor 002,Standard,2,4986,2.32,1,0.984
VEN0002,2023-05-29,Preferred Service Vendor 002,Standard,2,4791,2.05,1,0.9975
VEN0002,2023-06-05,Preferred Service Vendor 002,Standard,2,4489,3.07,1,0.9465
VEN0002,2023-06-12,Preferred Service Vendor 002,Standard,2,3452,2.61,1,0.9695
VEN0002,2023-06-19,Preferred Service Vendor 002,Standard,2,1915,1.89,0,1.0
VEN0002,2023-06-26,Preferred Service Vendor 002,Standard,2,3920,1.97,0,1.0
VEN0002,2023-07-03,Preferred Service Vendor 002,Standard,2,3739,1.08,0,1.0
VEN0002,2023-07-10,Preferred Service Vendor 002,Standard,2,3777,3.05,1,0.9475
VEN0002,2023-07-17,Preferred Service Vendor 002,Standard,2,2025,1.29,0,1.0
VEN0002,2023-07-24,Preferred Service Vendor 002,Standard,2,5090,1.07,0,1.0
VEN0002,2023-07-31,Preferred Service Vendor 002,Standard,2,5584,2.21,1,0.9895
VEN0002,2023-08-07,Preferred Service Vendor 002,Standard,2,4554,2.13,1,0.9935
VEN0002,2023-08-14,Preferred Service Vendor 002,Standard,2,5993,1.88,0,1.0
VEN0002,2023-08-21,Preferred Service Vendor 002,Standard,2,4843,2.11,1,0.9945
VEN0002,2023-08-28,Preferred Service Vendor 002,Standard,2,3579,2.96,1,0.952
VEN0002,2023-09-04,Preferred Service Vendor 002,Standard,2,3682,0.71,0,1.0
VEN0002,2023-09-11,Preferred Service Vendor 002,Standard,2,2951,4.89,1,0.8555
VEN0002,2023-09-18,Preferred Service Vendor 002,Standard,2,2648,2.1,1,0.995
VEN0002,2023-09-25,Preferred Service Vendor 002,Standard,2,6165,1.22,0,1.0
VEN0002,2023-10-02,Preferred Service Vendor 002,Standard,2,4360,4.08,1,0.896
VEN0002,2023-10-09,Preferred Service Vendor 002,Standard,2,3838,2.57,1,0.9715
VEN0002,2023-10-16,Preferred Service Vendor 002,Standard,2,2227,1.55,0,1.0
VEN0002,2023-10-23,Preferred Service Vendor 002,Standard,2,2376,1.68,0,1.0
VEN0002,2023-10-30,Preferred Service Vendor 002,Standard,2,3537,2.44,1,0.978
VEN0002,2023-11-06,Preferred Service Vendor 002,Standard,2,3600,2.77,1,0.9615
VEN0002,2023-11-13,Preferred Service Vendor 002,Standard,2,7148,2.74,1,0.963
VEN0002,2023-11-20,Preferred Service Vendor 002,Standard,2,2565,2.64,1,0.968
VEN0002,2023-11-27,Preferred Service Vendor 002,Standard,2,2896,3.12,1,0.944
VEN0002,2023-12-04,Preferred Service Vendor 002,Standard,2,3629,2.03,1,0.9985
VEN0002,2023-12-11,Preferred Service Vendor 002,Standard,2,4959,3.63,1,0.9185
VEN0002,2023-12-18,Preferred Service Vendor 002,Standard,2,3215,3.32,1,0.934
VEN0002,2023-12-25,Preferred Service Vendor 002,Standard,2,3559,2.47,1,0.9765
VEN0002,2024-01-01,Preferred Service Vendor 002,Standard,2,5009,1.26,0,1.0
VEN0002,2024-01-08,Preferred Service Vendor 002,Standard,2,4012,3.22,1,0.939
VEN0002,2024-01-15,Preferred Service Vendor 002,Standard,2,4211,1.27,0,1.0
VEN0002,2024-01-22,Preferred Service Vendor 002,Standard,2,4327,0.89,0,1.0
VEN0002,2024-01-29,Preferred Service Vendor 002,Standard,2,4225,1.64,0,1.0
VEN0002,2024-02-05,Preferred Service Vendor 002,Standard,2,3750,3.64,1,0.918
VEN0002,2024-02-12,Preferred Service Vendor 002,Standard,2,4453,2.2,1,0.99
VEN0002,2024-02-19,Preferred Service Vendor 002,Standard,2,4419,2.15,1,0.9925
VEN0002,2024-02-26,Preferred Service Vendor 002,Standard,2,3594,1.82,0,1.0
VEN0002,2024-03-04,Preferred Service Vendor 002,Standard,2,6370,2.9,1,0.955
VEN0002,2024-03-11,Preferred Service Vendor 002,Standard,2,5591,3.48,1,0.926
VEN0002,2024-03-18,Preferred Service Vendor 002,Standard,2,3757,1.89,0,1.0
VEN0002,2024-03-25,Preferred Service Vendor 002,Standard,2,4176,2.9,1,0.955
VEN0002,2024-04-01,Preferred Service Vendor 002,Standard,2,4090,4.18,1,0.891
VEN0002,2024-04-08,Preferred Service Vendor 002,Standard,2,3547,2.08,1,0.996
VEN0002,2024-04-15,Preferred Service Vendor 002,Standard,2,4229,4.25,1,0.8875
VEN0002,2024-04-22,Preferred Service Vendor 002,Standard,2,4122,2.38,1,0.981
VEN0002,2024-04-29,Preferred Service Vendor 002,Standard,2,4419,2.49,1,0.9755
VEN0002,2024-05-06,Preferred Service Vendor 002,Standard,2,3066,0.5,0,1.0
VEN0002,2024-05-13,Preferred Service Vendor 002,Standard,2,4283,0.5,0,1.0
VEN0002,2024-05-20,Preferred Service Vendor 002,Standard,2,3378,0.66,0,1.0
VEN0002,2024-05-27,Preferred Service Vendor 002,Standard,2,5213,2.15,1,0.9925
VEN0002,2024-06-03,Preferred Service Vendor 002,Standard,2,4168,2.71,1,0.9645
VEN0002,2024-06-10,Preferred Service Vendor 002,Standard,2,4008,0.77,0,1.0
VEN0002,2024-06-17,Preferred Service Vendor 002,Standard,2,5427,3.2,1,0.94
VEN0002,2024-06-24,Preferred Service Vendor 002,Standard,2,5483,2.83,1,0.9585
VEN0002,2024-07-01,Preferred Service Vendor 002,Standard,2,3203,2.08,1,0.996
VEN0002,2024-07-08,Preferred Service Vendor 002,Standard,2,6107,2.37,1,0.9815
VEN0002,2024-07-15,Preferred Service Vendor 002,Standard,2,5192,3.03,1,0.9485
VEN0002,2024-07-22,Preferred Service Vendor 002,Standard,2,3026,3.25,1,0.9375
VEN0002,2024-07-29,Preferred Service Vendor 002,Standard,2,5208,3.49,1,0.9255
VEN0002,2024-08-05,Preferred Service Vendor 002,Standard,2,3447,2.73,1,0.9635
VEN0002,2024-08-12,Preferred Service Vendor 002,Standard,2,2755,2.93,1,0.9535
VEN0002,2024-08-19,Preferred Service Vendor 002,Standard,2,3531,3.22,1,0.939
VEN0002,2024-08-26,Preferred Service Vendor 002,Standard,2,1518,1.59,0,1.0
VEN0002,2024-09-02,Preferred Service Vendor 002,Standard,2,6277,2.42,1,0.979
VEN0002,2024-09-09,Preferred Service Vendor 002,Standard,2,4747,1.84,0,1.0
VEN0002,2024-09-16,Preferred Service Vendor 002,Standard,2,6236,2.11,1,0.9945
VEN0002,2024-09-23,Preferred Service Vendor 002,Standard,2,3680,1.29,0,1.0
VEN0002,2024-09-30,Preferred Service Vendor 002,Standard,2,3543,2.72,1,0.964
VEN0002,2024-10-07,Preferred Service Vendor 002,Standard,2,3220,1.55,0,1.0
VEN0002,2024-10-14,Preferred Service Vendor 002,Standard,2,5375,2.0,0,1.0
VEN0002,2024-10-21,Preferred Service Vendor 002,Standard,2,3958,4.43,1,0.8785
VEN0002,2024-10-28,Preferred Service Vendor 002,Standard,2,3713,2.52,1,0.974
VEN0002,2024-11-04,Preferred Service Vendor 002,Standard,2,2561,2.56,1,0.972
VEN0002,2024-11-11,Preferred Service Vendor 002,Standard,2,5265,0.5,0,1.0
VEN0002,2024-11-18,Preferred Service Vendor 002,Standard,2,2472,0.53,0,1.0
VEN0002,2024-11-25,Preferred Service Vendor 002,Standard,2,3058,3.38,1,0.931
VEN0002,2024-12-02,Preferred Service Vendor 002,Standard,2,5408,1.81,0,1.0
VEN0002,2024-12-09,Preferred Service Vendor 002,Standard,2,3765,2.08,1,0.996
VEN0002,2024-12-16,Preferred Service Vendor 002,Standard,2,3927,3.53,1,0.9235
VEN0002,2024-12-23,Preferred Service Vendor 002,Standard,2,3020,3.22,1,0.939
VEN0002,2024-12-30,Preferred Service Vendor 002,Standard,2,3549,2.31,1,0.9845
VEN0003,2023-01-02,Preferred Service Vendor 003,Standard,12,4376,15.82,1,0.809
VEN0003,2023-01-09,Preferred Service Vendor 003,Standard,12,4231,9.5,0,1.0
VEN0003,2023-01-16,Preferred Service Vendor 003,Standard,12,4791,19.98,1,0.601
VEN0003,2023-01-23,Preferred Service Vendor 003,Standard,12,3103,15.93,1,0.8035
VEN0003,2023-01-30,Preferred Service Vendor 003,Standard,12,6405,8.88,0,1.0
VEN0003,2023-02-06,Preferred Service Vendor 003,Standard,12,3616,13.57,1,0.9215
VEN0003,2023-02-13,Preferred Service Vendor 003,Standard,12,2541,17.01,1,0.7495
VEN0003,2023-02-20,Preferred Service Vendor 003,Standard,12,5135,16.37,1,0.7815
VEN0003,2023-02-27,Preferred Service Vendor 003,Standard,12,4570,16.18,1,0.791
VEN0003,2023-03-06,Preferred Service Vendor 003,Standard,12,5903,15.31,1,0.8345
VEN0003,2023-03-13,Preferred Service Vendor 003,Standard,12,3215,18.88,1,0.656
VEN0003,2023-03-20,Preferred Service Vendor 003,Standard,12,1949,17.88,1,0.706
VEN0003,2023-03-27,Preferred Service Vendor 003,Standard,12,2105,12.45,1,0.9775
VEN0003,2023-04-03,Preferred Service Vendor 003,Standard,12,3609,7.84,0,1.0
VEN0003,2023-04-10,Preferred Service Vendor 003,Standard,12,3270,10.23,0,1.0
VEN0003,2023-04-17,Preferred Service Vendor 003,Standard,12,5867,7.21,0,1.0
VEN0003,2023-04-24,Preferred Service Vendor 003,Standard,12,4277,17.08,1,0.746
VEN0003,2023-05-01,Preferred Service Vendor 003,Standard,12,2092,16.77,1,0.7615
VEN0003,2023-05-08,Preferred Service Vendor 003,Standard,12,5244,17.25,1,0.7375
VEN0003,2023-05-15,Preferred Service Vendor 003,Standard,12,2543,15.94,1,0.803
VEN0003,2023-05-22,Preferred Service Vendor 003,Standard,12,3663,13.49,1,0.9255
VEN0003,2023-05-29,Preferred Service Vendor 003,Standard,12,3450,13.23,1,0.9385
VEN0003,2023-06-05,Preferred Service Vendor 003,Standard,12,2314,17.79,1,0.7105
VEN0003,2023-06-12,Preferred Service Vendor 003,Standard,12,6011,15.72,1,0.814
VEN0003,2023-06-19,Preferred Service Vendor 003,Standard,12,3269,15.46,1,0.827
VEN0003,2023-06-26,Preferred Service Vendor 003,Standard,12,4413,19.36,1,0.632
VEN0003,2023-07-03,Preferred Service Vendor 003,Standard,12,4170,13.39,1,0.9305
VEN0003,2023-07-10,Preferred Service Vendor 003,Standard,12,6374,12.1,1,0.995
VEN0003,2023-07-17,Preferred Service Vendor 003,Standard,12,3845,8.99,0,1.0
VEN0003,2023-07-24,Preferred Service Vendor 003,Standard,12,4893,8.57,0,1.0
VEN0003,2023-07-31,Preferred Service Vendor 003,Standard,12,5122,8.47,0,1.0
VEN0003,2023-08-07,Preferred Service Vendor 003,Standard,12,5439,16.22,1,0.789
VEN0003,2023-08-14,Preferred Service Vendor 003,Standard,12,2612,14.34,1,0.883
VEN0003,2023-08-21,Preferred Service Vendor 003,Standard,12,1620,8.28,0,1.0
VEN0003,2023-08-28,Preferred Service Vendor 003,Standard,12,2947,11.6,0,1.0
VEN0003,2023-09-04,Preferred Service Vendor 003,Standard,12,4843,18.72,1,0.664
VEN0003,2023-09-11,Preferred Service Vendor 003,Standard,12,8764,17.94,1,0.703
VEN0003,2023-09-18,Preferred Service Vendor 003,Standard,12,4891,8.56,0,1.0
VEN0003,2023-09-25,Preferred Service Vendor 003,Standard,12,4105,14.18,1,0.891
VEN0003,2023-10-02,Preferred Service Vendor 003,Standard,12,6262,15.09,1,0.8455
VEN0003,2023-10-09,Preferred Service Vendor 003,Standard,12,3895,11.17,0,1.0
VEN0003,2023-10-16,Preferred Service Vendor 003,Standard,12,4730,9.33,0,1.0
VEN0003,2023-10-23,Preferred Service Vendor 003,Standard,12,4205,9.88,0,1.0
VEN0003,2023-10-30,Preferred Service Vendor 003,Standard,12,3366,10.53,0,1.0
VEN0003,2023-11-06,Preferred Service Vendor 003,Standard,12,4406,12.54,1,0.973
VEN0003,2023-11-13,Preferred Service Vendor 003,Standard,12,4623,14.83,1,0.8585
VEN0003,2023-11-20,Preferred Service Vendor 003,Standard,12,5207,11.79,0,1.0
VEN0003,2023-11-27,Preferred Service Vendor 003,Standard,12,3591,14.3,1,0.885
VEN0003,2023-12-04,Preferred Service Vendor 003,Standard,12,5739,12.28,1,0.986
VEN0003,2023-12-11,Preferred Service Vendor 003,Standard,12,4596,19.43,1,0.6285
VEN0003,2023-12-18,Preferred Service Vendor 003,Standard,12,3409,10.36,0,1.0
VEN0003,2023-12-25,Preferred Service Vendor 003,Standard,12,3316,7.85,0,1.0
VEN0003,2024-01-01,Preferred Service Vendor 003,Standard,12,4977,7.86,0,1.0
VEN0003,2024-01-08,Preferred Service Vendor 003,Standard,12,3874,14.1,1,0.895
VEN0003,2024-01-15,Preferred Service Vendor 003,Standard,12,4474,8.33,0,1.0
VEN0003,2024-01-22,Preferred Service Vendor 003,Standard,12,6238,13.61,1,0.9195
VEN0003,2024-01-29,Preferred Service Vendor 003,Standard,12,5878,7.93,0,1.0
VEN0003,2024-02-05,Preferred Service Vendor 003,Standard,12,1890,9.47,0,1.0
VEN0003,2024-02-12,Preferred Service Vendor 003,Standard,12,4577,12.6,1,0.97
VEN0003,2024-02-19,Preferred Service Vendor 003,Standard,12,3610,9.75,0,1.0
VEN0003,2024-02-26,Preferred Service Vendor 003,Standard,12,3410,16.69,1,0.7655
VEN0003,2024-03-04,Preferred Service Vendor 003,Standard,12,2714,13.75,1,0.9125
VEN0003,2024-03-11,Preferred Service Vendor 003,Standard,12,4368,12.39,1,0.9805
VEN0003,2024-03-18,Preferred Service Vendor 003,Standard,12,3262,13.43,1,0.9285
VEN0003,2024-03-25,Preferred Service Vendor 003,Standard,12,3388,15.9,1,0.805
VEN0003,2024-04-01,Preferred Service Vendor 003,Standard,12,3897,18.36,1,0.682
VEN0003,2024-04-08,Preferred Service Vendor 003,Standard,12,5968,15.22,1,0.839
VEN0003,2024-04-15,Preferred Service Vendor 003,Standard,12,4045,13.57,1,0.9215
VEN0003,2024-04-22,Preferred Service Vendor 003,Standard,12,4012,10.73,0,1.0
VEN0003,2024-04-29,Preferred Service Vendor 003,Standard,12,4254,10.36,0,1.0
VEN0003,2024-05-06,Preferred Service Vendor 003,Standard,12,4694,17.56,1,0.722
VEN0003,2024-05-13,Preferred Service Vendor 003,Standard,12,3377,10.89,0,1.0
VEN0003,2024-05-20,Preferred Service Vendor 003,Standard,12,5018,16.1,1,0.795
VEN0003,2024-05-27,Preferred Service Vendor 003,Standard,12,4134,13.39,1,0.9305
VEN0003,2024-06-03,Preferred Service Vendor 003,Standard,12,5202,14.49,1,0.8755
VEN0003,2024-06-10,Preferred Service Vendor 003,Standard,12,4220,13.72,1,0.914
VEN0003,2024-06-17,Preferred Service Vendor 003,Standard,12,4781,18.2,1,0.69
VEN0003,2024-06-24,Preferred Service Vendor 003,Standard,12,3693,9.76,0,1.0
VEN0003,2024-07-01,Preferred Service Vendor 003,Standard,12,3427,10.16,0,1.0
VEN0003,2024-07-08,Preferred Service Vendor 003,Standard,12,3359,17.54,1,0.723
VEN0003,2024-07-15,Preferred Service Vendor 003,Standard,12,4316,11.2,0,1.0
VEN0003,2024-07-22,Preferred Service Vendor 003,Standard,12,3216,15.13,1,0.8435
VEN0003,2024-07-29,Preferred Service Vendor 003,Standard,12,4517,16.92,1,0.754
VEN0003,2024-08-05,Preferred Service Vendor 003,Standard,12,4337,12.7,1,0.965
VEN0003,2024-08-12,Preferred Service Vendor 003,Standard,12,3425,14.96,1,0.852
VEN0003,2024-08-19,Preferred Service Vendor 003,Standard,12,4386,12.55,1,0.9725
VEN0003,2024-08-26,Preferred Service Vendor 003,Standard,12,2479,14.21,1,0.8895
VEN0003,2024-09-02,Preferred Service Vendor 003,Standard,12,4257,8.45,0,1.0
VEN0003,2024-09-09,Preferred Service Vendor 003,Standard,12,8017,12.93,1,0.9535
VEN0003,2024-09-16,Preferred Service Vendor 003,Standard,12,2963,13.39,1,0.9305
VEN0003,2024-09-23,Preferred Service Vendor 003,Standard,12,3054,16.52,1,0.774
VEN0003,2024-09-30,Preferred Service Vendor 003,Standard,12,3986,9.27,0,1.0
VEN0003,2024-10-07,Preferred Service Vendor 003,Standard,12,3163,8.02,0,1.0
VEN0003,2024-10-14,Preferred Service Vendor 003,Standard,12,4924,7.01,0,1.0
VEN0003,2024-10-21,Preferred Service Vendor 003,Standard,12,2899,14.69,1,0.8655
VEN0003,2024-10-28,Preferred Service Vendor 003,Standard,12,5655,12.0,0,1.0
VEN0003,2024-11-04,Preferred Service Vendor 003,Standard,12,5891,13.17,1,0.9415
VEN0003,2024-11-11,Preferred Service Vendor 003,Standard,12,3546,7.23,0,1.0
VEN0003,2024-11-18,Preferred Service Vendor 003,Standard,12,4317,12.26,1,0.987
VEN0003,2024-11-25,Preferred Service Vendor 003,Standard,12,2961,14.03,1,0.8985
VEN0003,2024-12-02,Preferred Service Vendor 003,Standard,12,4948,8.17,0,1.0
VEN0003,2024-12-09,Preferred Service Vendor 003,Standard,12,6170,11.52,0,1.0
VEN0003,2024-12-16,Preferred Service Vendor 003,Standard,12,5402,12.6,1,0.97
VEN0003,2024-12-23,Preferred Service Vendor 003,Standard,12,3575,15.61,1,0.8195
VEN0003,2024-12-30,Preferred Service Vendor 003,Standard,12,3834,13.13,1,0.9435
VEN0004,2023-01-02,Preferred Service Vendor 004,Strategic,12,3718,12.86,1,0.957
VEN0004,2023-01-09,Preferred Service Vendor 004,Strategic,12,4530,9.86,0,1.0
VEN0004,2023-01-16,Preferred Service Vendor 004,Strategic,12,1878,16.62,1,0.769
VEN0004,2023-01-23,Preferred Service Vendor 004,Strategic,12,4452,9.55,0,1.0
VEN0004,2023-01-30,Preferred Service Vendor 004,Strategic,12,3843,11.75,0,1.0
VEN0004,2023-02-06,Preferred Service Vendor 004,Strategic,12,3647,17.63,1,0.7185
VEN0004,2023-02-13,Preferred Service Vendor 004,Strategic,12,5349,14.32,1,0.884
VEN0004,2023-02-20,Preferred Service Vendor 004,Strategic,12,3593,8.67,0,1.0
VEN0004,2023-02-27,Preferred Service Vendor 004,Strategic,12,5836,14.72,1,0.864
VEN0004,2023-03-06,Preferred Service Vendor 004,Strategic,12,4622,14.46,1,0.877
VEN0004,2023-03-13,Preferred Service Vendor 004,Strategic,12,4744,9.4,0,1.0
VEN0004,2023-03-20,Preferred Service Vendor 004,Strategic,12,5270,14.33,1,0.8835
VEN0004,2023-03-27,Preferred Service Vendor 004,Strategic,12,7006,13.83,1,0.9085
VEN0004,2023-04-03,Preferred Service Vendor 004,Strategic,12,3046,18.19,1,0.6905
VEN0004,2023-04-10,Preferred Service Vendor 004,Strategic,12,2937,14.54,1,0.873
VEN0004,2023-04-17,Preferred Service Vendor 004,Strategic,12,4399,11.46,0,1.0
VEN0004,2023-04-24,Preferred Service Vendor 004,Strategic,12,5273,16.07,1,0.7965
VEN0004,2023-05-01,Preferred Service Vendor 004,Strategic,12,4360,17.82,1,0.709
VEN0004,2023-05-08,Preferred Service Vendor 004,Strategic,12,3015,9.28,0,1.0
VEN0004,2023-05-15,Preferred Service Vendor 004,Strategic,12,5726,14.21,1,0.8895
VEN0004,2023-05-22,Preferred Service Vendor 004,Strategic,12,2750,12.63,1,0.9685
VEN0004,2023-05-29,Preferred Service Vendor 004,Strategic,12,3637,17.35,1,0.7325
VEN0004,2023-06-05,Preferred Service Vendor 004,Strategic,12,4719,14.98,1,0.851
VEN0004,2023-06-12,Preferred Service Vendor 004,Strategic,12,2382,17.39,1,0.7305
VEN0004,2023-06-19,Preferred Service Vendor 004,Strategic,12,3169,9.65,0,1.0
VEN0004,2023-06-26,Preferred Service Vendor 004,Strategic,12,3972,16.21,1,0.7895
VEN0004,2023-07-03,Preferred Service Vendor 004,Strategic,12,4346,18.16,1,0.692
VEN0004,2023-07-10,Preferred Service Vendor 004,Strategic,12,3519,10.76,0,1.0
VEN0004,2023-07-17,Preferred Service Vendor 004,Strategic,12,2337,10.41,0,1.0
VEN0004,2023-07-24,Preferred Service Vendor 004,Strategic,12,4495,9.59,0,1.0
VEN0004,2023-07-31,Preferred Service Vendor 004,Strategic,12,4617,13.61,1,0.9195
VEN0004,2023-08-07,Preferred Service Vendor 004,Strategic,12,4918,12.0,0,1.0
VEN0004,2023-08-14,Preferred Service Vendor 004,Strategic,12,3750,13.53,1,0.9235
VEN0004,2023-08-21,Preferred Service Vendor 004,Strategic,12,5698,15.91,1,0.8045
VEN0004,2023-08-28,Preferred Service Vendor 004,Strategic,12,5500,12.15,1,0.9925
VEN0004,2023-09-04,Preferred Service Vendor 004,Strategic,12,5872,13.87,1,0.9065
VEN0004,2023-09-11,Preferred Service Vendor 004,Strategic,12,5204,18.28,1,0.686
VEN0004,2023-09-18,Preferred Service Vendor 004,Strategic,12,4945,13.62,1,0.919
VEN0004,2023-09-25,Preferred Service Vendor 004,Strategic,12,3985,16.04,1,0.798
VEN0004,2023-10-02,Preferred Service Vendor 004,Strategic,12,3482,12.62,1,0.969
VEN0004,2023-10-09,Preferred Service Vendor 004,Strategic,12,5143,11.87,0,1.0
VEN0004,2023-10-16,Preferred Service Vendor 004,Strategic,12,4677,13.03,1,0.9485
VEN0004,2023-10-23,Preferred Service Vendor 004,Strategic,12,3615,15.29,1,0.8355
VEN0004,2023-10-30,Preferred Service Vendor 004,Strategic,12,3837,11.85,0,1.0
VEN0004,2023-11-06,Preferred Service Vendor 004,Strategic,12,4320,11.11,0,1.0
VEN0004,2023-11-13,Preferred Service Vendor 004,Strategic,12,5110,11.96,0,1.0
VEN0004,2023-11-20,Preferred Service Vendor 004,Strategic,12,3081,10.7,0,1.0
VEN0004,2023-11-27,Preferred Service Vendor 004,Strategic,12,4470,17.69,1,0.7155
VEN0004,2023-12-04,Preferred Service Vendor 004,Strategic,12,5844,7.39,0,1.0
VEN0004,2023-12-11,Preferred Service Vendor 004,Strategic,12,5682,13.52,1,0.924
VEN0004,2023-12-18,Preferred Service Vendor 004,Strategic,12,3850,15.43,1,0.8285
VEN0004,2023-12-25,Preferred Service Vendor 004,Strategic,12,3954,13.45,1,0.9275
VEN0004,2024-01-01,Preferred Service Vendor 004,Strategic,12,2852,17.61,1,0.7195
VEN0004,2024-01-08,Preferred Service Vendor 004,Strategic,12,5652,12.49,1,0.9755
VEN0004,2024-01-15,Preferred Service Vendor 004,Strategic,12,3470,15.35,1,0.8325
VEN0004,2024-01-22,Preferred Service Vendor 004,Strategic,12,5652,7.89,0,1.0
VEN0004,2024-01-29,Preferred Service Vendor 004,Strategic,12,3913,17.25,1,0.7375
VEN0004,2024-02-05,Preferred Service Vendor 004,Strategic,12,3050,12.68,1,0.966
VEN0004,2024-02-12,Preferred Service Vendor 004,Strategic,12,3782,16.34,1,0.783
VEN0004,2024-02-19,Preferred Service Vendor 004,Strategic,12,3440,11.13,0,1.0
VEN0004,2024-02-26,Preferred Service Vendor 004,Strategic,12,5171,9.02,0,1.0
VEN0004,2024-03-04,Preferred Service Vendor 004,Strategic,12,5550,12.32,1,0.984
VEN0004,2024-03-11,Preferred Service Vendor 004,Strategic,12,3067,16.44,1,0.778
VEN0004,2024-03-18,Preferred Service Vendor 004,Strategic,12,4906,16.66,1,0.767
VEN0004,2024-03-25,Preferred Service Vendor 004,Strategic,12,2859,17.62,1,0.719
VEN0004,2024-04-01,Preferred Service Vendor 004,Strategic,12,5215,11.85,0,1.0
VEN0004,2024-04-08,Preferred Service Vendor 004,Strategic,12,5221,12.07,1,0.9965
VEN0004,2024-04-15,Preferred Service Vendor 004,Strategic,12,4770,18.03,1,0.6985
VEN0004,2024-04-22,Preferred Service Vendor 004,Strategic,12,2703,10.95,0,1.0
VEN0004,2024-04-29,Preferred Service Vendor 004,Strategic,12,7279,10.8,0,1.0
VEN0004,2024-05-06,Preferred Service Vendor 004,Strategic,12,3325,13.15,1,0.9425
VEN0004,2024-05-13,Preferred Service Vendor 004,Strategic,12,3973,20.63,1,0.5685
VEN0004,2024-05-20,Preferred Service Vendor 004,Strategic,12,3824,18.14,1,0.693
VEN0004,2024-05-27,Preferred Service Vendor 004,Strategic,12,4250,17.74,1,0.713
VEN0004,2024-06-03,Preferred Service Vendor 004,Strategic,12,3534,11.29,0,1.0
VEN0004,2024-06-10,Preferred Service Vendor 004,Strategic,12,2682,18.57,1,0.6715
VEN0004,2024-06-17,Preferred Service Vendor 004,Strategic,12,4041,16.88,1,0.756
VEN0004,2024-06-24,Preferred Service Vendor 004,Strategic,12,3292,10.05,0,1.0
VEN0004,2024-07-01,Preferred Service Vendor 004,Strategic,12,2184,18.34,1,0.683
VEN0004,2024-07-08,Preferred Service Vendor 004,Strategic,12,6399,16.6,1,0.77
VEN0004,2024-07-15,Preferred Service Vendor 004,Strategic,12,3546,19.2,1,0.64
VEN0004,2024-07-22,Preferred Service Vendor 004,Strategic,12,4343,14.63,1,0.8685
VEN0004,2024-07-29,Preferred Service Vendor 004,Strategic,12,2474,10.28,0,1.0
VEN0004,2024-08-05,Preferred Service Vendor 004,Strategic,12,2386,14.86,1,0.857
VEN0004,2024-08-12,Preferred Service Vendor 004,Strategic,12,2607,7.94,0,1.0
VEN0004,2024-08-19,Preferred Service Vendor 004,Strategic,12,3829,11.12,0,1.0
VEN0004,2024-08-26,Preferred Service Vendor 004,Strategic,12,4855,6.88,0,1.0
VEN0004,2024-09-02,Preferred Service Vendor 004,Strategic,12,4198,19.28,1,0.636
VEN0004,2024-09-09,Preferred Service Vendor 004,Strategic,12,4857,10.98,0,1.0
VEN0004,2024-09-16,Preferred Service Vendor 004,Strategic,12,2856,13.83,1,0.9085
VEN0004,2024-09-23,Preferred Service Vendor 004,Strategic,12,2607,9.02,0,1.0
VEN0004,2024-09-30,Preferred Service Vendor 004,Strategic,12,3022,14.83,1,0.8585
VEN0004,2024-10-07,Preferred Service Vendor 004,Strategic,12,3847,18.07,1,0.6965
VEN0004,2024-10-14,Preferred Service Vendor 004,Strategic,12,4431,18.54,1,0.673
VEN0004,2024-10-21,Preferred Service Vendor 004,Strategic,12,4315,12.34,1,0.983
VEN0004,2024-10-28,Preferred Service Vendor 004,Strategic,12,2406,11.16,0,1.0
VEN0004,2024-11-04,Preferred Service Vendor 004,Strategic,12,2579,17.46,1,0.727
VEN0004,2024-11-11,Preferred Service Vendor 004,Strategic,12,4909,14.97,1,0.8515
VEN0004,2024-11-18,Preferred Service Vendor 004,Strategic,12,2973,11.23,0,1.0
VEN0004,2024-11-25,Preferred Service Vendor 004,Strategic,12,6696,11.93,0,1.0
VEN0004,2024-12-02,Preferred Service Vendor 004,Strategic,12,2566,14.54,1,0.873
VEN0004,2024-12-09,Preferred Service Vendor 004,Strategic,12,4063,17.47,1,0.7265
VEN0004,2024-12-16,Preferred Service Vendor 004,Strategic,12,3674,9.87,0,1.0
VEN0004,2024-12-23,Preferred Service Vendor 004,Strategic,12,5313,18.47,1,0.6765
VEN0004,2024-12-30,Preferred Service Vendor 004,Strategic,12,4121,16.61,1,0.7695
VEN0005,2023-01-02,Preferred Service Vendor 005,Preferred,24,5415,24.81,1,0.9595
VEN0005,2023-01-09,Preferred Service Vendor 005,Preferred,24,4184,23.9,0,1.0
VEN0005,2023-01-16,Preferred Service Vendor 005,Preferred,24,5229,34.5,1,0.475
VEN0005,2023-01-23,Preferred Service Vendor 005,Preferred,24,4441,22.59,0,1.0
VEN0005,2023-01-30,Preferred Service Vendor 005,Preferred,24,3143,15.74,0,1.0
VEN0005,2023-02-06,Preferred Service Vendor 005,Preferred,24,2252,32.69,1,0.5655
VEN0005,2023-02-13,Preferred Service Vendor 005,Preferred,24,5138,31.88,1,0.606
VEN0005,2023-02-20,Preferred Service Vendor 005,Preferred,24,5211,32.45,1,0.5775
VEN0005,2023-02-27,Preferred Service Vendor 005,Preferred,24,3383,23.91,0,1.0
VEN0005,2023-03-06,Preferred Service Vendor 005,Preferred,24,1217,30.82,1,0.659
VEN0005,2023-03-13,Preferred Service Vendor 005,Preferred,24,5941,30.98,1,0.651
VEN0005,2023-03-20,Preferred Service Vendor 005,Preferred,24,4032,16.24,0,1.0
VEN0005,2023-03-27,Preferred Service Vendor 005,Preferred,24,5404,36.49,1,0.3755
VEN0005,2023-04-03,Preferred Service Vendor 005,Preferred,24,4072,22.45,0,1.0
VEN0005,2023-04-10,Preferred Service Vendor 005,Preferred,24,2356,28.15,1,0.7925
VEN0005,2023-04-17,Preferred Service Vendor 005,Preferred,24,2534,34.37,1,0.4815
VEN0005,2023-04-24,Preferred Service Vendor 005,Preferred,24,4672,26.75,1,0.8625
VEN0005,2023-05-01,Preferred Service Vendor 005,Preferred,24,2877,26.31,1,0.8845
VEN0005,2023-05-08,Preferred Service Vendor 005,Preferred,24,3616,34.1,1,0.495
VEN0005,2023-05-15,Preferred Service Vendor 005,Preferred,24,4635,30.35,1,0.6825
VEN0005,2023-05-22,Preferred Service Vendor 005,Preferred,24,3608,15.09,0,1.0
VEN0005,2023-05-29,Preferred Service Vendor 005,Preferred,24,4055,20.53,0,1.0
VEN0005,2023-06-05,Preferred Service Vendor 005,Preferred,24,4420,34.92,1,0.454
VEN0005,2023-06-12,Preferred Service Vendor 005,Preferred,24,3913,22.46,0,1.0
VEN0005,2023-06-19,Preferred Service Vendor 005,Preferred,24,3641,25.32,1,0.934
VEN0005,2023-06-26,Preferred Service Vendor 005,Preferred,24,3865,21.22,0,1.0
VEN0005,2023-07-03,Preferred Service Vendor 005,Preferred,24,5304,17.48,0,1.0
VEN0005,2023-07-10,Preferred Service Vendor 005,Preferred,24,4495,33.25,1,0.5375
VEN0005,2023-07-17,Preferred Service Vendor 005,Preferred,24,4235,38.39,1,0.35
VEN0005,2023-07-24,Preferred Service Vendor 005,Preferred,24,6555,34.13,1,0.4935
VEN0005,2023-07-31,Preferred Service Vendor 005,Preferred,24,4167,34.39,1,0.4805
VEN0005,2023-08-07,Preferred Service Vendor 005,Preferred,24,3460,34.25,1,0.4875
VEN0005,2023-08-14,Preferred Service Vendor 005,Preferred,24,4931,32.44,1,0.578
VEN0005,2023-08-21,Preferred Service Vendor 005,Preferred,24,5028,31.14,1,0.643
VEN0005,2023-08-28,Preferred Service Vendor 005,Preferred,24,3747,26.66,1,0.867
VEN0005,2023-09-04,Preferred Service Vendor 005,Preferred,24,6630,28.59,1,0.7705
VEN0005,2023-09-11,Preferred Service Vendor 005,Preferred,24,4959,21.84,0,1.0
VEN0005,2023-09-18,Preferred Service Vendor 005,Preferred,24,4373,22.97,0,1.0
VEN0005,2023-09-25,Preferred Service Vendor 005,Preferred,24,6021,19.83,0,1.0
VEN0005,2023-10-02,Preferred Service Vendor 005,Preferred,24,4556,28.32,1,0.784
VEN0005,2023-10-09,Preferred Service Vendor 005,Preferred,24,5596,30.12,1,0.694
VEN0005,2023-10-16,Preferred Service Vendor 005,Preferred,24,4564,23.73,0,1.0
VEN0005,2023-10-23,Preferred Service Vendor 005,Preferred,24,3197,20.64,0,1.0
VEN0005,2023-10-30,Preferred Service Vendor 005,Preferred,24,4355,30.57,1,0.6715
VEN0005,2023-11-06,Preferred Service Vendor 005,Preferred,24,4807,20.7,0,1.0
VEN0005,2023-11-13,Preferred Service Vendor 005,Preferred,24,4505,28.48,1,0.776
VEN0005,2023-11-20,Preferred Service Vendor 005,Preferred,24,2033,26.35,1,0.8825
VEN0005,2023-11-27,Preferred Service Vendor 005,Preferred,24,4848,21.12,0,1.0
VEN0005,2023-12-04,Preferred Service Vendor 005,Preferred,24,2267,18.45,0,1.0
VEN0005,2023-12-11,Preferred Service Vendor 005,Preferred,24,2940,31.91,1,0.6045
VEN0005,2023-12-18,Preferred Service Vendor 005,Preferred,24,4668,37.23,1,0.35
VEN0005,2023-12-25,Preferred Service Vendor 005,Preferred,24,5573,32.02,1,0.599
VEN0005,2024-01-01,Preferred Service Vendor 005,Preferred,24,1919,26.26,1,0.887
VEN0005,2024-01-08,Preferred Service Vendor 005,Preferred,24,5424,36.25,1,0.3875
VEN0005,2024-01-15,Preferred Service Vendor 005,Preferred,24,3592,25.45,1,0.9275
VEN0005,2024-01-22,Preferred Service Vendor 005,Preferred,24,4411,31.5,1,0.625
VEN0005,2024-01-29,Preferred Service Vendor 005,Preferred,24,5296,20.45,0,1.0
VEN0005,2024-02-05,Preferred Service Vendor 005,Preferred,24,1929,30.61,1,0.6695
VEN0005,2024-02-12,Preferred Service Vendor 005,Preferred,24,3327,19.68,0,1.0
VEN0005,2024-02-19,Preferred Service Vendor 005,Preferred,24,4267,35.03,1,0.4485
VEN0005,2024-02-26,Preferred Service Vendor 005,Preferred,24,1622,24.17,1,0.9915
VEN0005,2024-03-04,Preferred Service Vendor 005,Preferred,24,3399,28.34,1,0.783
VEN0005,2024-03-11,Preferred Service Vendor 005,Preferred,24,4522,17.31,0,1.0
VEN0005,2024-03-18,Preferred Service Vendor 005,Preferred,24,4571,29.5,1,0.725
VEN0005,2024-03-25,Preferred Service Vendor 005,Preferred,24,4930,33.05,1,0.5475
VEN0005,2024-04-01,Preferred Service Vendor 005,Preferred,24,3902,33.57,1,0.5215
VEN0005,2024-04-08,Preferred Service Vendor 005,Preferred,24,5084,32.14,1,0.593
VEN0005,2024-04-15,Preferred Service Vendor 005,Preferred,24,5313,23.08,0,1.0
VEN0005,2024-04-22,Preferred Service Vendor 005,Preferred,24,4844,33.96,1,0.502
VEN0005,2024-04-29,Preferred Service Vendor 005,Preferred,24,4056,20.05,0,1.0
VEN0005,2024-05-06,Preferred Service Vendor 005,Preferred,24,3671,35.85,1,0.4075
VEN0005,2024-05-13,Preferred Service Vendor 005,Preferred,24,3752,16.37,0,1.0
VEN0005,2024-05-20,Preferred Service Vendor 005,Preferred,24,4933,18.46,0,1.0
VEN0005,2024-05-27,Preferred Service Vendor 005,Preferred,24,5561,30.71,1,0.6645
VEN0005,2024-06-03,Preferred Service Vendor 005,Preferred,24,4466,34.61,1,0.4695
VEN0005,2024-06-10,Preferred Service Vendor 005,Preferred,24,3073,24.08,1,0.996
VEN0005,2024-06-17,Preferred Service Vendor 005,Preferred,24,3582,37.19,1,0.35
VEN0005,2024-06-24,Preferred Service Vendor 005,Preferred,24,3186,28.18,1,0.791
VEN0005,2024-07-01,Preferred Service Vendor 005,Preferred,24,2994,21.85,0,1.0
VEN0005,2024-07-08,Preferred Service Vendor 005,Preferred,24,3202,18.87,0,1.0
VEN0005,2024-07-15,Preferred Service Vendor 005,Preferred,24,3553,27.1,1,0.845
VEN0005,2024-07-22,Preferred Service Vendor 005,Preferred,24,5994,19.75,0,1.0
VEN0005,2024-07-29,Preferred Service Vendor 005,Preferred,24,2343,23.23,0,1.0
VEN0005,2024-08-05,Preferred Service Vendor 005,Preferred,24,4261,25.14,1,0.943
VEN0005,2024-08-12,Preferred Service Vendor 005,Preferred,24,4102,35.96,1,0.402
VEN0005,2024-08-19,Preferred Service Vendor 005,Preferred,24,3862,35.26,1,0.437
VEN0005,2024-08-26,Preferred Service Vendor 005,Preferred,24,5288,35.94,1,0.403
VEN0005,2024-09-02,Preferred Service Vendor 005,Preferred,24,4332,19.08,0,1.0
VEN0005,2024-09-09,Preferred Service Vendor 005,Preferred,24,4043,26.58,1,0.871
VEN0005,2024-09-16,Preferred Service Vendor 005,Preferred,24,5435,37.4,1,0.35
VEN0005,2024-09-23,Preferred Service Vendor 005,Preferred,24,2262,34.87,1,0.4565
VEN0005,2024-09-30,Preferred Service Vendor 005,Preferred,24,4380,22.73,0,1.0
VEN0005,2024-10-07,Preferred Service Vendor 005,Preferred,24,3895,24.44,1,0.978
VEN0005,2024-10-14,Preferred Service Vendor 005,Preferred,24,3643,32.03,1,0.5985
VEN0005,2024-10-21,Preferred Service Vendor 005,Preferred,24,2961,25.44,1,0.928
VEN0005,2024-10-28,Preferred Service Vendor 005,Preferred,24,4546,22.0,0,1.0
VEN0005,2024-11-04,Preferred Service Vendor 005,Preferred,24,2853,23.83,0,1.0
VEN0005,2024-11-11,Preferred Service Vendor 005,Preferred,24,4059,33.92,1,0.504
VEN0005,2024-11-18,Preferred Service Vendor 005,Preferred,24,4482,22.33,0,1.0
VEN0005,2024-11-25,Preferred Service Vendor 005,Preferred,24,5216,34.38,1,0.481
VEN0005,2024-12-02,Preferred Service Vendor 005,Preferred,24,6042,15.06,0,1.0
VEN0005,2024-12-09,Preferred Service Vendor 005,Preferred,24,1174,16.32,0,1.0
VEN0005,2024-12-16,Preferred Service Vendor 005,Preferred,24,5086,28.21,1,0.7895
VEN0005,2024-12-23,Preferred Service Vendor 005,Preferred,24,4457,19.29,0,1.0
VEN0005,2024-12-30,Preferred Service Vendor 005,Preferred,24,3853,25.56,1,0.922
VEN0006,2023-01-02,Preferred Service Vendor 006,Strategic,8,4746,3.98,0,1.0
VEN0006,2023-01-09,Preferred Service Vendor 006,Strategic,8,2639,11.73,1,0.8135
VEN0006,2023-01-16,Preferred Service Vendor 006,Strategic,8,4964,11.92,1,0.804
VEN0006,2023-01-23,Preferred Service Vendor 006,Strategic,8,4544,10.97,1,0.8515
VEN0006,2023-01-30,Preferred Service Vendor 006,Strategic,8,3550,6.21,0,1.0
VEN0006,2023-02-06,Preferred Service Vendor 006,Strategic,8,4318,10.73,1,0.8635
VEN0006,2023-02-13,Preferred Service Vendor 006,Strategic,8,5626,11.39,1,0.8305
VEN0006,2023-02-20,Preferred Service Vendor 006,Strategic,8,6523,5.69,0,1.0
VEN0006,2023-02-27,Preferred Service Vendor 006,Strategic,8,4719,8.75,1,0.9625
VEN0006,2023-03-06,Preferred Service Vendor 006,Strategic,8,2029,5.46,0,1.0
VEN0006,2023-03-13,Preferred Service Vendor 006,Strategic,8,4762,6.66,0,1.0
VEN0006,2023-03-20,Preferred Service Vendor 006,Strategic,8,4117,4.31,0,1.0
VEN0006,2023-03-27,Preferred Service Vendor 006,Strategic,8,2062,9.33,1,0.9335
VEN0006,2023-04-03,Preferred Service Vendor 006,Strategic,8,2063,7.58,0,1.0
VEN0006,2023-04-10,Preferred Service Vendor 006,Strategic,8,4267,8.32,1,0.984
VEN0006,2023-04-17,Preferred Service Vendor 006,Strategic,8,5820,10.51,1,0.8745
VEN0006,2023-04-24,Preferred Service Vendor 006,Strategic,8,3280,7.55,0,1.0
VEN0006,2023-05-01,Preferred Service Vendor 006,Strategic,8,4926,6.51,0,1.0
VEN0006,2023-05-08,Preferred Service Vendor 006,Strategic,8,6780,9.64,1,0.918
VEN0006,2023-05-15,Preferred Service Vendor 006,Strategic,8,5034,7.15,0,1.0
VEN0006,2023-05-22,Preferred Service Vendor 006,Strategic,8,5420,11.69,1,0.8155
VEN0006,2023-05-29,Preferred Service Vendor 006,Strategic,8,3580,10.25,1,0.8875
VEN0006,2023-06-05,Preferred Service Vendor 006,Strategic,8,4331,10.04,1,0.898
VEN0006,2023-06-12,Preferred Service Vendor 006,Strategic,8,4157,10.87,1,0.8565
VEN0006,2023-06-19,Preferred Service Vendor 006,Strategic,8,4855,6.49,0,1.0
VEN0006,2023-06-26,Preferred Service Vendor 006,Strategic,8,3706,11.55,1,0.8225
VEN0006,2023-07-03,Preferred Service Vendor 006,Strategic,8,4086,12.37,1,0.7815
VEN0006,2023-07-10,Preferred Service Vendor 006,Strategic,8,4104,8.62,1,0.969
VEN0006,2023-07-17,Preferred Service Vendor 006,Strategic,8,3323,11.99,1,0.8005
VEN0006,2023-07-24,Preferred Service Vendor 006,Strategic,8,5083,7.65,0,1.0
VEN0006,2023-07-31,Preferred Service Vendor 006,Strategic,8,2840,7.76,0,1.0
VEN0006,2023-08-07,Preferred Service Vendor 006,Strategic,8,4990,7.92,0,1.0
VEN0006,2023-08-14,Preferred Service Vendor 006,Strategic,8,4918,11.85,1,0.8075
VEN0006,2023-08-21,Preferred Service Vendor 006,Strategic,8,5721,10.41,1,0.8795
VEN0006,2023-08-28,Preferred Service Vendor 006,Strategic,8,6034,11.64,1,0.818
VEN0006,2023-09-04,Preferred Service Vendor 006,Strategic,8,6057,10.8,1,0.86
VEN0006,2023-09-11,Preferred Service Vendor 006,Strategic,8,3145,10.2,1,0.89
VEN0006,2023-09-18,Preferred Service Vendor 006,Strategic,8,3565,8.56,1,0.972
VEN0006,2023-09-25,Preferred Service Vendor 006,Strategic,8,4018,8.64,1,0.968
VEN0006,2023-10-02,Preferred Service Vendor 006,Strategic,8,2968,7.69,0,1.0
VEN0006,2023-10-09,Preferred Service Vendor 006,Strategic,8,3102,9.18,1,0.941
VEN0006,2023-10-16,Preferred Service Vendor 006,Strategic,8,2809,6.02,0,1.0
VEN0006,2023-10-23,Preferred Service Vendor 006,Strategic,8,6204,8.54,1,0.973
VEN0006,2023-10-30,Preferred Service Vendor 006,Strategic,8,2928,8.72,1,0.964
VEN0006,2023-11-06,Preferred Service Vendor 006,Strategic,8,2427,10.98,1,0.851
VEN0006,2023-11-13,Preferred Service Vendor 006,Strategic,8,5457,6.48,0,1.0
VEN0006,2023-11-20,Preferred Service Vendor 006,Strategic,8,5695,11.09,1,0.8455
VEN0006,2023-11-27,Preferred Service Vendor 006,Strategic,8,5406,7.85,0,1.0
VEN0006,2023-12-04,Preferred Service Vendor 006,Strategic,8,4418,12.61,1,0.7695
VEN0006,2023-12-11,Preferred Service Vendor 006,Strategic,8,6232,7.37,0,1.0
VEN0006,2023-12-18,Preferred Service Vendor 006,Strategic,8,3094,7.57,0,1.0
VEN0006,2023-12-25,Preferred Service Vendor 006,Strategic,8,2365,11.76,1,0.812
VEN0006,2024-01-01,Preferred Service Vendor 006,Strategic,8,4273,9.57,1,0.9215
VEN0006,2024-01-08,Preferred Service Vendor 006,Strategic,8,3262,9.64,1,0.918
VEN0006,2024-01-15,Preferred Service Vendor 006,Strategic,8,2714,11.97,1,0.8015
VEN0006,2024-01-22,Preferred Service Vendor 006,Strategic,8,2086,6.52,0,1.0
VEN0006,2024-01-29,Preferred Service Vendor 006,Strategic,8,4800,8.2,1,0.99
VEN0006,2024-02-05,Preferred Service Vendor 006,Strategic,8,6695,11.08,1,0.846
VEN0006,2024-02-12,Preferred Service Vendor 006,Strategic,8,2788,10.77,1,0.8615
VEN0006,2024-02-19,Preferred Service Vendor 006,Strategic,8,5048,11.44,1,0.828
VEN0006,2024-02-26,Preferred Service Vendor 006,Strategic,8,4256,5.77,0,1.0
VEN0006,2024-03-04,Preferred Service Vendor 006,Strategic,8,3880,11.73,1,0.8135
VEN0006,2024-03-11,Preferred Service Vendor 006,Strategic,8,5131,12.49,1,0.7755
VEN0006,2024-03-18,Preferred Service Vendor 006,Strategic,8,7028,10.82,1,0.859
VEN0006,2024-03-25,Preferred Service Vendor 006,Strategic,8,5197,5.42,0,1.0
VEN0006,2024-04-01,Preferred Service Vendor 006,Strategic,8,4764,5.7,0,1.0
VEN0006,2024-04-08,Preferred Service Vendor 006,Strategic,8,2417,9.89,1,0.9055
VEN0006,2024-04-15,Preferred Service Vendor 006,Strategic,8,2426,10.34,1,0.883
VEN0006,2024-04-22,Preferred Service Vendor 006,Strategic,8,3269,11.59,1,0.8205
VEN0006,2024-04-29,Preferred Service Vendor 006,Strategic,8,3128,8.46,1,0.977
VEN0006,2024-05-06,Preferred Service Vendor 006,Strategic,8,4050,11.42,1,0.829
VEN0006,2024-05-13,Preferred Service Vendor 006,Strategic,8,4797,7.13,0,1.0
VEN0006,2024-05-20,Preferred Service Vendor 006,Strategic,8,4906,10.23,1,0.8885
VEN0006,2024-05-27,Preferred Service Vendor 006,Strategic,8,4070,12.8,1,0.76
VEN0006,2024-06-03,Preferred Service Vendor 006,Strategic,8,6973,5.43,0,1.0
VEN0006,2024-06-10,Preferred Service Vendor 006,Strategic,8,4157,7.98,0,1.0
VEN0006,2024-06-17,Preferred Service Vendor 006,Strategic,8,1772,12.17,1,0.7915
VEN0006,2024-06-24,Preferred Service Vendor 006,Strategic,8,4249,8.25,1,0.9875
VEN0006,2024-07-01,Preferred Service Vendor 006,Strategic,8,3668,9.85,1,0.9075
VEN0006,2024-07-08,Preferred Service Vendor 006,Strategic,8,4374,8.43,1,0.9785
VEN0006,2024-07-15,Preferred Service Vendor 006,Strategic,8,3723,8.76,1,0.962
VEN0006,2024-07-22,Preferred Service Vendor 006,Strategic,8,4318,4.73,0,1.0
VEN0006,2024-07-29,Preferred Service Vendor 006,Strategic,8,4352,9.08,1,0.946
VEN0006,2024-08-05,Preferred Service Vendor 006,Strategic,8,6375,9.96,1,0.902
VEN0006,2024-08-12,Preferred Service Vendor 006,Strategic,8,2797,10.03,1,0.8985
VEN0006,2024-08-19,Preferred Service Vendor 006,Strategic,8,2795,11.08,1,0.846
VEN0006,2024-08-26,Preferred Service Vendor 006,Strategic,8,5847,7.36,0,1.0
VEN0006,2024-09-02,Preferred Service Vendor 006,Strategic,8,7349,8.83,1,0.9585
VEN0006,2024-09-09,Preferred Service Vendor 006,Strategic,8,5466,12.28,1,0.786
VEN0006,2024-09-16,Preferred Service Vendor 006,Strategic,8,3901,12.15,1,0.7925
VEN0006,2024-09-23,Preferred Service Vendor 006,Strategic,8,4507,5.27,0,1.0
VEN0006,2024-09-30,Preferred Service Vendor 006,Strategic,8,3499,9.99,1,0.9005
VEN0006,2024-10-07,Preferred Service Vendor 006,Strategic,8,2917,11.09,1,0.8455
VEN0006,2024-10-14,Preferred Service Vendor 006,Strategic,8,6303,7.77,0,1.0
VEN0006,2024-10-21,Preferred Service Vendor 006,Strategic,8,5951,5.83,0,1.0
VEN0006,2024-10-28,Preferred Service Vendor 006,Strategic,8,1757,9.9,1,0.905
VEN0006,2024-11-04,Preferred Service Vendor 006,Strategic,8,2648,7.85,0,1.0
VEN0006,2024-11-11,Preferred Service Vendor 006,Strategic,8,6519,5.95,0,1.0
VEN0006,2024-11-18,Preferred Service Vendor 006,Strategic,8,4836,7.17,0,1.0
VEN0006,2024-11-25,Preferred Service Vendor 006,Strategic,8,2496,10.41,1,0.8795
VEN0006,2024-12-02,Preferred Service Vendor 006,Strategic,8,7192,4.57,0,1.0
VEN0006,2024-12-09,Preferred Service Vendor 006,Strategic,8,3224,6.58,0,1.0
VEN0006,2024-12-16,Preferred Service Vendor 006,Strategic,8,1921,4.94,0,1.0
VEN0006,2024-12-23,Preferred Service Vendor 006,Strategic,8,5460,9.28,1,0.936
VEN0006,2024-12-30,Preferred Service Vendor 006,Strategic,8,5076,7.53,0,1.0
VEN0007,2023-01-02,Preferred Service Vendor 007,Preferred,8,3084,9.85,1,0.9075
VEN0007,2023-01-09,Preferred Service Vendor 007,Preferred,8,3026,7.39,0,1.0
VEN0007,2023-01-16,Preferred Service Vendor 007,Preferred,8,5621,12.57,1,0.7715
VEN0007,2023-01-23,Preferred Service Vendor 007,Preferred,8,3779,6.77,0,1.0
VEN0007,2023-01-30,Preferred Service Vendor 007,Preferred,8,3486,7.74,0,1.0
VEN0007,2023-02-06,Preferred Service Vendor 007,Preferred,8,6112,9.38,1,0.931
VEN0007,2023-02-13,Preferred Service Vendor 007,Preferred,8,4155,9.19,1,0.9405
VEN0007,2023-02-20,Preferred Service Vendor 007,Preferred,8,3720,10.75,1,0.8625
VEN0007,2023-02-27,Preferred Service Vendor 007,Preferred,8,2728,8.84,1,0.958
VEN0007,2023-03-06,Preferred Service Vendor 007,Preferred,8,4422,10.97,1,0.8515
VEN0007,2023-03-13,Preferred Service Vendor 007,Preferred,8,4951,10.21,1,0.8895
VEN0007,2023-03-20,Preferred Service Vendor 007,Preferred,8,3856,11.51,1,0.8245
VEN0007,2023-03-27,Preferred Service Vendor 007,Preferred,8,4557,7.72,0,1.0
VEN0007,2023-04-03,Preferred Service Vendor 007,Preferred,8,4426,10.64,1,0.868
VEN0007,2023-04-10,Preferred Service Vendor 007,Preferred,8,3167,4.07,0,1.0
VEN0007,2023-04-17,Preferred Service Vendor 007,Preferred,8,1909,11.04,1,0.848
VEN0007,2023-04-24,Preferred Service Vendor 007,Preferred,8,3561,5.6,0,1.0
VEN0007,2023-05-01,Preferred Service Vendor 007,Preferred,8,1912,12.55,1,0.7725
VEN0007,2023-05-08,Preferred Service Vendor 007,Preferred,8,3353,10.8,1,0.86
VEN0007,2023-05-15,Preferred Service Vendor 007,Preferred,8,4377,11.49,1,0.8255
VEN0007,2023-05-22,Preferred Service Vendor 007,Preferred,8,2478,9.21,1,0.9395
VEN0007,2023-05-29,Preferred Service Vendor 007,Preferred,8,7065,9.89,1,0.9055
VEN0007,2023-06-05,Preferred Service Vendor 007,Preferred,8,2617,8.56,1,0.972
VEN0007,2023-06-12,Preferred Service Vendor 007,Preferred,8,7137,9.23,1,0.9385
VEN0007,2023-06-19,Preferred Service Vendor 007,Preferred,8,4367,6.59,0,1.0
VEN0007,2023-06-26,Preferred Service Vendor 007,Preferred,8,6107,11.44,1,0.828
VEN0007,2023-07-03,Preferred Service Vendor 007,Preferred,8,3610,8.3,1,0.985
VEN0007,2023-07-10,Preferred Service Vendor 007,Preferred,8,5825,8.2,1,0.99
VEN0007,2023-07-17,Preferred Service Vendor 007,Preferred,8,2066,9.72,1,0.914
VEN0007,2023-07-24,Preferred Service Vendor 007,Preferred,8,5059,6.17,0,1.0
VEN0007,2023-07-31,Preferred Service Vendor 007,Preferred,8,4590,4.52,0,1.0
VEN0007,2023-08-07,Preferred Service Vendor 007,Preferred,8,4474,10.97,1,0.8515
VEN0007,2023-08-14,Preferred Service Vendor 007,Preferred,8,3685,9.3,1,0.935
VEN0007,2023-08-21,Preferred Service Vendor 007,Preferred,8,2025,8.96,1,0.952
VEN0007,2023-08-28,Preferred Service Vendor 007,Preferred,8,4497,10.22,1,0.889
VEN0007,2023-09-04,Preferred Service Vendor 007,Preferred,8,5022,10.52,1,0.874
VEN0007,2023-09-11,Preferred Service Vendor 007,Preferred,8,3296,10.44,1,0.878
VEN0007,2023-09-18,Preferred Service Vendor 007,Preferred,8,4151,9.41,1,0.9295
VEN0007,2023-09-25,Preferred Service Vendor 007,Preferred,8,5502,8.52,1,0.974
VEN0007,2023-10-02,Preferred Service Vendor 007,Preferred,8,6052,6.25,0,1.0
VEN0007,2023-10-09,Preferred Service Vendor 007,Preferred,8,4557,12.66,1,0.767
VEN0007,2023-10-16,Preferred Service Vendor 007,Preferred,8,3098,12.59,1,0.7705
VEN0007,2023-10-23,Preferred Service Vendor 007,Preferred,8,3211,10.45,1,0.8775
VEN0007,2023-10-30,Preferred Service Vendor 007,Preferred,8,2198,5.2,0,1.0
VEN0007,2023-11-06,Preferred Service Vendor 007,Preferred,8,3997,5.56,0,1.0
VEN0007,2023-11-13,Preferred Service Vendor 007,Preferred,8,2084,7.82,0,1.0
VEN0007,2023-11-20,Preferred Service Vendor 007,Preferred,8,3677,6.8,0,1.0
VEN0007,2023-11-27,Preferred Service Vendor 007,Preferred,8,3903,9.03,1,0.9485
VEN0007,2023-12-04,Preferred Service Vendor 007,Preferred,8,6335,7.84,0,1.0
VEN0007,2023-12-11,Preferred Service Vendor 007,Preferred,8,7346,9.19,1,0.9405
VEN0007,2023-12-18,Preferred Service Vendor 007,Preferred,8,5306,7.41,0,1.0
VEN0007,2023-12-25,Preferred Service Vendor 007,Preferred,8,3011,12.41,1,0.7795
VEN0007,2024-01-01,Preferred Service Vendor 007,Preferred,8,3870,6.27,0,1.0
VEN0007,2024-01-08,Preferred Service Vendor 007,Preferred,8,2121,9.01,1,0.9495
VEN0007,2024-01-15,Preferred Service Vendor 007,Preferred,8,4859,9.84,1,0.908
VEN0007,2024-01-22,Preferred Service Vendor 007,Preferred,8,3730,8.71,1,0.9645
VEN0007,2024-01-29,Preferred Service Vendor 007,Preferred,8,4144,5.5,0,1.0
VEN0007,2024-02-05,Preferred Service Vendor 007,Preferred,8,6449,6.4,0,1.0
VEN0007,2024-02-12,Preferred Service Vendor 007,Preferred,8,2053,6.18,0,1.0
VEN0007,2024-02-19,Preferred Service Vendor 007,Preferred,8,4680,9.17,1,0.9415
VEN0007,2024-02-26,Preferred Service Vendor 007,Preferred,8,6015,7.68,0,1.0
VEN0007,2024-03-04,Preferred Service Vendor 007,Preferred,8,4437,5.14,0,1.0
VEN0007,2024-03-11,Preferred Service Vendor 007,Preferred,8,3349,10.19,1,0.8905
VEN0007,2024-03-18,Preferred Service Vendor 007,Preferred,8,4106,12.65,1,0.7675
VEN0007,2024-03-25,Preferred Service Vendor 007,Preferred,8,3872,5.18,0,1.0
VEN0007,2024-04-01,Preferred Service Vendor 007,Preferred,8,4511,10.69,1,0.8655
VEN0007,2024-04-08,Preferred Service Vendor 007,Preferred,8,4931,8.09,1,0.9955
VEN0007,2024-04-15,Preferred Service Vendor 007,Preferred,8,3398,11.26,1,0.837
VEN0007,2024-04-22,Preferred Service Vendor 007,Preferred,8,4113,10.04,1,0.898
VEN0007,2024-04-29,Preferred Service Vendor 007,Preferred,8,3157,9.1,1,0.945
VEN0007,2024-05-06,Preferred Service Vendor 007,Preferred,8,4025,8.35,1,0.9825
VEN0007,2024-05-13,Preferred Service Vendor 007,Preferred,8,3471,6.05,0,1.0
VEN0007,2024-05-20,Preferred Service Vendor 007,Preferred,8,2904,10.21,1,0.8895
VEN0007,2024-05-27,Preferred Service Vendor 007,Preferred,8,5219,10.8,1,0.86
VEN0007,2024-06-03,Preferred Service Vendor 007,Preferred,8,5533,11.64,1,0.818
VEN0007,2024-06-10,Preferred Service Vendor 007,Preferred,8,5288,7.44,0,1.0
VEN0007,2024-06-17,Preferred Service Vendor 007,Preferred,8,5292,7.45,0,1.0
VEN0007,2024-06-24,Preferred Service Vendor 007,Preferred,8,5436,10.21,1,0.8895
VEN0007,2024-07-01,Preferred Service Vendor 007,Preferred,8,3778,10.62,1,0.869
VEN0007,2024-07-08,Preferred Service Vendor 007,Preferred,8,4380,5.39,0,1.0
VEN0007,2024-07-15,Preferred Service Vendor 007,Preferred,8,2010,10.1,1,0.895
VEN0007,2024-07-22,Preferred Service Vendor 007,Preferred,8,5266,9.47,1,0.9265
VEN0007,2024-07-29,Preferred Service Vendor 007,Preferred,8,3469,6.22,0,1.0
VEN0007,2024-08-05,Preferred Service Vendor 007,Preferred,8,2982,7.29,0,1.0
VEN0007,2024-08-12,Preferred Service Vendor 007,Preferred,8,4977,4.79,0,1.0
VEN0007,2024-08-19,Preferred Service Vendor 007,Preferred,8,4545,7.75,0,1.0
VEN0007,2024-08-26,Preferred Service Vendor 007,Preferred,8,5073,10.49,1,0.8755
VEN0007,2024-09-02,Preferred Service Vendor 007,Preferred,8,4681,9.6,1,0.92
VEN0007,2024-09-09,Preferred Service Vendor 007,Preferred,8,5622,7.31,0,1.0
VEN0007,2024-09-16,Preferred Service Vendor 007,Preferred,8,3926,8.72,1,0.964
VEN0007,2024-09-23,Preferred Service Vendor 007,Preferred,8,3456,12.65,1,0.7675
VEN0007,2024-09-30,Preferred Service Vendor 007,Preferred,8,3680,12.14,1,0.793
VEN0007,2024-10-07,Preferred Service Vendor 007,Preferred,8,3783,7.41,0,1.0
VEN0007,2024-10-14,Preferred Service Vendor 007,Preferred,8,3424,7.48,0,1.0
VEN0007,2024-10-21,Preferred Service Vendor 007,Preferred,8,4762,8.09,1,0.9955
VEN0007,2024-10-28,Preferred Service Vendor 007,Preferred,8,3746,6.31,0,1.0
VEN0007,2024-11-04,Preferred Service Vendor 007,Preferred,8,4960,8.22,1,0.989
VEN0007,2024-11-11,Preferred Service Vendor 007,Preferred,8,4770,9.75,1,0.9125
VEN0007,2024-11-18,Preferred Service Vendor 007,Preferred,8,3960,10.94,1,0.853
VEN0007,2024-11-25,Preferred Service Vendor 007,Preferred,8,3516,5.19,0,1.0
VEN0007,2024-12-02,Preferred Service Vendor 007,Preferred,8,3426,7.72,0,1.0
VEN0007,2024-12-09,Preferred Service Vendor 007,Preferred,8,5075,11.94,1,0.803
VEN0007,2024-12-16,Preferred Service Vendor 007,Preferred,8,4805,12.25,1,0.7875
VEN0007,2024-12-23,Preferred Service Vendor 007,Preferred,8,4225,4.91,0,1.0
VEN0007,2024-12-30,Preferred Service Vendor 007,Preferred,8,4829,8.52,1,0.974
VEN0008,2023-01-02,Preferred Service Vendor 008,Standard,12,1230,11.39,0,1.0
VEN0008,2023-01-09,Preferred Service Vendor 008,Standard,12,3337,10.9,0,1.0
VEN0008,2023-01-16,Preferred Service Vendor 008,Standard,12,3545,16.47,1,0.7765
VEN0008,2023-01-23,Preferred Service Vendor 008,Standard,12,7076,16.01,1,0.7995
VEN0008,2023-01-30,Preferred Service Vendor 008,Standard,12,3234,12.92,1,0.954
VEN0008,2023-02-06,Preferred Service Vendor 008,Standard,12,3129,11.64,0,1.0
VEN0008,2023-02-13,Preferred Service Vendor 008,Standard,12,6298,12.98,1,0.951
VEN0008,2023-02-20,Preferred Service Vendor 008,Standard,12,3730,7.22,0,1.0
VEN0008,2023-02-27,Preferred Service Vendor 008,Standard,12,3314,8.77,0,1.0
VEN0008,2023-03-06,Preferred Service Vendor 008,Standard,12,3253,8.01,0,1.0
VEN0008,2023-03-13,Preferred Service Vendor 008,Standard,12,3251,7.77,0,1.0
VEN0008,2023-03-20,Preferred Service Vendor 008,Standard,12,5509,7.38,0,1.0
VEN0008,2023-03-27,Preferred Service Vendor 008,Standard,12,3558,17.72,1,0.714
VEN0008,2023-04-03,Preferred Service Vendor 008,Standard,12,2574,8.61,0,1.0
VEN0008,2023-04-10,Preferred Service Vendor 008,Standard,12,4321,15.82,1,0.809
VEN0008,2023-04-17,Preferred Service Vendor 008,Standard,12,4974,15.33,1,0.8335
VEN0008,2023-04-24,Preferred Service Vendor 008,Standard,12,4679,18.19,1,0.6905
VEN0008,2023-05-01,Preferred Service Vendor 008,Standard,12,5228,8.47,0,1.0
VEN0008,2023-05-08,Preferred Service Vendor 008,Standard,12,2470,14.82,1,0.859
VEN0008,2023-05-15,Preferred Service Vendor 008,Standard,12,3579,16.07,1,0.7965
VEN0008,2023-05-22,Preferred Service Vendor 008,Standard,12,5880,7.62,0,1.0
VEN0008,2023-05-29,Preferred Service Vendor 008,Standard,12,5914,8.03,0,1.0
VEN0008,2023-06-05,Preferred Service Vendor 008,Standard,12,5906,17.03,1,0.7485
VEN0008,2023-06-12,Preferred Service Vendor 008,Standard,12,4817,13.86,1,0.907
VEN0008,2023-06-19,Preferred Service Vendor 008,Standard,12,4820,18.81,1,0.6595
VEN0008,2023-06-26,Preferred Service Vendor 008,Standard,12,7318,9.83,0,1.0
VEN0008,2023-07-03,Preferred Service Vendor 008,Standard,12,5745,8.92,0,1.0
VEN0008,2023-07-10,Preferred Service Vendor 008,Standard,12,3321,16.88,1,0.756
VEN0008,2023-07-17,Preferred Service Vendor 008,Standard,12,2903,8.6,0,1.0
VEN0008,2023-07-24,Preferred Service Vendor 008,Standard,12,1477,13.69,1,0.9155
VEN0008,2023-07-31,Preferred Service Vendor 008,Standard,12,3930,12.05,1,0.9975
VEN0008,2023-08-07,Preferred Service Vendor 008,Standard,12,4013,14.44,1,0.878
VEN0008,2023-08-14,Preferred Service Vendor 008,Standard,12,3862,11.26,0,1.0
VEN0008,2023-08-21,Preferred Service Vendor 008,Standard,12,2833,14.43,1,0.8785
VEN0008,2023-08-28,Preferred Service Vendor 008,Standard,12,3394,8.37,0,1.0
VEN0008,2023-09-04,Preferred Service Vendor 008,Standard,12,3518,19.22,1,0.639
VEN0008,2023-09-11,Preferred Service Vendor 008,Standard,12,3616,16.02,1,0.799
VEN0008,2023-09-18,Preferred Service Vendor 008,Standard,12,6313,12.15,1,0.9925
VEN0008,2023-09-25,Preferred Service Vendor 008,Standard,12,4741,14.53,1,0.8735
VEN0008,2023-10-02,Preferred Service Vendor 008,Standard,12,4600,11.69,0,1.0
VEN0008,2023-10-09,Preferred Service Vendor 008,Standard,12,7151,16.54,1,0.773
VEN0008,2023-10-16,Preferred Service Vendor 008,Standard,12,7124,16.32,1,0.784
VEN0008,2023-10-23,Preferred Service Vendor 008,Standard,12,3452,7.58,0,1.0
VEN0008,2023-10-30,Preferred Service Vendor 008,Standard,12,5537,12.95,1,0.9525
VEN0008,2023-11-06,Preferred Service Vendor 008,Standard,12,5592,8.56,0,1.0
VEN0008,2023-11-13,Preferred Service Vendor 008,Standard,12,2412,17.17,1,0.7415
VEN0008,2023-11-20,Preferred Service Vendor 008,Standard,12,3455,9.42,0,1.0
VEN0008,2023-11-27,Preferred Service Vendor 008,Standard,12,3163,12.3,1,0.985
VEN0008,2023-12-04,Preferred Service Vendor 008,Standard,12,5166,14.18,1,0.891
VEN0008,2023-12-11,Preferred Service Vendor 008,Standard,12,4332,14.83,1,0.8585
VEN0008,2023-12-18,Preferred Service Vendor 008,Standard,12,5409,15.34,1,0.833
VEN0008,2023-12-25,Preferred Service Vendor 008,Standard,12,4527,12.4,1,0.98
VEN0008,2024-01-01,Preferred Service Vendor 008,Standard,12,3091,12.13,1,0.9935
VEN0008,2024-01-08,Preferred Service Vendor 008,Standard,12,4215,19.41,1,0.6295
VEN0008,2024-01-15,Preferred Service Vendor 008,Standard,12,3299,7.22,0,1.0
VEN0008,2024-01-22,Preferred Service Vendor 008,Standard,12,2792,10.24,0,1.0
VEN0008,2024-01-29,Preferred Service Vendor 008,Standard,12,3538,8.59,0,1.0
VEN0008,2024-02-05,Preferred Service Vendor 008,Standard,12,5384,14.66,1,0.867
VEN0008,2024-02-12,Preferred Service Vendor 008,Standard,12,4046,16.87,1,0.7565
VEN0008,2024-02-19,Preferred Service Vendor 008,Standard,12,5029,16.41,1,0.7795
VEN0008,2024-02-26,Preferred Service Vendor 008,Standard,12,3300,15.38,1,0.831
VEN0008,2024-03-04,Preferred Service Vendor 008,Standard,12,5315,13.53,1,0.9235
VEN0008,2024-03-11,Preferred Service Vendor 008,Standard,12,4746,8.89,0,1.0
VEN0008,2024-03-18,Preferred Service Vendor 008,Standard,12,6023,14.64,1,0.868
VEN0008,2024-03-25,Preferred Service Vendor 008,Standard,12,3237,18.37,1,0.6815
VEN0008,2024-04-01,Preferred Service Vendor 008,Standard,12,3133,8.9,0,1.0
VEN0008,2024-04-08,Preferred Service Vendor 008,Standard,12,4648,11.65,0,1.0
VEN0008,2024-04-15,Preferred Service Vendor 008,Standard,12,3592,15.68,1,0.816
VEN0008,2024-04-22,Preferred Service Vendor 008,Standard,12,4617,8.47,0,1.0
VEN0008,2024-04-29,Preferred Service Vendor 008,Standard,12,3337,17.21,1,0.7395
VEN0008,2024-05-06,Preferred Service Vendor 008,Standard,12,4769,11.26,0,1.0
VEN0008,2024-05-13,Preferred Service Vendor 008,Standard,12,3592,9.19,0,1.0
VEN0008,2024-05-20,Preferred Service Vendor 008,Standard,12,3524,17.74,1,0.713
VEN0008,2024-05-27,Preferred Service Vendor 008,Standard,12,4698,11.95,0,1.0
VEN0008,2024-06-03,Preferred Service Vendor 008,Standard,12,5587,11.94,0,1.0
VEN0008,2024-06-10,Preferred Service Vendor 008,Standard,12,2570,15.39,1,0.8305
VEN0008,2024-06-17,Preferred Service Vendor 008,Standard,12,3833,18.33,1,0.6835
VEN0008,2024-06-24,Preferred Service Vendor 008,Standard,12,4920,18.16,1,0.692
VEN0008,2024-07-01,Preferred Service Vendor 008,Standard,12,4026,15.83,1,0.8085
VEN0008,2024-07-08,Preferred Service Vendor 008,Standard,12,2352,9.8,0,1.0
VEN0008,2024-07-15,Preferred Service Vendor 008,Standard,12,4599,19.04,1,0.648
VEN0008,2024-07-22,Preferred Service Vendor 008,Standard,12,3897,10.38,0,1.0
VEN0008,2024-07-29,Preferred Service Vendor 008,Standard,12,3224,18.58,1,0.671
VEN0008,2024-08-05,Preferred Service Vendor 008,Standard,12,6840,9.1,0,1.0
VEN0008,2024-08-12,Preferred Service Vendor 008,Standard,12,4363,17.88,1,0.706
VEN0008,2024-08-19,Preferred Service Vendor 008,Standard,12,5420,13.24,1,0.938
VEN0008,2024-08-26,Preferred Service Vendor 008,Standard,12,4791,11.52,0,1.0
VEN0008,2024-09-02,Preferred Service Vendor 008,Standard,12,3649,15.77,1,0.8115
VEN0008,2024-09-09,Preferred Service Vendor 008,Standard,12,4770,9.7,0,1.0
VEN0008,2024-09-16,Preferred Service Vendor 008,Standard,12,4003,6.66,0,1.0
VEN0008,2024-09-23,Preferred Service Vendor 008,Standard,12,4977,19.84,1,0.608
VEN0008,2024-09-30,Preferred Service Vendor 008,Standard,12,4470,8.66,0,1.0
VEN0008,2024-10-07,Preferred Service Vendor 008,Standard,12,5009,18.41,1,0.6795
VEN0008,2024-10-14,Preferred Service Vendor 008,Standard,12,4784,16.68,1,0.766
VEN0008,2024-10-21,Preferred Service Vendor 008,Standard,12,3187,8.93,0,1.0
VEN0008,2024-10-28,Preferred Service Vendor 008,Standard,12,2963,17.2,1,0.74
VEN0008,2024-11-04,Preferred Service Vendor 008,Standard,12,6413,15.7,1,0.815
VEN0008,2024-11-11,Preferred Service Vendor 008,Standard,12,4303,16.45,1,0.7775
VEN0008,2024-11-18,Preferred Service Vendor 008,Standard,12,4611,14.73,1,0.8635
VEN0008,2024-11-25,Preferred Service Vendor 008,Standard,12,4339,11.82,0,1.0
VEN0008,2024-12-02,Preferred Service Vendor 008,Standard,12,4016,11.58,0,1.0
VEN0008,2024-12-09,Preferred Service Vendor 008,Standard,12,3773,8.8,0,1.0
VEN0008,2024-12-16,Preferred Service Vendor 008,Standard,12,4022,13.94,1,0.903
VEN0008,2024-12-23,Preferred Service Vendor 008,Standard,12,4134,16.49,1,0.7755
VEN0008,2024-12-30,Preferred Service Vendor 008,Standard,12,3321,17.81,1,0.7095
VEN0009,2023-01-02,Preferred Service Vendor 009,Standard,8,3913,7.52,0,1.0
VEN0009,2023-01-09,Preferred Service Vendor 009,Standard,8,2779,11.97,1,0.8015
VEN0009,2023-01-16,Preferred Service Vendor 009,Standard,8,5415,7.77,0,1.0
VEN0009,2023-01-23,Preferred Service Vendor 009,Standard,8,2477,10.68,1,0.866
VEN0009,2023-01-30,Preferred Service Vendor 009,Standard,8,4672,11.6,1,0.82
VEN0009,2023-02-06,Preferred Service Vendor 009,Standard,8,3318,7.62,0,1.0
VEN0009,2023-02-13,Preferred Service Vendor 009,Standard,8,3902,5.73,0,1.0
VEN0009,2023-02-20,Preferred Service Vendor 009,Standard,8,3036,11.91,1,0.8045
VEN0009,2023-02-27,Preferred Service Vendor 009,Standard,8,4831,6.18,0,1.0
VEN0009,2023-03-06,Preferred Service Vendor 009,Standard,8,3575,12.09,1,0.7955
VEN0009,2023-03-13,Preferred Service Vendor 009,Standard,8,5183,6.4,0,1.0
VEN0009,2023-03-20,Preferred Service Vendor 009,Standard,8,4142,6.04,0,1.0
VEN0009,2023-03-27,Preferred Service Vendor 009,Standard,8,4970,10.52,1,0.874
VEN0009,2023-04-03,Preferred Service Vendor 009,Standard,8,4753,11.59,1,0.8205
VEN0009,2023-04-10,Preferred Service Vendor 009,Standard,8,4473,11.15,1,0.8425
VEN0009,2023-04-17,Preferred Service Vendor 009,Standard,8,4551,10.46,1,0.877
VEN0009,2023-04-24,Preferred Service Vendor 009,Standard,8,2768,7.41,0,1.0
VEN0009,2023-05-01,Preferred Service Vendor 009,Standard,8,5420,9.86,1,0.907
VEN0009,2023-05-08,Preferred Service Vendor 009,Standard,8,5960,11.46,1,0.827
VEN0009,2023-05-15,Preferred Service Vendor 009,Standard,8,4563,8.9,1,0.955
VEN0009,2023-05-22,Preferred Service Vendor 009,Standard,8,4349,7.6,0,1.0
VEN0009,2023-05-29,Preferred Service Vendor 009,Standard,8,5407,9.14,1,0.943
VEN0009,2023-06-05,Preferred Service Vendor 009,Standard,8,5398,8.41,1,0.9795
VEN0009,2023-06-12,Preferred Service Vendor 009,Standard,8,3424,7.58,0,1.0
VEN0009,2023-06-19,Preferred Service Vendor 009,Standard,8,4177,6.36,0,1.0
VEN0009,2023-06-26,Preferred Service Vendor 009,Standard,8,4384,7.48,0,1.0
VEN0009,2023-07-03,Preferred Service Vendor 009,Standard,8,5362,8.86,1,0.957
VEN0009,2023-07-10,Preferred Service Vendor 009,Standard,8,3653,5.92,0,1.0
VEN0009,2023-07-17,Preferred Service Vendor 009,Standard,8,3996,8.8,1,0.96
VEN0009,2023-07-24,Preferred Service Vendor 009,Standard,8,3267,8.28,1,0.986
VEN0009,2023-07-31,Preferred Service Vendor 009,Standard,8,5165,7.41,0,1.0
VEN0009,2023-08-07,Preferred Service Vendor 009,Standard,8,1064,7.45,0,1.0
VEN0009,2023-08-14,Preferred Service Vendor 009,Standard,8,4533,7.24,0,1.0
VEN0009,2023-08-21,Preferred Service Vendor 009,Standard,8,2694,8.67,1,0.9665
VEN0009,2023-08-28,Preferred Service Vendor 009,Standard,8,5177,9.28,1,0.936
VEN0009,2023-09-04,Preferred Service Vendor 009,Standard,8,2936,6.2,0,1.0
VEN0009,2023-09-11,Preferred Service Vendor 009,Standard,8,3977,12.23,1,0.7885
VEN0009,2023-09-18,Preferred Service Vendor 009,Standard,8,3803,10.83,1,0.8585
VEN0009,2023-09-25,Preferred Service Vendor 009,Standard,8,4728,6.07,0,1.0
VEN0009,2023-10-02,Preferred Service Vendor 009,Standard,8,4730,12.33,1,0.7835
VEN0009,2023-10-09,Preferred Service Vendor 009,Standard,8,5778,8.57,1,0.9715
VEN0009,2023-10-16,Preferred Service Vendor 009,Standard,8,3548,8.78,1,0.961
VEN0009,2023-10-23,Preferred Service Vendor 009,Standard,8,5569,9.42,1,0.929
VEN0009,2023-10-30,Preferred Service Vendor 009,Standard,8,4388,5.55,0,1.0
VEN0009,2023-11-06,Preferred Service Vendor 009,Standard,8,4209,5.82,0,1.0
VEN0009,2023-11-13,Preferred Service Vendor 009,Standard,8,3935,9.66,1,0.917
VEN0009,2023-11-20,Preferred Service Vendor 009,Standard,8,4527,8.57,1,0.9715
VEN0009,2023-11-27,Preferred Service Vendor 009,Standard,8,4187,8.28,1,0.986
VEN0009,2023-12-04,Preferred Service Vendor 009,Standard,8,2909,4.39,0,1.0
VEN0009,2023-12-11,Preferred Service Vendor 009,Standard,8,2088,6.91,0,1.0
VEN0009,2023-12-18,Preferred Service Vendor 009,Standard,8,4087,8.23,1,0.9885
VEN0009,2023-12-25,Preferred Service Vendor 009,Standard,8,5073,10.79,1,0.8605
VEN0009,2024-01-01,Preferred Service Vendor 009,Standard,8,4606,6.06,0,1.0
VEN0009,2024-01-08,Preferred Service Vendor 009,Standard,8,4495,11.52,1,0.824
VEN0009,2024-01-15,Preferred Service Vendor 009,Standard,8,4108,4.88,0,1.0
VEN0009,2024-01-22,Preferred Service Vendor 009,Standard,8,5444,8.33,1,0.9835
VEN0009,2024-01-29,Preferred Service Vendor 009,Standard,8,3737,4.33,0,1.0
VEN0009,2024-02-05,Preferred Service Vendor 009,Standard,8,3129,4.14,0,1.0
VEN0009,2024-02-12,Preferred Service Vendor 009,Standard,8,5775,11.98,1,0.801
VEN0009,2024-02-19,Preferred Service Vendor 009,Standard,8,2302,10.33,1,0.8835
VEN0009,2024-02-26,Preferred Service Vendor 009,Standard,8,4800,10.28,1,0.886
VEN0009,2024-03-04,Preferred Service Vendor 009,Standard,8,5001,6.66,0,1.0
VEN0009,2024-03-11,Preferred Service Vendor 009,Standard,8,3915,6.99,0,1.0
VEN0009,2024-03-18,Preferred Service Vendor 009,Standard,8,1947,11.25,1,0.8375
VEN0009,2024-03-25,Preferred Service Vendor 009,Standard,8,4803,7.43,0,1.0
VEN0009,2024-04-01,Preferred Service Vendor 009,Standard,8,4239,6.91,0,1.0
VEN0009,2024-04-08,Preferred Service Vendor 009,Standard,8,4181,5.59,0,1.0
VEN0009,2024-04-15,Preferred Service Vendor 009,Standard,8,3101,5.25,0,1.0
VEN0009,2024-04-22,Preferred Service Vendor 009,Standard,8,6488,11.66,1,0.817
VEN0009,2024-04-29,Preferred Service Vendor 009,Standard,8,5241,12.31,1,0.7845
VEN0009,2024-05-06,Preferred Service Vendor 009,Standard,8,5050,10.25,1,0.8875
VEN0009,2024-05-13,Preferred Service Vendor 009,Standard,8,2667,10.58,1,0.871
VEN0009,2024-05-20,Preferred Service Vendor 009,Standard,8,5989,9.44,1,0.928
VEN0009,2024-05-27,Preferred Service Vendor 009,Standard,8,4298,9.98,1,0.901
VEN0009,2024-06-03,Preferred Service Vendor 009,Standard,8,4595,6.63,0,1.0
VEN0009,2024-06-10,Preferred Service Vendor 009,Standard,8,3977,8.75,1,0.9625
VEN0009,2024-06-17,Preferred Service Vendor 009,Standard,8,5380,4.22,0,1.0
VEN0009,2024-06-24,Preferred Service Vendor 009,Standard,8,4334,10.64,1,0.868
VEN0009,2024-07-01,Preferred Service Vendor 009,Standard,8,4134,5.41,0,1.0
VEN0009,2024-07-08,Preferred Service Vendor 009,Standard,8,3477,7.95,0,1.0
VEN0009,2024-07-15,Preferred Service Vendor 009,Standard,8,2652,8.59,1,0.9705
VEN0009,2024-07-22,Preferred Service Vendor 009,Standard,8,2523,8.83,1,0.9585
VEN0009,2024-07-29,Preferred Service Vendor 009,Standard,8,3393,10.96,1,0.852
VEN0009,2024-08-05,Preferred Service Vendor 009,Standard,8,3209,6.77,0,1.0
VEN0009,2024-08-12,Preferred Service Vendor 009,Standard,8,7296,12.71,1,0.7645
VEN0009,2024-08-19,Preferred Service Vendor 009,Standard,8,4969,8.37,1,0.9815
VEN0009,2024-08-26,Preferred Service Vendor 009,Standard,8,4672,5.83,0,1.0
VEN0009,2024-09-02,Preferred Service Vendor 009,Standard,8,5451,13.91,1,0.7045
VEN0009,2024-09-09,Preferred Service Vendor 009,Standard,8,3699,7.04,0,1.0
VEN0009,2024-09-16,Preferred Service Vendor 009,Standard,8,4250,7.58,0,1.0
VEN0009,2024-09-23,Preferred Service Vendor 009,Standard,8,3271,6.02,0,1.0
VEN0009,2024-09-30,Preferred Service Vendor 009,Standard,8,5267,11.94,1,0.803
VEN0009,2024-10-07,Preferred Service Vendor 009,Standard,8,6140,9.16,1,0.942
VEN0009,2024-10-14,Preferred Service Vendor 009,Standard,8,3242,8.27,1,0.9865
VEN0009,2024-10-21,Preferred Service Vendor 009,Standard,8,4196,9.4,1,0.93
VEN0009,2024-10-28,Preferred Service Vendor 009,Standard,8,4299,8.59,1,0.9705
VEN0009,2024-11-04,Preferred Service Vendor 009,Standard,8,5029,11.27,1,0.8365
VEN0009,2024-11-11,Preferred Service Vendor 009,Standard,8,5829,7.61,0,1.0
VEN0009,2024-11-18,Preferred Service Vendor 009,Standard,8,2972,11.72,1,0.814
VEN0009,2024-11-25,Preferred Service Vendor 009,Standard,8,2414,9.77,1,0.9115
VEN0009,2024-12-02,Preferred Service Vendor 009,Standard,8,3076,5.06,0,1.0
VEN0009,2024-12-09,Preferred Service Vendor 009,Standard,8,2844,5.68,0,1.0
VEN0009,2024-12-16,Preferred Service Vendor 009,Standard,8,2118,8.09,1,0.9955
VEN0009,2024-12-23,Preferred Service Vendor 009,Standard,8,4770,9.14,1,0.943
VEN0009,2024-12-30,Preferred Service Vendor 009,Standard,8,4159,9.84,1,0.908
VEN0010,2023-01-02,Preferred Service Vendor 010,Strategic,8,2600,5.25,0,1.0
VEN0010,2023-01-09,Preferred Service Vendor 010,Strategic,8,5881,7.78,0,1.0
VEN0010,2023-01-16,Preferred Service Vendor 010,Strategic,8,4796,6.99,0,1.0
VEN0010,2023-01-23,Preferred Service Vendor 010,Strategic,8,4122,8.58,1,0.971
VEN0010,2023-01-30,Preferred Service Vendor 010,Strategic,8,3227,9.18,1,0.941
VEN0010,2023-02-06,Preferred Service Vendor 010,Strategic,8,5709,5.36,0,1.0
VEN0010,2023-02-13,Preferred Service Vendor 010,Strategic,8,5440,8.98,1,0.951
VEN0010,2023-02-20,Preferred Service Vendor 010,Strategic,8,4496,10.84,1,0.858
VEN0010,2023-02-27,Preferred Service Vendor 010,Strategic,8,5232,10.53,1,0.8735
VEN0010,2023-03-06,Preferred Service Vendor 010,Strategic,8,4636,7.88,0,1.0
VEN0010,2023-03-13,Preferred Service Vendor 010,Strategic,8,1319,7.3,0,1.0
VEN0010,2023-03-20,Preferred Service Vendor 010,Strategic,8,5568,6.75,0,1.0
VEN0010,2023-03-27,Preferred Service Vendor 010,Strategic,8,2567,9.38,1,0.931
VEN0010,2023-04-03,Preferred Service Vendor 010,Strategic,8,3954,11.02,1,0.849
VEN0010,2023-04-10,Preferred Service Vendor 010,Strategic,8,4073,10.37,1,0.8815
VEN0010,2023-04-17,Preferred Service Vendor 010,Strategic,8,3461,5.86,0,1.0
VEN0010,2023-04-24,Preferred Service Vendor 010,Strategic,8,3243,9.18,1,0.941
VEN0010,2023-05-01,Preferred Service Vendor 010,Strategic,8,6728,6.49,0,1.0
VEN0010,2023-05-08,Preferred Service Vendor 010,Strategic,8,4460,12.29,1,0.7855
VEN0010,2023-05-15,Preferred Service Vendor 010,Strategic,8,5562,6.1,0,1.0
VEN0010,2023-05-22,Preferred Service Vendor 010,Strategic,8,4289,11.98,1,0.801
VEN0010,2023-05-29,Preferred Service Vendor 010,Strategic,8,5272,8.37,1,0.9815
VEN0010,2023-06-05,Preferred Service Vendor 010,Strategic,8,4242,4.98,0,1.0
VEN0010,2023-06-12,Preferred Service Vendor 010,Strategic,8,5323,6.73,0,1.0
VEN0010,2023-06-19,Preferred Service Vendor 010,Strategic,8,3148,4.07,0,1.0
VEN0010,2023-06-26,Preferred Service Vendor 010,Strategic,8,4814,6.59,0,1.0
VEN0010,2023-07-03,Preferred Service Vendor 010,Strategic,8,3194,8.61,1,0.9695
VEN0010,2023-07-10,Preferred Service Vendor 010,Strategic,8,4485,7.12,0,1.0
VEN0010,2023-07-17,Preferred Service Vendor 010,Strategic,8,5211,11.77,1,0.8115
VEN0010,2023-07-24,Preferred Service Vendor 010,Strategic,8,4882,11.14,1,0.843
VEN0010,2023-07-31,Preferred Service Vendor 010,Strategic,8,3025,7.83,0,1.0
VEN0010,2023-08-07,Preferred Service Vendor 010,Strategic,8,2960,6.27,0,1.0
VEN0010,2023-08-14,Preferred Service Vendor 010,Strategic,8,5129,5.47,0,1.0
VEN0010,2023-08-21,Preferred Service Vendor 010,Strategic,8,3076,9.26,1,0.937
VEN0010,2023-08-28,Preferred Service Vendor 010,Strategic,8,5180,3.69,0,1.0
VEN0010,2023-09-04,Preferred Service Vendor 010,Strategic,8,5047,7.61,0,1.0
VEN0010,2023-09-11,Preferred Service Vendor 010,Strategic,8,4834,9.42,1,0.929
VEN0010,2023-09-18,Preferred Service Vendor 010,Strategic,8,5241,12.68,1,0.766
VEN0010,2023-09-25,Preferred Service Vendor 010,Strategic,8,5035,7.99,0,1.0
VEN0010,2023-10-02,Preferred Service Vendor 010,Strategic,8,4734,5.84,0,1.0
VEN0010,2023-10-09,Preferred Service Vendor 010,Strategic,8,4606,5.98,0,1.0
VEN0010,2023-10-16,Preferred Service Vendor 010,Strategic,8,3348,8.88,1,0.956
VEN0010,2023-10-23,Preferred Service Vendor 010,Strategic,8,3791,10.25,1,0.8875
VEN0010,2023-10-30,Preferred Service Vendor 010,Strategic,8,2800,6.64,0,1.0
VEN0010,2023-11-06,Preferred Service Vendor 010,Strategic,8,4147,11.45,1,0.8275
VEN0010,2023-11-13,Preferred Service Vendor 010,Strategic,8,5466,9.64,1,0.918
VEN0010,2023-11-20,Preferred Service Vendor 010,Strategic,8,5808,8.54,1,0.973
VEN0010,2023-11-27,Preferred Service Vendor 010,Strategic,8,5976,9.48,1,0.926
VEN0010,2023-12-04,Preferred Service Vendor 010,Strategic,8,3566,6.11,0,1.0
VEN0010,2023-12-11,Preferred Service Vendor 010,Strategic,8,5912,8.33,1,0.9835
VEN0010,2023-12-18,Preferred Service Vendor 010,Strategic,8,4947,7.75,0,1.0
VEN0010,2023-12-25,Preferred Service Vendor 010,Strategic,8,4404,6.8,0,1.0
VEN0010,2024-01-01,Preferred Service Vendor 010,Strategic,8,4560,6.17,0,1.0
VEN0010,2024-01-08,Preferred Service Vendor 010,Strategic,8,4448,12.64,1,0.768
VEN0010,2024-01-15,Preferred Service Vendor 010,Strategic,8,4741,5.48,0,1.0
VEN0010,2024-01-22,Preferred Service Vendor 010,Strategic,8,2562,10.81,1,0.8595
VEN0010,2024-01-29,Preferred Service Vendor 010,Strategic,8,5054,12.71,1,0.7645
VEN0010,2024-02-05,Preferred Service Vendor 010,Strategic,8,3082,11.59,1,0.8205
VEN0010,2024-02-12,Preferred Service Vendor 010,Strategic,8,2221,8.97,1,0.9515
VEN0010,2024-02-19,Preferred Service Vendor 010,Strategic,8,4445,5.86,0,1.0
VEN0010,2024-02-26,Preferred Service Vendor 010,Strategic,8,5574,10.63,1,0.8685
VEN0010,2024-03-04,Preferred Service Vendor 010,Strategic,8,4200,3.48,0,1.0
VEN0010,2024-03-11,Preferred Service Vendor 010,Strategic,8,3136,10.49,1,0.8755
VEN0010,2024-03-18,Preferred Service Vendor 010,Strategic,8,1871,9.32,1,0.934
VEN0010,2024-03-25,Preferred Service Vendor 010,Strategic,8,4889,12.98,1,0.751
VEN0010,2024-04-01,Preferred Service Vendor 010,Strategic,8,4351,8.5,1,0.975
VEN0010,2024-04-08,Preferred Service Vendor 010,Strategic,8,2681,9.03,1,0.9485
VEN0010,2024-04-15,Preferred Service Vendor 010,Strategic,8,2113,9.05,1,0.9475
VEN0010,2024-04-22,Preferred Service Vendor 010,Strategic,8,6702,5.72,0,1.0
VEN0010,2024-04-29,Preferred Service Vendor 010,Strategic,8,3266,10.61,1,0.8695
VEN0010,2024-05-06,Preferred Service Vendor 010,Strategic,8,6089,9.53,1,0.9235
VEN0010,2024-05-13,Preferred Service Vendor 010,Strategic,8,5024,12.04,1,0.798
VEN0010,2024-05-20,Preferred Service Vendor 010,Strategic,8,3244,6.3,0,1.0
VEN0010,2024-05-27,Preferred Service Vendor 010,Strategic,8,3192,7.06,0,1.0
VEN0010,2024-06-03,Preferred Service Vendor 010,Strategic,8,3797,9.04,1,0.948
VEN0010,2024-06-10,Preferred Service Vendor 010,Strategic,8,4855,4.19,0,1.0
VEN0010,2024-06-17,Preferred Service Vendor 010,Strategic,8,4908,7.61,0,1.0
VEN0010,2024-06-24,Preferred Service Vendor 010,Strategic,8,5414,7.37,0,1.0
VEN0010,2024-07-01,Preferred Service Vendor 010,Strategic,8,3877,10.22,1,0.889
VEN0010,2024-07-08,Preferred Service Vendor 010,Strategic,8,4890,8.75,1,0.9625
VEN0010,2024-07-15,Preferred Service Vendor 010,Strategic,8,3258,6.36,0,1.0
VEN0010,2024-07-22,Preferred Service Vendor 010,Strategic,8,4339,8.59,1,0.9705
VEN0010,2024-07-29,Preferred Service Vendor 010,Strategic,8,4628,11.02,1,0.849
VEN0010,2024-08-05,Preferred Service Vendor 010,Strategic,8,6601,6.3,0,1.0
VEN0010,2024-08-12,Preferred Service Vendor 010,Strategic,8,4637,13.38,1,0.731
VEN0010,2024-08-19,Preferred Service Vendor 010,Strategic,8,4423,9.12,1,0.944
VEN0010,2024-08-26,Preferred Service Vendor 010,Strategic,8,5704,11.24,1,0.838
VEN0010,2024-09-02,Preferred Service Vendor 010,Strategic,8,5988,10.61,1,0.8695
VEN0010,2024-09-09,Preferred Service Vendor 010,Strategic,8,5198,10.77,1,0.8615
VEN0010,2024-09-16,Preferred Service Vendor 010,Strategic,8,4704,12.17,1,0.7915
VEN0010,2024-09-23,Preferred Service Vendor 010,Strategic,8,5502,10.66,1,0.867
VEN0010,2024-09-30,Preferred Service Vendor 010,Strategic,8,5089,11.71,1,0.8145
VEN0010,2024-10-07,Preferred Service Vendor 010,Strategic,8,4696,9.94,1,0.903
VEN0010,2024-10-14,Preferred Service Vendor 010,Strategic,8,4506,7.88,0,1.0
VEN0010,2024-10-21,Preferred Service Vendor 010,Strategic,8,7133,10.66,1,0.867
VEN0010,2024-10-28,Preferred Service Vendor 010,Strategic,8,5571,5.53,0,1.0
VEN0010,2024-11-04,Preferred Service Vendor 010,Strategic,8,3505,9.0,1,0.95
VEN0010,2024-11-11,Preferred Service Vendor 010,Strategic,8,4900,9.73,1,0.9135
VEN0010,2024-11-18,Preferred Service Vendor 010,Strategic,8,4980,6.43,0,1.0
VEN0010,2024-11-25,Preferred Service Vendor 010,Strategic,8,4029,5.62,0,1.0
VEN0010,2024-12-02,Preferred Service Vendor 010,Strategic,8,3550,10.06,1,0.897
VEN0010,2024-12-09,Preferred Service Vendor 010,Strategic,8,4606,7.35,0,1.0
VEN0010,2024-12-16,Preferred Service Vendor 010,Strategic,8,2978,9.62,1,0.919
VEN0010,2024-12-23,Preferred Service Vendor 010,Strategic,8,3393,6.33,0,1.0
VEN0010,2024-12-30,Preferred Service Vendor 010,Strategic,8,3437,11.83,1,0.8085
VEN0011,2023-01-02,Preferred Service Vendor 011,Standard,4,4317,5.64,1,0.918
VEN0011,2023-01-09,Preferred Service Vendor 011,Standard,4,6030,4.52,1,0.974
VEN0011,2023-01-16,Preferred Service Vendor 011,Standard,4,4095,2.89,0,1.0
VEN0011,2023-01-23,Preferred Service Vendor 011,Standard,4,3640,4.61,1,0.9695
VEN0011,2023-01-30,Preferred Service Vendor 011,Standard,4,3955,3.41,0,1.0
VEN0011,2023-02-06,Preferred Service Vendor 011,Standard,4,5344,5.59,1,0.9205
VEN0011,2023-02-13,Preferred Service Vendor 011,Standard,4,5921,4.74,1,0.963
VEN0011,2023-02-20,Preferred Service Vendor 011,Standard,4,3384,4.79,1,0.9605
VEN0011,2023-02-27,Preferred Service Vendor 011,Standard,4,2927,5.39,1,0.9305
VEN0011,2023-03-06,Preferred Service Vendor 011,Standard,4,4754,4.7,1,0.965
VEN0011,2023-03-13,Preferred Service Vendor 011,Standard,4,5284,2.79,0,1.0
VEN0011,2023-03-20,Preferred Service Vendor 011,Standard,4,6151,5.64,1,0.918
VEN0011,2023-03-27,Preferred Service Vendor 011,Standard,4,4659,6.23,1,0.8885
VEN0011,2023-04-03,Preferred Service Vendor 011,Standard,4,6152,3.81,0,1.0
VEN0011,2023-04-10,Preferred Service Vendor 011,Standard,4,4327,3.37,0,1.0
VEN0011,2023-04-17,Preferred Service Vendor 011,Standard,4,2140,3.22,0,1.0
VEN0011,2023-04-24,Preferred Service Vendor 011,Standard,4,5648,6.1,1,0.895
VEN0011,2023-05-01,Preferred Service Vendor 011,Standard,4,4585,5.99,1,0.9005
VEN0011,2023-05-08,Preferred Service Vendor 011,Standard,4,4557,4.2,1,0.99
VEN0011,2023-05-15,Preferred Service Vendor 011,Standard,4,3643,3.89,0,1.0
VEN0011,2023-05-22,Preferred Service Vendor 011,Standard,4,6242,2.31,0,1.0
VEN0011,2023-05-29,Preferred Service Vendor 011,Standard,4,5482,3.33,0,1.0
VEN0011,2023-06-05,Preferred Service Vendor 011,Standard,4,5196,4.5,1,0.975
VEN0011,2023-06-12,Preferred Service Vendor 011,Standard,4,3111,4.37,1,0.9815
VEN0011,2023-06-19,Preferred Service Vendor 011,Standard,4,4132,5.9,1,0.905
VEN0011,2023-06-26,Preferred Service Vendor 011,Standard,4,3772,3.83,0,1.0
VEN0011,2023-07-03,Preferred Service Vendor 011,Standard,4,4010,4.0,0,1.0
VEN0011,2023-07-10,Preferred Service Vendor 011,Standard,4,3141,4.07,1,0.9965
VEN0011,2023-07-17,Preferred Service Vendor 011,Standard,4,4792,3.33,0,1.0
VEN0011,2023-07-24,Preferred Service Vendor 011,Standard,4,1605,3.53,0,1.0
VEN0011,2023-07-31,Preferred Service Vendor 011,Standard,4,3467,6.11,1,0.8945
VEN0011,2023-08-07,Preferred Service Vendor 011,Standard,4,3110,5.1,1,0.945
VEN0011,2023-08-14,Preferred Service Vendor 011,Standard,4,3953,4.98,1,0.951
VEN0011,2023-08-21,Preferred Service Vendor 011,Standard,4,4453,6.53,1,0.8735
VEN0011,2023-08-28,Preferred Service Vendor 011,Standard,4,4003,6.68,1,0.866
VEN0011,2023-09-04,Preferred Service Vendor 011,Standard,4,6495,3.66,0,1.0
VEN0011,2023-09-11,Preferred Service Vendor 011,Standard,4,4650,4.55,1,0.9725
VEN0011,2023-09-18,Preferred Service Vendor 011,Standard,4,4554,5.21,1,0.9395
VEN0011,2023-09-25,Preferred Service Vendor 011,Standard,4,2839,4.61,1,0.9695
VEN0011,2023-10-02,Preferred Service Vendor 011,Standard,4,5156,4.56,1,0.972
VEN0011,2023-10-09,Preferred Service Vendor 011,Standard,4,4828,4.28,1,0.986
VEN0011,2023-10-16,Preferred Service Vendor 011,Standard,4,4716,5.25,1,0.9375
VEN0011,2023-10-23,Preferred Service Vendor 011,Standard,4,3456,5.2,1,0.94
VEN0011,2023-10-30,Preferred Service Vendor 011,Standard,4,3504,3.37,0,1.0
VEN0011,2023-11-06,Preferred Service Vendor 011,Standard,4,5298,5.11,1,0.9445
VEN0011,2023-11-13,Preferred Service Vendor 011,Standard,4,4916,1.76,0,1.0
VEN0011,2023-11-20,Preferred Service Vendor 011,Standard,4,4050,5.51,1,0.9245
VEN0011,2023-11-27,Preferred Service Vendor 011,Standard,4,4005,5.62,1,0.919
VEN0011,2023-12-04,Preferred Service Vendor 011,Standard,4,4195,5.41,1,0.9295
VEN0011,2023-12-11,Preferred Service Vendor 011,Standard,4,4664,4.46,1,0.977
VEN0011,2023-12-18,Preferred Service Vendor 011,Standard,4,3277,6.42,1,0.879
VEN0011,2023-12-25,Preferred Service Vendor 011,Standard,4,5361,4.4,1,0.98
VEN0011,2024-01-01,Preferred Service Vendor 011,Standard,4,3592,3.19,0,1.0
VEN0011,2024-01-08,Preferred Service Vendor 011,Standard,4,4781,4.68,1,0.966
VEN0011,2024-01-15,Preferred Service Vendor 011,Standard,4,3300,4.89,1,0.9555
VEN0011,2024-01-22,Preferred Service Vendor 011,Standard,4,2830,2.04,0,1.0
VEN0011,2024-01-29,Preferred Service Vendor 011,Standard,4,3402,4.58,1,0.971
VEN0011,2024-02-05,Preferred Service Vendor 011,Standard,4,4330,2.44,0,1.0
VEN0011,2024-02-12,Preferred Service Vendor 011,Standard,4,2554,5.55,1,0.9225
VEN0011,2024-02-19,Preferred Service Vendor 011,Standard,4,4907,7.06,1,0.847
VEN0011,2024-02-26,Preferred Service Vendor 011,Standard,4,6218,2.24,0,1.0
VEN0011,2024-03-04,Preferred Service Vendor 011,Standard,4,4418,5.57,1,0.9215
VEN0011,2024-03-11,Preferred Service Vendor 011,Standard,4,4048,2.91,0,1.0
VEN0011,2024-03-18,Preferred Service Vendor 011,Standard,4,4054,3.63,0,1.0
VEN0011,2024-03-25,Preferred Service Vendor 011,Standard,4,4214,5.36,1,0.932
VEN0011,2024-04-01,Preferred Service Vendor 011,Standard,4,2190,5.8,1,0.91
VEN0011,2024-04-08,Preferred Service Vendor 011,Standard,4,3197,3.19,0,1.0
VEN0011,2024-04-15,Preferred Service Vendor 011,Standard,4,4486,4.19,1,0.9905
VEN0011,2024-04-22,Preferred Service Vendor 011,Standard,4,3356,3.8,0,1.0
VEN0011,2024-04-29,Preferred Service Vendor 011,Standard,4,3813,5.97,1,0.9015
VEN0011,2024-05-06,Preferred Service Vendor 011,Standard,4,3325,3.4,0,1.0
VEN0011,2024-05-13,Preferred Service Vendor 011,Standard,4,3927,5.16,1,0.942
VEN0011,2024-05-20,Preferred Service Vendor 011,Standard,4,4376,3.48,0,1.0
VEN0011,2024-05-27,Preferred Service Vendor 011,Standard,4,3061,5.42,1,0.929
VEN0011,2024-06-03,Preferred Service Vendor 011,Standard,4,1957,2.43,0,1.0
VEN0011,2024-06-10,Preferred Service Vendor 011,Standard,4,4270,2.6,0,1.0
VEN0011,2024-06-17,Preferred Service Vendor 011,Standard,4,5706,3.97,0,1.0
VEN0011,2024-06-24,Preferred Service Vendor 011,Standard,4,3033,3.66,0,1.0
VEN0011,2024-07-01,Preferred Service Vendor 011,Standard,4,4612,2.32,0,1.0
VEN0011,2024-07-08,Preferred Service Vendor 011,Standard,4,4208,5.76,1,0.912
VEN0011,2024-07-15,Preferred Service Vendor 011,Standard,4,2496,4.98,1,0.951
VEN0011,2024-07-22,Preferred Service Vendor 011,Standard,4,4620,4.39,1,0.9805
VEN0011,2024-07-29,Preferred Service Vendor 011,Standard,4,3933,4.5,1,0.975
VEN0011,2024-08-05,Preferred Service Vendor 011,Standard,4,3956,2.99,0,1.0
VEN0011,2024-08-12,Preferred Service Vendor 011,Standard,4,4495,2.65,0,1.0
VEN0011,2024-08-19,Preferred Service Vendor 011,Standard,4,4828,5.31,1,0.9345
VEN0011,2024-08-26,Preferred Service Vendor 011,Standard,4,4383,3.79,0,1.0
VEN0011,2024-09-02,Preferred Service Vendor 011,Standard,4,5168,4.6,1,0.97
VEN0011,2024-09-09,Preferred Service Vendor 011,Standard,4,6098,4.78,1,0.961
VEN0011,2024-09-16,Preferred Service Vendor 011,Standard,4,5429,5.4,1,0.93
VEN0011,2024-09-23,Preferred Service Vendor 011,Standard,4,4796,4.42,1,0.979
VEN0011,2024-09-30,Preferred Service Vendor 011,Standard,4,3870,2.21,0,1.0
VEN0011,2024-10-07,Preferred Service Vendor 011,Standard,4,5804,4.08,1,0.996
VEN0011,2024-10-14,Preferred Service Vendor 011,Standard,4,4002,5.47,1,0.9265
VEN0011,2024-10-21,Preferred Service Vendor 011,Standard,4,2275,6.68,1,0.866
VEN0011,2024-10-28,Preferred Service Vendor 011,Standard,4,5224,3.83,0,1.0
VEN0011,2024-11-04,Preferred Service Vendor 011,Standard,4,4202,4.04,1,0.998
VEN0011,2024-11-11,Preferred Service Vendor 011,Standard,4,4204,3.85,0,1.0
VEN0011,2024-11-18,Preferred Service Vendor 011,Standard,4,2364,4.31,1,0.9845
VEN0011,2024-11-25,Preferred Service Vendor 011,Standard,4,5693,4.39,1,0.9805
VEN0011,2024-12-02,Preferred Service Vendor 011,Standard,4,4646,3.85,0,1.0
VEN0011,2024-12-09,Preferred Service Vendor 011,Standard,4,4901,4.43,1,0.9785
VEN0011,2024-12-16,Preferred Service Vendor 011,Standard,4,2299,6.12,1,0.894
VEN0011,2024-12-23,Preferred Service Vendor 011,Standard,4,3556,3.66,0,1.0
VEN0011,2024-12-30,Preferred Service Vendor 011,Standard,4,4393,5.25,1,0.9375
VEN0012,2023-01-02,Preferred Service Vendor 012,Preferred,2,5607,2.74,1,0.963
VEN0012,2023-01-09,Preferred Service Vendor 012,Preferred,2,5815,1.72,0,1.0
VEN0012,2023-01-16,Preferred Service Vendor 012,Preferred,2,4143,2.35,1,0.9825
VEN0012,2023-01-23,Preferred Service Vendor 012,Preferred,2,4753,3.57,1,0.9215
VEN0012,2023-01-30,Preferred Service Vendor 012,Preferred,2,4365,2.95,1,0.9525
VEN0012,2023-02-06,Preferred Service Vendor 012,Preferred,2,4823,2.18,1,0.991
VEN0012,2023-02-13,Preferred Service Vendor 012,Preferred,2,2947,2.76,1,0.962
VEN0012,2023-02-20,Preferred Service Vendor 012,Preferred,2,3737,2.37,1,0.9815
VEN0012,2023-02-27,Preferred Service Vendor 012,Preferred,2,3220,1.83,0,1.0
VEN0012,2023-03-06,Preferred Service Vendor 012,Preferred,2,3271,2.32,1,0.984
VEN0012,2023-03-13,Preferred Service Vendor 012,Preferred,2,4054,2.45,1,0.9775
VEN0012,2023-03-20,Preferred Service Vendor 012,Preferred,2,4230,2.75,1,0.9625
VEN0012,2023-03-27,Preferred Service Vendor 012,Preferred,2,2890,2.0,0,1.0
VEN0012,2023-04-03,Preferred Service Vendor 012,Preferred,2,4236,2.42,1,0.979
VEN0012,2023-04-10,Preferred Service Vendor 012,Preferred,2,2775,2.03,1,0.9985
VEN0012,2023-04-17,Preferred Service Vendor 012,Preferred,2,2843,1.34,0,1.0
VEN0012,2023-04-24,Preferred Service Vendor 012,Preferred,2,3481,1.75,0,1.0
VEN0012,2023-05-01,Preferred Service Vendor 012,Preferred,2,1750,3.5,1,0.925
VEN0012,2023-05-08,Preferred Service Vendor 012,Preferred,2,4762,2.09,1,0.9955
VEN0012,2023-05-15,Preferred Service Vendor 012,Preferred,2,3653,3.7,1,0.915
VEN0012,2023-05-22,Preferred Service Vendor 012,Preferred,2,2953,3.16,1,0.942
VEN0012,2023-05-29,Preferred Service Vendor 012,Preferred,2,4656,1.77,0,1.0
VEN0012,2023-06-05,Preferred Service Vendor 012,Preferred,2,4260,1.02,0,1.0
VEN0012,2023-06-12,Preferred Service Vendor 012,Preferred,2,4419,1.96,0,1.0
VEN0012,2023-06-19,Preferred Service Vendor 012,Preferred,2,4458,2.39,1,0.9805
VEN0012,2023-06-26,Preferred Service Vendor 012,Preferred,2,5040,0.8,0,1.0
VEN0012,2023-07-03,Preferred Service Vendor 012,Preferred,2,3295,0.5,0,1.0
VEN0012,2023-07-10,Preferred Service Vendor 012,Preferred,2,2672,1.74,0,1.0
VEN0012,2023-07-17,Preferred Service Vendor 012,Preferred,2,4670,3.17,1,0.9415
VEN0012,2023-07-24,Preferred Service Vendor 012,Preferred,2,3593,1.69,0,1.0
VEN0012,2023-07-31,Preferred Service Vendor 012,Preferred,2,5120,2.64,1,0.968
VEN0012,2023-08-07,Preferred Service Vendor 012,Preferred,2,4484,2.25,1,0.9875
VEN0012,2023-08-14,Preferred Service Vendor 012,Preferred,2,5389,3.13,1,0.9435
VEN0012,2023-08-21,Preferred Service Vendor 012,Preferred,2,5539,1.81,0,1.0
VEN0012,2023-08-28,Preferred Service Vendor 012,Preferred,2,4570,3.18,1,0.941
VEN0012,2023-09-04,Preferred Service Vendor 012,Preferred,2,5823,2.9,1,0.955
VEN0012,2023-09-11,Preferred Service Vendor 012,Preferred,2,3380,4.66,1,0.867
VEN0012,2023-09-18,Preferred Service Vendor 012,Preferred,2,4255,1.56,0,1.0
VEN0012,2023-09-25,Preferred Service Vendor 012,Preferred,2,4324,1.51,0,1.0
VEN0012,2023-10-02,Preferred Service Vendor 012,Preferred,2,3256,3.57,1,0.9215
VEN0012,2023-10-09,Preferred Service Vendor 012,Preferred,2,3654,3.48,1,0.926
VEN0012,2023-10-16,Preferred Service Vendor 012,Preferred,2,3510,2.48,1,0.976
VEN0012,2023-10-23,Preferred Service Vendor 012,Preferred,2,6842,2.02,1,0.999
VEN0012,2023-10-30,Preferred Service Vendor 012,Preferred,2,5720,2.14,1,0.993
VEN0012,2023-11-06,Preferred Service Vendor 012,Preferred,2,2407,2.67,1,0.9665
VEN0012,2023-11-13,Preferred Service Vendor 012,Preferred,2,6575,1.97,0,1.0
VEN0012,2023-11-20,Preferred Service Vendor 012,Preferred,2,3730,1.43,0,1.0
VEN0012,2023-11-27,Preferred Service Vendor 012,Preferred,2,4325,2.47,1,0.9765
VEN0012,2023-12-04,Preferred Service Vendor 012,Preferred,2,4210,1.8,0,1.0
VEN0012,2023-12-11,Preferred Service Vendor 012,Preferred,2,1519,3.2,1,0.94
VEN0012,2023-12-18,Preferred Service Vendor 012,Preferred,2,4381,1.17,0,1.0
VEN0012,2023-12-25,Preferred Service Vendor 012,Preferred,2,6702,2.01,1,0.9995
VEN0012,2024-01-01,Preferred Service Vendor 012,Preferred,2,5221,1.18,0,1.0
VEN0012,2024-01-08,Preferred Service Vendor 012,Preferred,2,5114,0.94,0,1.0
VEN0012,2024-01-15,Preferred Service Vendor 012,Preferred,2,3662,1.79,0,1.0
VEN0012,2024-01-22,Preferred Service Vendor 012,Preferred,2,3337,2.06,1,0.997
VEN0012,2024-01-29,Preferred Service Vendor 012,Preferred,2,5088,1.16,0,1.0
VEN0012,2024-02-05,Preferred Service Vendor 012,Preferred,2,5589,2.65,1,0.9675
VEN0012,2024-02-12,Preferred Service Vendor 012,Preferred,2,5959,0.5,0,1.0
VEN0012,2024-02-19,Preferred Service Vendor 012,Preferred,2,3289,3.07,1,0.9465
VEN0012,2024-02-26,Preferred Service Vendor 012,Preferred,2,3298,3.68,1,0.916
VEN0012,2024-03-04,Preferred Service Vendor 012,Preferred,2,4636,1.9,0,1.0
VEN0012,2024-03-11,Preferred Service Vendor 012,Preferred,2,2256,3.48,1,0.926
VEN0012,2024-03-18,Preferred Service Vendor 012,Preferred,2,4646,1.91,0,1.0
VEN0012,2024-03-25,Preferred Service Vendor 012,Preferred,2,4634,4.05,1,0.8975
VEN0012,2024-04-01,Preferred Service Vendor 012,Preferred,2,3212,2.04,1,0.998
VEN0012,2024-04-08,Preferred Service Vendor 012,Preferred,2,3259,2.55,1,0.9725
VEN0012,2024-04-15,Preferred Service Vendor 012,Preferred,2,2386,2.68,1,0.966
VEN0012,2024-04-22,Preferred Service Vendor 012,Preferred,2,3497,1.79,0,1.0
VEN0012,2024-04-29,Preferred Service Vendor 012,Preferred,2,6367,3.58,1,0.921
VEN0012,2024-05-06,Preferred Service Vendor 012,Preferred,2,1764,2.89,1,0.9555
VEN0012,2024-05-13,Preferred Service Vendor 012,Preferred,2,4909,2.2,1,0.99
VEN0012,2024-05-20,Preferred Service Vendor 012,Preferred,2,5593,1.23,0,1.0
VEN0012,2024-05-27,Preferred Service Vendor 012,Preferred,2,4648,2.67,1,0.9665
VEN0012,2024-06-03,Preferred Service Vendor 012,Preferred,2,6355,2.56,1,0.972
VEN0012,2024-06-10,Preferred Service Vendor 012,Preferred,2,5000,1.99,0,1.0
VEN0012,2024-06-17,Preferred Service Vendor 012,Preferred,2,3799,2.45,1,0.9775
VEN0012,2024-06-24,Preferred Service Vendor 012,Preferred,2,4194,4.16,1,0.892
VEN0012,2024-07-01,Preferred Service Vendor 012,Preferred,2,5317,0.72,0,1.0
VEN0012,2024-07-08,Preferred Service Vendor 012,Preferred,2,2896,2.95,1,0.9525
VEN0012,2024-07-15,Preferred Service Vendor 012,Preferred,2,5383,2.56,1,0.972
VEN0012,2024-07-22,Preferred Service Vendor 012,Preferred,2,5640,2.74,1,0.963
VEN0012,2024-07-29,Preferred Service Vendor 012,Preferred,2,6163,3.82,1,0.909
VEN0012,2024-08-05,Preferred Service Vendor 012,Preferred,2,2349,2.51,1,0.9745
VEN0012,2024-08-12,Preferred Service Vendor 012,Preferred,2,4475,2.04,1,0.998
VEN0012,2024-08-19,Preferred Service Vendor 012,Preferred,2,4351,2.35,1,0.9825
VEN0012,2024-08-26,Preferred Service Vendor 012,Preferred,2,2993,0.5,0,1.0
VEN0012,2024-09-02,Preferred Service Vendor 012,Preferred,2,5271,1.66,0,1.0
VEN0012,2024-09-09,Preferred Service Vendor 012,Preferred,2,3117,2.28,1,0.986
VEN0012,2024-09-16,Preferred Service Vendor 012,Preferred,2,5635,1.29,0,1.0
VEN0012,2024-09-23,Preferred Service Vendor 012,Preferred,2,3632,2.76,1,0.962
VEN0012,2024-09-30,Preferred Service Vendor 012,Preferred,2,4575,3.1,1,0.945
VEN0012,2024-10-07,Preferred Service Vendor 012,Preferred,2,2794,2.38,1,0.981
VEN0012,2024-10-14,Preferred Service Vendor 012,Preferred,2,4309,1.66,0,1.0
VEN0012,2024-10-21,Preferred Service Vendor 012,Preferred,2,3679,3.21,1,0.9395
VEN0012,2024-10-28,Preferred Service Vendor 012,Preferred,2,3910,0.78,0,1.0
VEN0012,2024-11-04,Preferred Service Vendor 012,Preferred,2,2765,2.45,1,0.9775
VEN0012,2024-11-11,Preferred Service Vendor 012,Preferred,2,4358,3.18,1,0.941
VEN0012,2024-11-18,Preferred Service Vendor 012,Preferred,2,4972,3.41,1,0.9295
VEN0012,2024-11-25,Preferred Service Vendor 012,Preferred,2,3346,2.2,1,0.99
VEN0012,2024-12-02,Preferred Service Vendor 012,Preferred,2,5397,0.8,0,1.0
VEN0012,2024-12-09,Preferred Service Vendor 012,Preferred,2,1141,1.8,0,1.0
VEN0012,2024-12-16,Preferred Service Vendor 012,Preferred,2,3568,2.91,1,0.9545
VEN0012,2024-12-23,Preferred Service Vendor 012,Preferred,2,5286,2.6,1,0.97
VEN0012,2024-12-30,Preferred Service Vendor 012,Preferred,2,3040,3.8,1,0.91
VEN0013,2023-01-02,Preferred Service Vendor 013,Strategic,12,4572,16.23,1,0.7885
VEN0013,2023-01-09,Preferred Service Vendor 013,Strategic,12,3591,10.71,0,1.0
VEN0013,2023-01-16,Preferred Service Vendor 013,Strategic,12,5277,12.72,1,0.964
VEN0013,2023-01-23,Preferred Service Vendor 013,Strategic,12,4652,9.56,0,1.0
VEN0013,2023-01-30,Preferred Service Vendor 013,Strategic,12,4225,10.16,0,1.0
VEN0013,2023-02-06,Preferred Service Vendor 013,Strategic,12,3618,18.26,1,0.687
VEN0013,2023-02-13,Preferred Service Vendor 013,Strategic,12,3863,11.05,0,1.0
VEN0013,2023-02-20,Preferred Service Vendor 013,Strategic,12,4902,14.36,1,0.882
VEN0013,2023-02-27,Preferred Service Vendor 013,Strategic,12,3818,16.68,1,0.766
VEN0013,2023-03-06,Preferred Service Vendor 013,Strategic,12,4688,17.69,1,0.7155
VEN0013,2023-03-13,Preferred Service Vendor 013,Strategic,12,3779,13.11,1,0.9445
VEN0013,2023-03-20,Preferred Service Vendor 013,Strategic,12,3713,16.95,1,0.7525
VEN0013,2023-03-27,Preferred Service Vendor 013,Strategic,12,4712,14.53,1,0.8735
VEN0013,2023-04-03,Preferred Service Vendor 013,Strategic,12,2360,13.9,1,0.905
VEN0013,2023-04-10,Preferred Service Vendor 013,Strategic,12,3571,13.79,1,0.9105
VEN0013,2023-04-17,Preferred Service Vendor 013,Strategic,12,4049,11.42,0,1.0
VEN0013,2023-04-24,Preferred Service Vendor 013,Strategic,12,2166,7.02,0,1.0
VEN0013,2023-05-01,Preferred Service Vendor 013,Strategic,12,2786,17.18,1,0.741
VEN0013,2023-05-08,Preferred Service Vendor 013,Strategic,12,3845,14.95,1,0.8525
VEN0013,2023-05-15,Preferred Service Vendor 013,Strategic,12,3498,13.08,1,0.946
VEN0013,2023-05-22,Preferred Service Vendor 013,Strategic,12,6601,14.28,1,0.886
VEN0013,2023-05-29,Preferred Service Vendor 013,Strategic,12,1332,13.61,1,0.9195
VEN0013,2023-06-05,Preferred Service Vendor 013,Strategic,12,4267,8.01,0,1.0
VEN0013,2023-06-12,Preferred Service Vendor 013,Strategic,12,2892,13.6,1,0.92
VEN0013,2023-06-19,Preferred Service Vendor 013,Strategic,12,2312,12.9,1,0.955
VEN0013,2023-06-26,Preferred Service Vendor 013,Strategic,12,5485,15.27,1,0.8365
VEN0013,2023-07-03,Preferred Service Vendor 013,Strategic,12,4256,8.54,0,1.0
VEN0013,2023-07-10,Preferred Service Vendor 013,Strategic,12,3282,15.44,1,0.828
VEN0013,2023-07-17,Preferred Service Vendor 013,Strategic,12,7065,13.55,1,0.9225
VEN0013,2023-07-24,Preferred Service Vendor 013,Strategic,12,5210,12.1,1,0.995
VEN0013,2023-07-31,Preferred Service Vendor 013,Strategic,12,2450,8.88,0,1.0
VEN0013,2023-08-07,Preferred Service Vendor 013,Strategic,12,3456,9.67,0,1.0
VEN0013,2023-08-14,Preferred Service Vendor 013,Strategic,12,5460,9.25,0,1.0
VEN0013,2023-08-21,Preferred Service Vendor 013,Strategic,12,5223,18.57,1,0.6715
VEN0013,2023-08-28,Preferred Service Vendor 013,Strategic,12,4704,12.29,1,0.9855
VEN0013,2023-09-04,Preferred Service Vendor 013,Strategic,12,4465,10.89,0,1.0
VEN0013,2023-09-11,Preferred Service Vendor 013,Strategic,12,4842,13.5,1,0.925
VEN0013,2023-09-18,Preferred Service Vendor 013,Strategic,12,3950,17.56,1,0.722
VEN0013,2023-09-25,Preferred Service Vendor 013,Strategic,12,4725,17.48,1,0.726
VEN0013,2023-10-02,Preferred Service Vendor 013,Strategic,12,4112,18.73,1,0.6635
VEN0013,2023-10-09,Preferred Service Vendor 013,Strategic,12,3125,15.75,1,0.8125
VEN0013,2023-10-16,Preferred Service Vendor 013,Strategic,12,3030,11.9,0,1.0
VEN0013,2023-10-23,Preferred Service Vendor 013,Strategic,12,3495,9.7,0,1.0
VEN0013,2023-10-30,Preferred Service Vendor 013,Strategic,12,3144,13.81,1,0.9095
VEN0013,2023-11-06,Preferred Service Vendor 013,Strategic,12,3704,11.38,0,1.0
VEN0013,2023-11-13,Preferred Service Vendor 013,Strategic,12,3017,10.24,0,1.0
VEN0013,2023-11-20,Preferred Service Vendor 013,Strategic,12,4657,10.33,0,1.0
VEN0013,2023-11-27,Preferred Service Vendor 013,Strategic,12,3174,15.41,1,0.8295
VEN0013,2023-12-04,Preferred Service Vendor 013,Strategic,12,6160,8.97,0,1.0
VEN0013,2023-12-11,Preferred Service Vendor 013,Strategic,12,3173,13.63,1,0.9185
VEN0013,2023-12-18,Preferred Service Vendor 013,Strategic,12,4074,18.39,1,0.6805
VEN0013,2023-12-25,Preferred Service Vendor 013,Strategic,12,4529,9.03,0,1.0
VEN0013,2024-01-01,Preferred Service Vendor 013,Strategic,12,5394,14.65,1,0.8675
VEN0013,2024-01-08,Preferred Service Vendor 013,Strategic,12,2327,16.83,1,0.7585
VEN0013,2024-01-15,Preferred Service Vendor 013,Strategic,12,3378,18.2,1,0.69
VEN0013,2024-01-22,Preferred Service Vendor 013,Strategic,12,5728,8.05,0,1.0
VEN0013,2024-01-29,Preferred Service Vendor 013,Strategic,12,2982,11.48,0,1.0
VEN0013,2024-02-05,Preferred Service Vendor 013,Strategic,12,5442,17.41,1,0.7295
VEN0013,2024-02-12,Preferred Service Vendor 013,Strategic,12,2582,15.68,1,0.816
VEN0013,2024-02-19,Preferred Service Vendor 013,Strategic,12,4275,10.22,0,1.0
VEN0013,2024-02-26,Preferred Service Vendor 013,Strategic,12,2505,11.96,0,1.0
VEN0013,2024-03-04,Preferred Service Vendor 013,Strategic,12,6179,14.04,1,0.898
VEN0013,2024-03-11,Preferred Service Vendor 013,Strategic,12,5708,11.67,0,1.0
VEN0013,2024-03-18,Preferred Service Vendor 013,Strategic,12,5630,13.56,1,0.922
VEN0013,2024-03-25,Preferred Service Vendor 013,Strategic,12,3366,15.23,1,0.8385
VEN0013,2024-04-01,Preferred Service Vendor 013,Strategic,12,5097,15.68,1,0.816
VEN0013,2024-04-08,Preferred Service Vendor 013,Strategic,12,5104,12.92,1,0.954
VEN0013,2024-04-15,Preferred Service Vendor 013,Strategic,12,2805,12.94,1,0.953
VEN0013,2024-04-22,Preferred Service Vendor 013,Strategic,12,2870,10.63,0,1.0
VEN0013,2024-04-29,Preferred Service Vendor 013,Strategic,12,4635,12.24,1,0.988
VEN0013,2024-05-06,Preferred Service Vendor 013,Strategic,12,3530,12.48,1,0.976
VEN0013,2024-05-13,Preferred Service Vendor 013,Strategic,12,3316,17.55,1,0.7225
VEN0013,2024-05-20,Preferred Service Vendor 013,Strategic,12,4947,14.01,1,0.8995
VEN0013,2024-05-27,Preferred Service Vendor 013,Strategic,12,3709,16.04,1,0.798
VEN0013,2024-06-03,Preferred Service Vendor 013,Strategic,12,3501,16.71,1,0.7645
VEN0013,2024-06-10,Preferred Service Vendor 013,Strategic,12,4040,15.53,1,0.8235
VEN0013,2024-06-17,Preferred Service Vendor 013,Strategic,12,5818,9.58,0,1.0
VEN0013,2024-06-24,Preferred Service Vendor 013,Strategic,12,3923,14.4,1,0.88
VEN0013,2024-07-01,Preferred Service Vendor 013,Strategic,12,3097,15.56,1,0.822
VEN0013,2024-07-08,Preferred Service Vendor 013,Strategic,12,2764,15.46,1,0.827
VEN0013,2024-07-15,Preferred Service Vendor 013,Strategic,12,1983,10.17,0,1.0
VEN0013,2024-07-22,Preferred Service Vendor 013,Strategic,12,1987,16.6,1,0.77
VEN0013,2024-07-29,Preferred Service Vendor 013,Strategic,12,2967,12.89,1,0.9555
VEN0013,2024-08-05,Preferred Service Vendor 013,Strategic,12,5115,15.58,1,0.821
VEN0013,2024-08-12,Preferred Service Vendor 013,Strategic,12,5570,8.17,0,1.0
VEN0013,2024-08-19,Preferred Service Vendor 013,Strategic,12,6573,11.25,0,1.0
VEN0013,2024-08-26,Preferred Service Vendor 013,Strategic,12,3406,17.63,1,0.7185
VEN0013,2024-09-02,Preferred Service Vendor 013,Strategic,12,1490,12.58,1,0.971
VEN0013,2024-09-09,Preferred Service Vendor 013,Strategic,12,4302,12.08,1,0.996
VEN0013,2024-09-16,Preferred Service Vendor 013,Strategic,12,7136,16.52,1,0.774
VEN0013,2024-09-23,Preferred Service Vendor 013,Strategic,12,2808,14.3,1,0.885
VEN0013,2024-09-30,Preferred Service Vendor 013,Strategic,12,4132,8.51,0,1.0
VEN0013,2024-10-07,Preferred Service Vendor 013,Strategic,12,3868,17.78,1,0.711
VEN0013,2024-10-14,Preferred Service Vendor 013,Strategic,12,5047,9.11,0,1.0
VEN0013,2024-10-21,Preferred Service Vendor 013,Strategic,12,5240,8.75,0,1.0
VEN0013,2024-10-28,Preferred Service Vendor 013,Strategic,12,3820,17.49,1,0.7255
VEN0013,2024-11-04,Preferred Service Vendor 013,Strategic,12,1914,9.03,0,1.0
VEN0013,2024-11-11,Preferred Service Vendor 013,Strategic,12,5896,13.59,1,0.9205
VEN0013,2024-11-18,Preferred Service Vendor 013,Strategic,12,2671,10.45,0,1.0
VEN0013,2024-11-25,Preferred Service Vendor 013,Strategic,12,2151,14.49,1,0.8755
VEN0013,2024-12-02,Preferred Service Vendor 013,Strategic,12,5601,12.36,1,0.982
VEN0013,2024-12-09,Preferred Service Vendor 013,Strategic,12,4153,15.57,1,0.8215
VEN0013,2024-12-16,Preferred Service Vendor 013,Strategic,12,4259,17.01,1,0.7495
VEN0013,2024-12-23,Preferred Service Vendor 013,Strategic,12,4055,12.16,1,0.992
VEN0013,2024-12-30,Preferred Service Vendor 013,Strategic,12,1040,9.33,0,1.0
VEN0014,2023-01-02,Preferred Service Vendor 014,Preferred,12,3194,17.06,1,0.747
VEN0014,2023-01-09,Preferred Service Vendor 014,Preferred,12,5033,8.71,0,1.0
VEN0014,2023-01-16,Preferred Service Vendor 014,Preferred,12,3805,15.09,1,0.8455
VEN0014,2023-01-23,Preferred Service Vendor 014,Preferred,12,4901,14.03,1,0.8985
VEN0014,2023-01-30,Preferred Service Vendor 014,Preferred,12,3296,17.06,1,0.747
VEN0014,2023-02-06,Preferred Service Vendor 014,Preferred,12,3958,11.17,0,1.0
VEN0014,2023-02-13,Preferred Service Vendor 014,Preferred,12,3011,17.27,1,0.7365
VEN0014,2023-02-20,Preferred Service Vendor 014,Preferred,12,4017,16.23,1,0.7885
VEN0014,2023-02-27,Preferred Service Vendor 014,Preferred,12,4195,16.98,1,0.751
VEN0014,2023-03-06,Preferred Service Vendor 014,Preferred,12,4524,10.19,0,1.0
VEN0014,2023-03-13,Preferred Service Vendor 014,Preferred,12,5736,12.52,1,0.974
VEN0014,2023-03-20,Preferred Service Vendor 014,Preferred,12,2835,7.18,0,1.0
VEN0014,2023-03-27,Preferred Service Vendor 014,Preferred,12,3505,7.0,0,1.0
VEN0014,2023-04-03,Preferred Service Vendor 014,Preferred,12,5737,11.53,0,1.0
VEN0014,2023-04-10,Preferred Service Vendor 014,Preferred,12,3690,17.77,1,0.7115
VEN0014,2023-04-17,Preferred Service Vendor 014,Preferred,12,4816,13.25,1,0.9375
VEN0014,2023-04-24,Preferred Service Vendor 014,Preferred,12,3373,17.32,1,0.734
VEN0014,2023-05-01,Preferred Service Vendor 014,Preferred,12,7217,9.94,0,1.0
VEN0014,2023-05-08,Preferred Service Vendor 014,Preferred,12,5337,15.65,1,0.8175
VEN0014,2023-05-15,Preferred Service Vendor 014,Preferred,12,5083,15.2,1,0.84
VEN0014,2023-05-22,Preferred Service Vendor 014,Preferred,12,5129,12.54,1,0.973
VEN0014,2023-05-29,Preferred Service Vendor 014,Preferred,12,5865,10.01,0,1.0
VEN0014,2023-06-05,Preferred Service Vendor 014,Preferred,12,5556,14.31,1,0.8845
VEN0014,2023-06-12,Preferred Service Vendor 014,Preferred,12,4733,16.43,1,0.7785
VEN0014,2023-06-19,Preferred Service Vendor 014,Preferred,12,5133,15.6,1,0.82
VEN0014,2023-06-26,Preferred Service Vendor 014,Preferred,12,3552,10.35,0,1.0
VEN0014,2023-07-03,Preferred Service Vendor 014,Preferred,12,4518,15.9,1,0.805
VEN0014,2023-07-10,Preferred Service Vendor 014,Preferred,12,5204,10.72,0,1.0
VEN0014,2023-07-17,Preferred Service Vendor 014,Preferred,12,2228,10.21,0,1.0
VEN0014,2023-07-24,Preferred Service Vendor 014,Preferred,12,5405,8.81,0,1.0
VEN0014,2023-07-31,Preferred Service Vendor 014,Preferred,12,5573,11.95,0,1.0
VEN0014,2023-08-07,Preferred Service Vendor 014,Preferred,12,6036,12.81,1,0.9595
VEN0014,2023-08-14,Preferred Service Vendor 014,Preferred,12,4801,10.78,0,1.0
VEN0014,2023-08-21,Preferred Service Vendor 014,Preferred,12,3214,12.35,1,0.9825
VEN0014,2023-08-28,Preferred Service Vendor 014,Preferred,12,4899,13.92,1,0.904
VEN0014,2023-09-04,Preferred Service Vendor 014,Preferred,12,3142,15.69,1,0.8155
VEN0014,2023-09-11,Preferred Service Vendor 014,Preferred,12,5033,17.03,1,0.7485
VEN0014,2023-09-18,Preferred Service Vendor 014,Preferred,12,4720,14.38,1,0.881
VEN0014,2023-09-25,Preferred Service Vendor 014,Preferred,12,1810,9.45,0,1.0
VEN0014,2023-10-02,Preferred Service Vendor 014,Preferred,12,5456,8.1,0,1.0
VEN0014,2023-10-09,Preferred Service Vendor 014,Preferred,12,3459,12.9,1,0.955
VEN0014,2023-10-16,Preferred Service Vendor 014,Preferred,12,3303,6.93,0,1.0
VEN0014,2023-10-23,Preferred Service Vendor 014,Preferred,12,4068,17.18,1,0.741
VEN0014,2023-10-30,Preferred Service Vendor 014,Preferred,12,6425,11.64,0,1.0
VEN0014,2023-11-06,Preferred Service Vendor 014,Preferred,12,4744,15.97,1,0.8015
VEN0014,2023-11-13,Preferred Service Vendor 014,Preferred,12,5285,13.04,1,0.948
VEN0014,2023-11-20,Preferred Service Vendor 014,Preferred,12,5502,14.19,1,0.8905
VEN0014,2023-11-27,Preferred Service Vendor 014,Preferred,12,4665,14.87,1,0.8565
VEN0014,2023-12-04,Preferred Service Vendor 014,Preferred,12,3048,9.13,0,1.0
VEN0014,2023-12-11,Preferred Service Vendor 014,Preferred,12,2767,18.49,1,0.6755
VEN0014,2023-12-18,Preferred Service Vendor 014,Preferred,12,2998,11.35,0,1.0
VEN0014,2023-12-25,Preferred Service Vendor 014,Preferred,12,2742,13.73,1,0.9135
VEN0014,2024-01-01,Preferred Service Vendor 014,Preferred,12,5124,9.41,0,1.0
VEN0014,2024-01-08,Preferred Service Vendor 014,Preferred,12,6376,19.74,1,0.613
VEN0014,2024-01-15,Preferred Service Vendor 014,Preferred,12,3757,8.7,0,1.0
VEN0014,2024-01-22,Preferred Service Vendor 014,Preferred,12,5085,17.66,1,0.717
VEN0014,2024-01-29,Preferred Service Vendor 014,Preferred,12,1534,17.0,1,0.75
VEN0014,2024-02-05,Preferred Service Vendor 014,Preferred,12,3998,9.48,0,1.0
VEN0014,2024-02-12,Preferred Service Vendor 014,Preferred,12,4858,16.24,1,0.788
VEN0014,2024-02-19,Preferred Service Vendor 014,Preferred,12,1318,6.93,0,1.0
VEN0014,2024-02-26,Preferred Service Vendor 014,Preferred,12,5646,15.08,1,0.846
VEN0014,2024-03-04,Preferred Service Vendor 014,Preferred,12,5243,10.2,0,1.0
VEN0014,2024-03-11,Preferred Service Vendor 014,Preferred,12,5784,17.65,1,0.7175
VEN0014,2024-03-18,Preferred Service Vendor 014,Preferred,12,2866,16.57,1,0.7715
VEN0014,2024-03-25,Preferred Service Vendor 014,Preferred,12,3450,9.16,0,1.0
VEN0014,2024-04-01,Preferred Service Vendor 014,Preferred,12,4965,17.57,1,0.7215
VEN0014,2024-04-08,Preferred Service Vendor 014,Preferred,12,5372,15.39,1,0.8305
VEN0014,2024-04-15,Preferred Service Vendor 014,Preferred,12,2779,8.53,0,1.0
VEN0014,2024-04-22,Preferred Service Vendor 014,Preferred,12,3785,17.64,1,0.718
VEN0014,2024-04-29,Preferred Service Vendor 014,Preferred,12,4393,16.76,1,0.762
VEN0014,2024-05-06,Preferred Service Vendor 014,Preferred,12,6821,12.72,1,0.964
VEN0014,2024-05-13,Preferred Service Vendor 014,Preferred,12,3732,10.43,0,1.0
VEN0014,2024-05-20,Preferred Service Vendor 014,Preferred,12,4051,7.7,0,1.0
VEN0014,2024-05-27,Preferred Service Vendor 014,Preferred,12,4552,11.95,0,1.0
VEN0014,2024-06-03,Preferred Service Vendor 014,Preferred,12,4894,9.15,0,1.0
VEN0014,2024-06-10,Preferred Service Vendor 014,Preferred,12,3416,8.95,0,1.0
VEN0014,2024-06-17,Preferred Service Vendor 014,Preferred,12,2489,7.2,0,1.0
VEN0014,2024-06-24,Preferred Service Vendor 014,Preferred,12,4063,14.95,1,0.8525
VEN0014,2024-07-01,Preferred Service Vendor 014,Preferred,12,3867,19.82,1,0.609
VEN0014,2024-07-08,Preferred Service Vendor 014,Preferred,12,3544,14.77,1,0.8615
VEN0014,2024-07-15,Preferred Service Vendor 014,Preferred,12,4029,12.4,1,0.98
VEN0014,2024-07-22,Preferred Service Vendor 014,Preferred,12,4429,9.71,0,1.0
VEN0014,2024-07-29,Preferred Service Vendor 014,Preferred,12,2693,9.35,0,1.0
VEN0014,2024-08-05,Preferred Service Vendor 014,Preferred,12,5242,12.15,1,0.9925
VEN0014,2024-08-12,Preferred Service Vendor 014,Preferred,12,5207,9.57,0,1.0
VEN0014,2024-08-19,Preferred Service Vendor 014,Preferred,12,3689,13.05,1,0.9475
VEN0014,2024-08-26,Preferred Service Vendor 014,Preferred,12,5557,11.72,0,1.0
VEN0014,2024-09-02,Preferred Service Vendor 014,Preferred,12,5376,13.97,1,0.9015
VEN0014,2024-09-09,Preferred Service Vendor 014,Preferred,12,1812,15.34,1,0.833
VEN0014,2024-09-16,Preferred Service Vendor 014,Preferred,12,2658,11.96,0,1.0
VEN0014,2024-09-23,Preferred Service Vendor 014,Preferred,12,6450,7.99,0,1.0
VEN0014,2024-09-30,Preferred Service Vendor 014,Preferred,12,3811,14.88,1,0.856
VEN0014,2024-10-07,Preferred Service Vendor 014,Preferred,12,6221,13.79,1,0.9105
VEN0014,2024-10-14,Preferred Service Vendor 014,Preferred,12,4721,9.16,0,1.0
VEN0014,2024-10-21,Preferred Service Vendor 014,Preferred,12,4566,8.34,0,1.0
VEN0014,2024-10-28,Preferred Service Vendor 014,Preferred,12,3925,14.04,1,0.898
VEN0014,2024-11-04,Preferred Service Vendor 014,Preferred,12,4126,11.63,0,1.0
VEN0014,2024-11-11,Preferred Service Vendor 014,Preferred,12,5750,14.79,1,0.8605
VEN0014,2024-11-18,Preferred Service Vendor 014,Preferred,12,3569,13.39,1,0.9305
VEN0014,2024-11-25,Preferred Service Vendor 014,Preferred,12,4196,9.24,0,1.0
VEN0014,2024-12-02,Preferred Service Vendor 014,Preferred,12,4236,18.15,1,0.6925
VEN0014,2024-12-09,Preferred Service Vendor 014,Preferred,12,4787,10.98,0,1.0
VEN0014,2024-12-16,Preferred Service Vendor 014,Preferred,12,2617,9.72,0,1.0
VEN0014,2024-12-23,Preferred Service Vendor 014,Preferred,12,5206,12.63,1,0.9685
VEN0014,2024-12-30,Preferred Service Vendor 014,Preferred,12,4586,13.98,1,0.901
VEN0015,2023-01-02,Preferred Service Vendor 015,Standard,8,4379,13.28,1,0.736
VEN0015,2023-01-09,Preferred Service Vendor 015,Standard,8,4293,7.32,0,1.0
VEN0015,2023-01-16,Preferred Service Vendor 015,Standard,8,2012,4.9,0,1.0
VEN0015,2023-01-23,Preferred Service Vendor 015,Standard,8,5722,7.72,0,1.0
VEN0015,2023-01-30,Preferred Service Vendor 015,Standard,8,6362,6.52,0,1.0
VEN0015,2023-02-06,Preferred Service Vendor 015,Standard,8,5418,8.95,1,0.9525
VEN0015,2023-02-13,Preferred Service Vendor 015,Standard,8,1548,7.02,0,1.0
VEN0015,2023-02-20,Preferred Service Vendor 015,Standard,8,3800,4.99,0,1.0
VEN0015,2023-02-27,Preferred Service Vendor 015,Standard,8,5298,11.63,1,0.8185
VEN0015,2023-03-06,Preferred Service Vendor 015,Standard,8,2710,11.02,1,0.849
VEN0015,2023-03-13,Preferred Service Vendor 015,Standard,8,3032,8.92,1,0.954
VEN0015,2023-03-20,Preferred Service Vendor 015,Standard,8,3441,6.77,0,1.0
VEN0015,2023-03-27,Preferred Service Vendor 015,Standard,8,4811,8.98,1,0.951
VEN0015,2023-04-03,Preferred Service Vendor 015,Standard,8,4779,8.35,1,0.9825
VEN0015,2023-04-10,Preferred Service Vendor 015,Standard,8,2376,7.66,0,1.0
VEN0015,2023-04-17,Preferred Service Vendor 015,Standard,8,5444,8.39,1,0.9805
VEN0015,2023-04-24,Preferred Service Vendor 015,Standard,8,3642,10.89,1,0.8555
VEN0015,2023-05-01,Preferred Service Vendor 015,Standard,8,2165,10.57,1,0.8715
VEN0015,2023-05-08,Preferred Service Vendor 015,Standard,8,3947,8.94,1,0.953
VEN0015,2023-05-15,Preferred Service Vendor 015,Standard,8,4342,6.85,0,1.0
VEN0015,2023-05-22,Preferred Service Vendor 015,Standard,8,2678,8.06,1,0.997
VEN0015,2023-05-29,Preferred Service Vendor 015,Standard,8,2712,11.92,1,0.804
VEN0015,2023-06-05,Preferred Service Vendor 015,Standard,8,6367,7.32,0,1.0
VEN0015,2023-06-12,Preferred Service Vendor 015,Standard,8,4967,9.34,1,0.933
VEN0015,2023-06-19,Preferred Service Vendor 015,Standard,8,6183,8.83,1,0.9585
VEN0015,2023-06-26,Preferred Service Vendor 015,Standard,8,5592,9.79,1,0.9105
VEN0015,2023-07-03,Preferred Service Vendor 015,Standard,8,5061,8.88,1,0.956
VEN0015,2023-07-10,Preferred Service Vendor 015,Standard,8,4880,6.24,0,1.0
VEN0015,2023-07-17,Preferred Service Vendor 015,Standard,8,3345,6.45,0,1.0
VEN0015,2023-07-24,Preferred Service Vendor 015,Standard,8,4110,11.38,1,0.831
VEN0015,2023-07-31,Preferred Service Vendor 015,Standard,8,4108,11.37,1,0.8315
VEN0015,2023-08-07,Preferred Service Vendor 015,Standard,8,4553,5.36,0,1.0
VEN0015,2023-08-14,Preferred Service Vendor 015,Standard,8,4384,6.83,0,1.0
VEN0015,2023-08-21,Preferred Service Vendor 015,Standard,8,5766,8.78,1,0.961
VEN0015,2023-08-28,Preferred Service Vendor 015,Standard,8,2542,7.97,0,1.0
VEN0015,2023-09-04,Preferred Service Vendor 015,Standard,8,2295,10.73,1,0.8635
VEN0015,2023-09-11,Preferred Service Vendor 015,Standard,8,4546,6.34,0,1.0
VEN0015,2023-09-18,Preferred Service Vendor 015,Standard,8,3196,7.42,0,1.0
VEN0015,2023-09-25,Preferred Service Vendor 015,Standard,8,4438,7.08,0,1.0
VEN0015,2023-10-02,Preferred Service Vendor 015,Standard,8,5383,10.26,1,0.887
VEN0015,2023-10-09,Preferred Service Vendor 015,Standard,8,2349,11.91,1,0.8045
VEN0015,2023-10-16,Preferred Service Vendor 015,Standard,8,4848,6.34,0,1.0
VEN0015,2023-10-23,Preferred Service Vendor 015,Standard,8,6010,9.36,1,0.932
VEN0015,2023-10-30,Preferred Service Vendor 015,Standard,8,3657,8.65,1,0.9675
VEN0015,2023-11-06,Preferred Service Vendor 015,Standard,8,4988,9.71,1,0.9145
VEN0015,2023-11-13,Preferred Service Vendor 015,Standard,8,3503,6.81,0,1.0
VEN0015,2023-11-20,Preferred Service Vendor 015,Standard,8,4871,7.61,0,1.0
VEN0015,2023-11-27,Preferred Service Vendor 015,Standard,8,6517,5.5,0,1.0
VEN0015,2023-12-04,Preferred Service Vendor 015,Standard,8,3686,6.73,0,1.0
VEN0015,2023-12-11,Preferred Service Vendor 015,Standard,8,1508,6.78,0,1.0
VEN0015,2023-12-18,Preferred Service Vendor 015,Standard,8,3254,7.23,0,1.0
VEN0015,2023-12-25,Preferred Service Vendor 015,Standard,8,2277,13.4,1,0.73
VEN0015,2024-01-01,Preferred Service Vendor 015,Standard,8,3757,12.02,1,0.799
VEN0015,2024-01-08,Preferred Service Vendor 015,Standard,8,6053,2.31,0,1.0
VEN0015,2024-01-15,Preferred Service Vendor 015,Standard,8,3472,8.7,1,0.965
VEN0015,2024-01-22,Preferred Service Vendor 015,Standard,8,5100,11.25,1,0.8375
VEN0015,2024-01-29,Preferred Service Vendor 015,Standard,8,6625,11.11,1,0.8445
VEN0015,2024-02-05,Preferred Service Vendor 015,Standard,8,4109,6.62,0,1.0
VEN0015,2024-02-12,Preferred Service Vendor 015,Standard,8,2558,6.37,0,1.0
VEN0015,2024-02-19,Preferred Service Vendor 015,Standard,8,4042,7.37,0,1.0
VEN0015,2024-02-26,Preferred Service Vendor 015,Standard,8,5309,7.66,0,1.0
VEN0015,2024-03-04,Preferred Service Vendor 015,Standard,8,3575,10.4,1,0.88
VEN0015,2024-03-11,Preferred Service Vendor 015,Standard,8,4509,9.24,1,0.938
VEN0015,2024-03-18,Preferred Service Vendor 015,Standard,8,3091,6.21,0,1.0
VEN0015,2024-03-25,Preferred Service Vendor 015,Standard,8,5128,8.14,1,0.993
VEN0015,2024-04-01,Preferred Service Vendor 015,Standard,8,5837,6.81,0,1.0
VEN0015,2024-04-08,Preferred Service Vendor 015,Standard,8,3939,10.11,1,0.8945
VEN0015,2024-04-15,Preferred Service Vendor 015,Standard,8,5386,9.57,1,0.9215
VEN0015,2024-04-22,Preferred Service Vendor 015,Standard,8,2476,6.17,0,1.0
VEN0015,2024-04-29,Preferred Service Vendor 015,Standard,8,4243,6.73,0,1.0
VEN0015,2024-05-06,Preferred Service Vendor 015,Standard,8,3115,7.57,0,1.0
VEN0015,2024-05-13,Preferred Service Vendor 015,Standard,8,4782,6.51,0,1.0
VEN0015,2024-05-20,Preferred Service Vendor 015,Standard,8,4830,8.36,1,0.982
VEN0015,2024-05-27,Preferred Service Vendor 015,Standard,8,3552,12.04,1,0.798
VEN0015,2024-06-03,Preferred Service Vendor 015,Standard,8,3726,10.48,1,0.876
VEN0015,2024-06-10,Preferred Service Vendor 015,Standard,8,2574,12.67,1,0.7665
VEN0015,2024-06-17,Preferred Service Vendor 015,Standard,8,1985,10.39,1,0.8805
VEN0015,2024-06-24,Preferred Service Vendor 015,Standard,8,5298,12.3,1,0.785
VEN0015,2024-07-01,Preferred Service Vendor 015,Standard,8,4727,4.55,0,1.0
VEN0015,2024-07-08,Preferred Service Vendor 015,Standard,8,4196,10.4,1,0.88
VEN0015,2024-07-15,Preferred Service Vendor 015,Standard,8,3651,11.56,1,0.822
VEN0015,2024-07-22,Preferred Service Vendor 015,Standard,8,3338,8.61,1,0.9695
VEN0015,2024-07-29,Preferred Service Vendor 015,Standard,8,3822,5.24,0,1.0
VEN0015,2024-08-05,Preferred Service Vendor 015,Standard,8,5085,9.9,1,0.905
VEN0015,2024-08-12,Preferred Service Vendor 015,Standard,8,6148,8.11,1,0.9945
VEN0015,2024-08-19,Preferred Service Vendor 015,Standard,8,3140,11.41,1,0.8295
VEN0015,2024-08-26,Preferred Service Vendor 015,Standard,8,2479,6.28,0,1.0
VEN0015,2024-09-02,Preferred Service Vendor 015,Standard,8,3528,7.2,0,1.0
VEN0015,2024-09-09,Preferred Service Vendor 015,Standard,8,2737,9.54,1,0.923
VEN0015,2024-09-16,Preferred Service Vendor 015,Standard,8,3361,9.7,1,0.915
VEN0015,2024-09-23,Preferred Service Vendor 015,Standard,8,4731,4.56,0,1.0
VEN0015,2024-09-30,Preferred Service Vendor 015,Standard,8,3156,10.39,1,0.8805
VEN0015,2024-10-07,Preferred Service Vendor 015,Standard,8,6359,6.33,0,1.0
VEN0015,2024-10-14,Preferred Service Vendor 015,Standard,8,3278,11.52,1,0.824
VEN0015,2024-10-21,Preferred Service Vendor 015,Standard,8,4684,8.65,1,0.9675
VEN0015,2024-10-28,Preferred Service Vendor 015,Standard,8,4825,7.07,0,1.0
VEN0015,2024-11-04,Preferred Service Vendor 015,Standard,8,4319,7.17,0,1.0
VEN0015,2024-11-11,Preferred Service Vendor 015,Standard,8,2451,7.07,0,1.0
VEN0015,2024-11-18,Preferred Service Vendor 015,Standard,8,5597,5.64,0,1.0
VEN0015,2024-11-25,Preferred Service Vendor 015,Standard,8,4846,11.14,1,0.843
VEN0015,2024-12-02,Preferred Service Vendor 015,Standard,8,6630,5.73,0,1.0
VEN0015,2024-12-09,Preferred Service Vendor 015,Standard,8,5231,9.25,1,0.9375
VEN0015,2024-12-16,Preferred Service Vendor 015,Standard,8,3788,10.29,1,0.8855
VEN0015,2024-12-23,Preferred Service Vendor 015,Standard,8,4423,8.22,1,0.989
VEN0015,2024-12-30,Preferred Service Vendor 015,Standard,8,6809,12.32,1,0.784
VEN0016,2023-01-02,Preferred Service Vendor 016,Preferred,4,3782,5.75,1,0.9125
VEN0016,2023-01-09,Preferred Service Vendor 016,Preferred,4,5374,3.47,0,1.0
VEN0016,2023-01-16,Preferred Service Vendor 016,Preferred,4,4479,4.41,1,0.9795
VEN0016,2023-01-23,Preferred Service Vendor 016,Preferred,4,6125,7.11,1,0.8445
VEN0016,2023-01-30,Preferred Service Vendor 016,Preferred,4,3627,6.89,1,0.8555
VEN0016,2023-02-06,Preferred Service Vendor 016,Preferred,4,3579,3.76,0,1.0
VEN0016,2023-02-13,Preferred Service Vendor 016,Preferred,4,3998,5.58,1,0.921
VEN0016,2023-02-20,Preferred Service Vendor 016,Preferred,4,4152,5.11,1,0.9445
VEN0016,2023-02-27,Preferred Service Vendor 016,Preferred,4,6504,4.07,1,0.9965
VEN0016,2023-03-06,Preferred Service Vendor 016,Preferred,4,4714,4.32,1,0.984
VEN0016,2023-03-13,Preferred Service Vendor 016,Preferred,4,4628,5.47,1,0.9265
VEN0016,2023-03-20,Preferred Service Vendor 016,Preferred,4,3026,6.22,1,0.889
VEN0016,2023-03-27,Preferred Service Vendor 016,Preferred,4,3156,3.09,0,1.0
VEN0016,2023-04-03,Preferred Service Vendor 016,Preferred,4,6528,5.6,1,0.92
VEN0016,2023-04-10,Preferred Service Vendor 016,Preferred,4,5878,5.71,1,0.9145
VEN0016,2023-04-17,Preferred Service Vendor 016,Preferred,4,2978,4.03,1,0.9985
VEN0016,2023-04-24,Preferred Service Vendor 016,Preferred,4,5725,3.57,0,1.0
VEN0016,2023-05-01,Preferred Service Vendor 016,Preferred,4,3293,5.5,1,0.925
VEN0016,2023-05-08,Preferred Service Vendor 016,Preferred,4,3898,2.81,0,1.0
VEN0016,2023-05-15,Preferred Service Vendor 016,Preferred,4,3481,4.52,1,0.974
VEN0016,2023-05-22,Preferred Service Vendor 016,Preferred,4,5943,2.13,0,1.0
VEN0016,2023-05-29,Preferred Service Vendor 016,Preferred,4,6488,4.44,1,0.978
VEN0016,2023-06-05,Preferred Service Vendor 016,Preferred,4,4753,6.44,1,0.878
VEN0016,2023-06-12,Preferred Service Vendor 016,Preferred,4,2604,3.86,0,1.0
VEN0016,2023-06-19,Preferred Service Vendor 016,Preferred,4,4778,3.36,0,1.0
VEN0016,2023-06-26,Preferred Service Vendor 016,Preferred,4,5841,5.3,1,0.935
VEN0016,2023-07-03,Preferred Service Vendor 016,Preferred,4,4642,6.0,1,0.9
VEN0016,2023-07-10,Preferred Service Vendor 016,Preferred,4,2296,3.31,0,1.0
VEN0016,2023-07-17,Preferred Service Vendor 016,Preferred,4,2085,5.16,1,0.942
VEN0016,2023-07-24,Preferred Service Vendor 016,Preferred,4,1880,5.12,1,0.944
VEN0016,2023-07-31,Preferred Service Vendor 016,Preferred,4,5318,4.79,1,0.9605
VEN0016,2023-08-07,Preferred Service Vendor 016,Preferred,4,2137,4.43,1,0.9785
VEN0016,2023-08-14,Preferred Service Vendor 016,Preferred,4,3905,3.06,0,1.0
VEN0016,2023-08-21,Preferred Service Vendor 016,Preferred,4,3395,2.85,0,1.0
VEN0016,2023-08-28,Preferred Service Vendor 016,Preferred,4,4421,3.85,0,1.0
VEN0016,2023-09-04,Preferred Service Vendor 016,Preferred,4,3391,6.55,1,0.8725
VEN0016,2023-09-11,Preferred Service Vendor 016,Preferred,4,3650,2.84,0,1.0
VEN0016,2023-09-18,Preferred Service Vendor 016,Preferred,4,6065,3.78,0,1.0
VEN0016,2023-09-25,Preferred Service Vendor 016,Preferred,4,3335,7.03,1,0.8485
VEN0016,2023-10-02,Preferred Service Vendor 016,Preferred,4,5234,4.14,1,0.993
VEN0016,2023-10-09,Preferred Service Vendor 016,Preferred,4,4524,1.54,0,1.0
VEN0016,2023-10-16,Preferred Service Vendor 016,Preferred,4,4855,7.05,1,0.8475
VEN0016,2023-10-23,Preferred Service Vendor 016,Preferred,4,4320,6.51,1,0.8745
VEN0016,2023-10-30,Preferred Service Vendor 016,Preferred,4,4430,4.79,1,0.9605
VEN0016,2023-11-06,Preferred Service Vendor 016,Preferred,4,3207,3.81,0,1.0
VEN0016,2023-11-13,Preferred Service Vendor 016,Preferred,4,4022,4.18,1,0.991
VEN0016,2023-11-20,Preferred Service Vendor 016,Preferred,4,5607,3.73,0,1.0
VEN0016,2023-11-27,Preferred Service Vendor 016,Preferred,4,4447,4.47,1,0.9765
VEN0016,2023-12-04,Preferred Service Vendor 016,Preferred,4,3756,6.33,1,0.8835
VEN0016,2023-12-11,Preferred Service Vendor 016,Preferred,4,3595,6.27,1,0.8865
VEN0016,2023-12-18,Preferred Service Vendor 016,Preferred,4,4553,3.79,0,1.0
VEN0016,2023-12-25,Preferred Service Vendor 016,Preferred,4,4575,4.46,1,0.977
VEN0016,2024-01-01,Preferred Service Vendor 016,Preferred,4,2970,3.71,0,1.0
VEN0016,2024-01-08,Preferred Service Vendor 016,Preferred,4,5074,3.02,0,1.0
VEN0016,2024-01-15,Preferred Service Vendor 016,Preferred,4,2622,5.36,1,0.932
VEN0016,2024-01-22,Preferred Service Vendor 016,Preferred,4,2852,3.5,0,1.0
VEN0016,2024-01-29,Preferred Service Vendor 016,Preferred,4,3416,5.53,1,0.9235
VEN0016,2024-02-05,Preferred Service Vendor 016,Preferred,4,4281,4.34,1,0.983
VEN0016,2024-02-12,Preferred Service Vendor 016,Preferred,4,3601,4.69,1,0.9655
VEN0016,2024-02-19,Preferred Service Vendor 016,Preferred,4,6443,3.44,0,1.0
VEN0016,2024-02-26,Preferred Service Vendor 016,Preferred,4,5755,4.07,1,0.9965
VEN0016,2024-03-04,Preferred Service Vendor 016,Preferred,4,3473,6.55,1,0.8725
VEN0016,2024-03-11,Preferred Service Vendor 016,Preferred,4,1935,4.94,1,0.953
VEN0016,2024-03-18,Preferred Service Vendor 016,Preferred,4,4101,2.88,0,1.0
VEN0016,2024-03-25,Preferred Service Vendor 016,Preferred,4,4047,1.34,0,1.0
VEN0016,2024-04-01,Preferred Service Vendor 016,Preferred,4,5512,2.61,0,1.0
VEN0016,2024-04-08,Preferred Service Vendor 016,Preferred,4,5191,4.92,1,0.954
VEN0016,2024-04-15,Preferred Service Vendor 016,Preferred,4,3526,5.28,1,0.936
VEN0016,2024-04-22,Preferred Service Vendor 016,Preferred,4,5352,2.96,0,1.0
VEN0016,2024-04-29,Preferred Service Vendor 016,Preferred,4,2471,4.59,1,0.9705
VEN0016,2024-05-06,Preferred Service Vendor 016,Preferred,4,5492,5.66,1,0.917
VEN0016,2024-05-13,Preferred Service Vendor 016,Preferred,4,5564,2.07,0,1.0
VEN0016,2024-05-20,Preferred Service Vendor 016,Preferred,4,3956,6.41,1,0.8795
VEN0016,2024-05-27,Preferred Service Vendor 016,Preferred,4,4388,3.58,0,1.0
VEN0016,2024-06-03,Preferred Service Vendor 016,Preferred,4,2611,4.12,1,0.994
VEN0016,2024-06-10,Preferred Service Vendor 016,Preferred,4,4231,2.81,0,1.0
VEN0016,2024-06-17,Preferred Service Vendor 016,Preferred,4,3091,3.6,0,1.0
VEN0016,2024-06-24,Preferred Service Vendor 016,Preferred,4,3910,6.22,1,0.889
VEN0016,2024-07-01,Preferred Service Vendor 016,Preferred,4,5242,3.94,0,1.0
VEN0016,2024-07-08,Preferred Service Vendor 016,Preferred,4,4060,2.98,0,1.0
VEN0016,2024-07-15,Preferred Service Vendor 016,Preferred,4,2065,3.27,0,1.0
VEN0016,2024-07-22,Preferred Service Vendor 016,Preferred,4,4668,3.97,0,1.0
VEN0016,2024-07-29,Preferred Service Vendor 016,Preferred,4,3718,3.39,0,1.0
VEN0016,2024-08-05,Preferred Service Vendor 016,Preferred,4,1920,1.71,0,1.0
VEN0016,2024-08-12,Preferred Service Vendor 016,Preferred,4,2475,6.43,1,0.8785
VEN0016,2024-08-19,Preferred Service Vendor 016,Preferred,4,3159,5.86,1,0.907
VEN0016,2024-08-26,Preferred Service Vendor 016,Preferred,4,4580,4.36,1,0.982
VEN0016,2024-09-02,Preferred Service Vendor 016,Preferred,4,5854,3.63,0,1.0
VEN0016,2024-09-09,Preferred Service Vendor 016,Preferred,4,5827,2.02,0,1.0
VEN0016,2024-09-16,Preferred Service Vendor 016,Preferred,4,5980,4.71,1,0.9645
VEN0016,2024-09-23,Preferred Service Vendor 016,Preferred,4,4314,2.45,0,1.0
VEN0016,2024-09-30,Preferred Service Vendor 016,Preferred,4,6179,5.83,1,0.9085
VEN0016,2024-10-07,Preferred Service Vendor 016,Preferred,4,3334,4.17,1,0.9915
VEN0016,2024-10-14,Preferred Service Vendor 016,Preferred,4,4926,3.95,0,1.0
VEN0016,2024-10-21,Preferred Service Vendor 016,Preferred,4,3179,4.91,1,0.9545
VEN0016,2024-10-28,Preferred Service Vendor 016,Preferred,4,4329,3.64,0,1.0
VEN0016,2024-11-04,Preferred Service Vendor 016,Preferred,4,4218,4.45,1,0.9775
VEN0016,2024-11-11,Preferred Service Vendor 016,Preferred,4,5675,3.06,0,1.0
VEN0016,2024-11-18,Preferred Service Vendor 016,Preferred,4,4110,3.93,0,1.0
VEN0016,2024-11-25,Preferred Service Vendor 016,Preferred,4,4462,6.59,1,0.8705
VEN0016,2024-12-02,Preferred Service Vendor 016,Preferred,4,3695,4.08,1,0.996
VEN0016,2024-12-09,Preferred Service Vendor 016,Preferred,4,5668,4.15,1,0.9925
VEN0016,2024-12-16,Preferred Service Vendor 016,Preferred,4,4702,4.89,1,0.9555
VEN0016,2024-12-23,Preferred Service Vendor 016,Preferred,4,5303,6.09,1,0.8955
VEN0016,2024-12-30,Preferred Service Vendor 016,Preferred,4,4429,3.45,0,1.0
VEN0017,2023-01-02,Preferred Service Vendor 017,Standard,8,4505,9.23,1,0.9385
VEN0017,2023-01-09,Preferred Service Vendor 017,Standard,8,3415,9.0,1,0.95
VEN0017,2023-01-16,Preferred Service Vendor 017,Standard,8,2686,10.89,1,0.8555
VEN0017,2023-01-23,Preferred Service Vendor 017,Standard,8,3370,5.21,0,1.0
VEN0017,2023-01-30,Preferred Service Vendor 017,Standard,8,4085,11.2,1,0.84
VEN0017,2023-02-06,Preferred Service Vendor 017,Standard,8,6762,5.79,0,1.0
VEN0017,2023-02-13,Preferred Service Vendor 017,Standard,8,3732,7.14,0,1.0
VEN0017,2023-02-20,Preferred Service Vendor 017,Standard,8,4618,7.02,0,1.0
VEN0017,2023-02-27,Preferred Service Vendor 017,Standard,8,5814,10.77,1,0.8615
VEN0017,2023-03-06,Preferred Service Vendor 017,Standard,8,2527,8.37,1,0.9815
VEN0017,2023-03-13,Preferred Service Vendor 017,Standard,8,5012,7.17,0,1.0
VEN0017,2023-03-20,Preferred Service Vendor 017,Standard,8,2222,6.6,0,1.0
VEN0017,2023-03-27,Preferred Service Vendor 017,Standard,8,4507,9.92,1,0.904
VEN0017,2023-04-03,Preferred Service Vendor 017,Standard,8,4574,10.8,1,0.86
VEN0017,2023-04-10,Preferred Service Vendor 017,Standard,8,6082,13.21,1,0.7395
VEN0017,2023-04-17,Preferred Service Vendor 017,Standard,8,5424,11.27,1,0.8365
VEN0017,2023-04-24,Preferred Service Vendor 017,Standard,8,7135,11.26,1,0.837
VEN0017,2023-05-01,Preferred Service Vendor 017,Standard,8,4787,7.24,0,1.0
VEN0017,2023-05-08,Preferred Service Vendor 017,Standard,8,3183,7.14,0,1.0
VEN0017,2023-05-15,Preferred Service Vendor 017,Standard,8,3647,12.22,1,0.789
VEN0017,2023-05-22,Preferred Service Vendor 017,Standard,8,4946,11.24,1,0.838
VEN0017,2023-05-29,Preferred Service Vendor 017,Standard,8,6792,6.2,0,1.0
VEN0017,2023-06-05,Preferred Service Vendor 017,Standard,8,4056,9.75,1,0.9125
VEN0017,2023-06-12,Preferred Service Vendor 017,Standard,8,4565,6.95,0,1.0
VEN0017,2023-06-19,Preferred Service Vendor 017,Standard,8,4453,12.93,1,0.7535
VEN0017,2023-06-26,Preferred Service Vendor 017,Standard,8,4372,11.06,1,0.847
VEN0017,2023-07-03,Preferred Service Vendor 017,Standard,8,5387,8.81,1,0.9595
VEN0017,2023-07-10,Preferred Service Vendor 017,Standard,8,5805,5.77,0,1.0
VEN0017,2023-07-17,Preferred Service Vendor 017,Standard,8,3836,9.94,1,0.903
VEN0017,2023-07-24,Preferred Service Vendor 017,Standard,8,4627,12.82,1,0.759
VEN0017,2023-07-31,Preferred Service Vendor 017,Standard,8,3647,6.7,0,1.0
VEN0017,2023-08-07,Preferred Service Vendor 017,Standard,8,4233,8.64,1,0.968
VEN0017,2023-08-14,Preferred Service Vendor 017,Standard,8,2420,6.73,0,1.0
VEN0017,2023-08-21,Preferred Service Vendor 017,Standard,8,2985,7.92,0,1.0
VEN0017,2023-08-28,Preferred Service Vendor 017,Standard,8,4154,8.22,1,0.989
VEN0017,2023-09-04,Preferred Service Vendor 017,Standard,8,5721,9.47,1,0.9265
VEN0017,2023-09-11,Preferred Service Vendor 017,Standard,8,2325,10.04,1,0.898
VEN0017,2023-09-18,Preferred Service Vendor 017,Standard,8,4682,10.48,1,0.876
VEN0017,2023-09-25,Preferred Service Vendor 017,Standard,8,3467,8.69,1,0.9655
VEN0017,2023-10-02,Preferred Service Vendor 017,Standard,8,3981,12.04,1,0.798
VEN0017,2023-10-09,Preferred Service Vendor 017,Standard,8,5476,8.71,1,0.9645
VEN0017,2023-10-16,Preferred Service Vendor 017,Standard,8,2830,10.2,1,0.89
VEN0017,2023-10-23,Preferred Service Vendor 017,Standard,8,3073,7.17,0,1.0
VEN0017,2023-10-30,Preferred Service Vendor 017,Standard,8,5351,6.19,0,1.0
VEN0017,2023-11-06,Preferred Service Vendor 017,Standard,8,2919,9.19,1,0.9405
VEN0017,2023-11-13,Preferred Service Vendor 017,Standard,8,3696,10.8,1,0.86
VEN0017,2023-11-20,Preferred Service Vendor 017,Standard,8,5599,6.16,0,1.0
VEN0017,2023-11-27,Preferred Service Vendor 017,Standard,8,3957,8.19,1,0.9905
VEN0017,2023-12-04,Preferred Service Vendor 017,Standard,8,5459,10.11,1,0.8945
VEN0017,2023-12-11,Preferred Service Vendor 017,Standard,8,6978,9.78,1,0.911
VEN0017,2023-12-18,Preferred Service Vendor 017,Standard,8,5745,9.67,1,0.9165
VEN0017,2023-12-25,Preferred Service Vendor 017,Standard,8,5206,8.61,1,0.9695
VEN0017,2024-01-01,Preferred Service Vendor 017,Standard,8,5723,6.14,0,1.0
VEN0017,2024-01-08,Preferred Service Vendor 017,Standard,8,3808,11.06,1,0.847
VEN0017,2024-01-15,Preferred Service Vendor 017,Standard,8,5461,7.14,0,1.0
VEN0017,2024-01-22,Preferred Service Vendor 017,Standard,8,4504,11.09,1,0.8455
VEN0017,2024-01-29,Preferred Service Vendor 017,Standard,8,4098,5.68,0,1.0
VEN0017,2024-02-05,Preferred Service Vendor 017,Standard,8,4070,7.21,0,1.0
VEN0017,2024-02-12,Preferred Service Vendor 017,Standard,8,4990,5.41,0,1.0
VEN0017,2024-02-19,Preferred Service Vendor 017,Standard,8,4209,8.0,0,1.0
VEN0017,2024-02-26,Preferred Service Vendor 017,Standard,8,4511,6.19,0,1.0
VEN0017,2024-03-04,Preferred Service Vendor 017,Standard,8,2226,8.06,1,0.997
VEN0017,2024-03-11,Preferred Service Vendor 017,Standard,8,2986,4.52,0,1.0
VEN0017,2024-03-18,Preferred Service Vendor 017,Standard,8,3090,12.73,1,0.7635
VEN0017,2024-03-25,Preferred Service Vendor 017,Standard,8,5069,7.57,0,1.0
VEN0017,2024-04-01,Preferred Service Vendor 017,Standard,8,2392,7.75,0,1.0
VEN0017,2024-04-08,Preferred Service Vendor 017,Standard,8,4733,8.74,1,0.963
VEN0017,2024-04-15,Preferred Service Vendor 017,Standard,8,4034,6.18,0,1.0
VEN0017,2024-04-22,Preferred Service Vendor 017,Standard,8,4479,6.32,0,1.0
VEN0017,2024-04-29,Preferred Service Vendor 017,Standard,8,3758,4.8,0,1.0
VEN0017,2024-05-06,Preferred Service Vendor 017,Standard,8,5052,6.12,0,1.0
VEN0017,2024-05-13,Preferred Service Vendor 017,Standard,8,3507,8.92,1,0.954
VEN0017,2024-05-20,Preferred Service Vendor 017,Standard,8,5063,11.81,1,0.8095
VEN0017,2024-05-27,Preferred Service Vendor 017,Standard,8,4432,10.81,1,0.8595
VEN0017,2024-06-03,Preferred Service Vendor 017,Standard,8,4964,6.63,0,1.0
VEN0017,2024-06-10,Preferred Service Vendor 017,Standard,8,3916,6.67,0,1.0
VEN0017,2024-06-17,Preferred Service Vendor 017,Standard,8,3802,11.57,1,0.8215
VEN0017,2024-06-24,Preferred Service Vendor 017,Standard,8,2997,6.36,0,1.0
VEN0017,2024-07-01,Preferred Service Vendor 017,Standard,8,3021,9.36,1,0.932
VEN0017,2024-07-08,Preferred Service Vendor 017,Standard,8,3886,8.3,1,0.985
VEN0017,2024-07-15,Preferred Service Vendor 017,Standard,8,4309,6.39,0,1.0
VEN0017,2024-07-22,Preferred Service Vendor 017,Standard,8,3263,7.38,0,1.0
VEN0017,2024-07-29,Preferred Service Vendor 017,Standard,8,3839,8.26,1,0.987
VEN0017,2024-08-05,Preferred Service Vendor 017,Standard,8,5360,8.5,1,0.975
VEN0017,2024-08-12,Preferred Service Vendor 017,Standard,8,5196,12.78,1,0.761
VEN0017,2024-08-19,Preferred Service Vendor 017,Standard,8,5677,6.92,0,1.0
VEN0017,2024-08-26,Preferred Service Vendor 017,Standard,8,3779,5.91,0,1.0
VEN0017,2024-09-02,Preferred Service Vendor 017,Standard,8,3669,7.16,0,1.0
VEN0017,2024-09-09,Preferred Service Vendor 017,Standard,8,3602,4.6,0,1.0
VEN0017,2024-09-16,Preferred Service Vendor 017,Standard,8,5118,8.17,1,0.9915
VEN0017,2024-09-23,Preferred Service Vendor 017,Standard,8,3697,9.85,1,0.9075
VEN0017,2024-09-30,Preferred Service Vendor 017,Standard,8,2080,8.98,1,0.951
VEN0017,2024-10-07,Preferred Service Vendor 017,Standard,8,3013,5.69,0,1.0
VEN0017,2024-10-14,Preferred Service Vendor 017,Standard,8,7020,8.73,1,0.9635
VEN0017,2024-10-21,Preferred Service Vendor 017,Standard,8,4758,9.89,1,0.9055
VEN0017,2024-10-28,Preferred Service Vendor 017,Standard,8,3911,12.26,1,0.787
VEN0017,2024-11-04,Preferred Service Vendor 017,Standard,8,5485,8.45,1,0.9775
VEN0017,2024-11-11,Preferred Service Vendor 017,Standard,8,5128,10.97,1,0.8515
VEN0017,2024-11-18,Preferred Service Vendor 017,Standard,8,692,6.95,0,1.0
VEN0017,2024-11-25,Preferred Service Vendor 017,Standard,8,1130,10.87,1,0.8565
VEN0017,2024-12-02,Preferred Service Vendor 017,Standard,8,3849,11.46,1,0.827
VEN0017,2024-12-09,Preferred Service Vendor 017,Standard,8,5400,8.78,1,0.961
VEN0017,2024-12-16,Preferred Service Vendor 017,Standard,8,4124,11.43,1,0.8285
VEN0017,2024-12-23,Preferred Service Vendor 017,Standard,8,4152,4.72,0,1.0
VEN0017,2024-12-30,Preferred Service Vendor 017,Standard,8,4899,10.21,1,0.8895
VEN0018,2023-01-02,Preferred Service Vendor 018,Standard,12,5419,9.09,0,1.0
VEN0018,2023-01-09,Preferred Service Vendor 018,Standard,12,3517,10.9,0,1.0
VEN0018,2023-01-16,Preferred Service Vendor 018,Standard,12,4110,16.13,1,0.7935
VEN0018,2023-01-23,Preferred Service Vendor 018,Standard,12,2687,15.91,1,0.8045
VEN0018,2023-01-30,Preferred Service Vendor 018,Standard,12,6094,16.62,1,0.769
VEN0018,2023-02-06,Preferred Service Vendor 018,Standard,12,4694,8.34,0,1.0
VEN0018,2023-02-13,Preferred Service Vendor 018,Standard,12,3676,12.12,1,0.994
VEN0018,2023-02-20,Preferred Service Vendor 018,Standard,12,1380,14.98,1,0.851
VEN0018,2023-02-27,Preferred Service Vendor 018,Standard,12,5573,8.02,0,1.0
VEN0018,2023-03-06,Preferred Service Vendor 018,Standard,12,3916,8.63,0,1.0
VEN0018,2023-03-13,Preferred Service Vendor 018,Standard,12,5600,16.57,1,0.7715
VEN0018,2023-03-20,Preferred Service Vendor 018,Standard,12,2444,8.9,0,1.0
VEN0018,2023-03-27,Preferred Service Vendor 018,Standard,12,5698,10.05,0,1.0
VEN0018,2023-04-03,Preferred Service Vendor 018,Standard,12,3475,12.9,1,0.955
VEN0018,2023-04-10,Preferred Service Vendor 018,Standard,12,3588,14.38,1,0.881
VEN0018,2023-04-17,Preferred Service Vendor 018,Standard,12,5183,9.97,0,1.0
VEN0018,2023-04-24,Preferred Service Vendor 018,Standard,12,3340,10.5,0,1.0
VEN0018,2023-05-01,Preferred Service Vendor 018,Standard,12,3382,16.75,1,0.7625
VEN0018,2023-05-08,Preferred Service Vendor 018,Standard,12,4462,10.58,0,1.0
VEN0018,2023-05-15,Preferred Service Vendor 018,Standard,12,5433,18.44,1,0.678
VEN0018,2023-05-22,Preferred Service Vendor 018,Standard,12,5759,15.72,1,0.814
VEN0018,2023-05-29,Preferred Service Vendor 018,Standard,12,3676,7.8,0,1.0
VEN0018,2023-06-05,Preferred Service Vendor 018,Standard,12,4741,15.64,1,0.818
VEN0018,2023-06-12,Preferred Service Vendor 018,Standard,12,4668,14.6,1,0.87
VEN0018,2023-06-19,Preferred Service Vendor 018,Standard,12,7123,14.79,1,0.8605
VEN0018,2023-06-26,Preferred Service Vendor 018,Standard,12,3887,16.83,1,0.7585
VEN0018,2023-07-03,Preferred Service Vendor 018,Standard,12,4635,14.51,1,0.8745
VEN0018,2023-07-10,Preferred Service Vendor 018,Standard,12,5291,17.62,1,0.719
VEN0018,2023-07-17,Preferred Service Vendor 018,Standard,12,5306,17.12,1,0.744
VEN0018,2023-07-24,Preferred Service Vendor 018,Standard,12,4536,17.93,1,0.7035
VEN0018,2023-07-31,Preferred Service Vendor 018,Standard,12,3767,17.14,1,0.743
VEN0018,2023-08-07,Preferred Service Vendor 018,Standard,12,3627,9.03,0,1.0
VEN0018,2023-08-14,Preferred Service Vendor 018,Standard,12,4929,10.61,0,1.0
VEN0018,2023-08-21,Preferred Service Vendor 018,Standard,12,4666,13.38,1,0.931
VEN0018,2023-08-28,Preferred Service Vendor 018,Standard,12,4385,12.85,1,0.9575
VEN0018,2023-09-04,Preferred Service Vendor 018,Standard,12,3843,13.47,1,0.9265
VEN0018,2023-09-11,Preferred Service Vendor 018,Standard,12,2548,13.1,1,0.945
VEN0018,2023-09-18,Preferred Service Vendor 018,Standard,12,2849,8.76,0,1.0
VEN0018,2023-09-25,Preferred Service Vendor 018,Standard,12,3803,16.36,1,0.782
VEN0018,2023-10-02,Preferred Service Vendor 018,Standard,12,3440,15.15,1,0.8425
VEN0018,2023-10-09,Preferred Service Vendor 018,Standard,12,3560,9.51,0,1.0
VEN0018,2023-10-16,Preferred Service Vendor 018,Standard,12,3877,5.93,0,1.0
VEN0018,2023-10-23,Preferred Service Vendor 018,Standard,12,3941,11.3,0,1.0
VEN0018,2023-10-30,Preferred Service Vendor 018,Standard,12,4486,7.81,0,1.0
VEN0018,2023-11-06,Preferred Service Vendor 018,Standard,12,4016,10.22,0,1.0
VEN0018,2023-11-13,Preferred Service Vendor 018,Standard,12,5331,14.65,1,0.8675
VEN0018,2023-11-20,Preferred Service Vendor 018,Standard,12,4443,12.12,1,0.994
VEN0018,2023-11-27,Preferred Service Vendor 018,Standard,12,5189,10.81,0,1.0
VEN0018,2023-12-04,Preferred Service Vendor 018,Standard,12,3787,17.82,1,0.709
VEN0018,2023-12-11,Preferred Service Vendor 018,Standard,12,4624,7.41,0,1.0
VEN0018,2023-12-18,Preferred Service Vendor 018,Standard,12,2571,18.26,1,0.687
VEN0018,2023-12-25,Preferred Service Vendor 018,Standard,12,3824,15.18,1,0.841
VEN0018,2024-01-01,Preferred Service Vendor 018,Standard,12,2991,15.57,1,0.8215
VEN0018,2024-01-08,Preferred Service Vendor 018,Standard,12,5249,14.21,1,0.8895
VEN0018,2024-01-15,Preferred Service Vendor 018,Standard,12,4059,13.22,1,0.939
VEN0018,2024-01-22,Preferred Service Vendor 018,Standard,12,2502,13.34,1,0.933
VEN0018,2024-01-29,Preferred Service Vendor 018,Standard,12,3768,17.59,1,0.7205
VEN0018,2024-02-05,Preferred Service Vendor 018,Standard,12,4825,7.88,0,1.0
VEN0018,2024-02-12,Preferred Service Vendor 018,Standard,12,2806,10.02,0,1.0
VEN0018,2024-02-19,Preferred Service Vendor 018,Standard,12,5894,11.88,0,1.0
VEN0018,2024-02-26,Preferred Service Vendor 018,Standard,12,2891,12.72,1,0.964
VEN0018,2024-03-04,Preferred Service Vendor 018,Standard,12,4823,15.34,1,0.833
VEN0018,2024-03-11,Preferred Service Vendor 018,Standard,12,4068,8.13,0,1.0
VEN0018,2024-03-18,Preferred Service Vendor 018,Standard,12,3619,15.76,1,0.812
VEN0018,2024-03-25,Preferred Service Vendor 018,Standard,12,1404,18.91,1,0.6545
VEN0018,2024-04-01,Preferred Service Vendor 018,Standard,12,3450,7.52,0,1.0
VEN0018,2024-04-08,Preferred Service Vendor 018,Standard,12,4982,17.22,1,0.739
VEN0018,2024-04-15,Preferred Service Vendor 018,Standard,12,2708,12.19,1,0.9905
VEN0018,2024-04-22,Preferred Service Vendor 018,Standard,12,4312,16.43,1,0.7785
VEN0018,2024-04-29,Preferred Service Vendor 018,Standard,12,3789,10.98,0,1.0
VEN0018,2024-05-06,Preferred Service Vendor 018,Standard,12,4056,10.14,0,1.0
VEN0018,2024-05-13,Preferred Service Vendor 018,Standard,12,4188,10.96,0,1.0
VEN0018,2024-05-20,Preferred Service Vendor 018,Standard,12,3331,13.44,1,0.928
VEN0018,2024-05-27,Preferred Service Vendor 018,Standard,12,4001,15.46,1,0.827
VEN0018,2024-06-03,Preferred Service Vendor 018,Standard,12,3609,19.15,1,0.6425
VEN0018,2024-06-10,Preferred Service Vendor 018,Standard,12,4030,9.26,0,1.0
VEN0018,2024-06-17,Preferred Service Vendor 018,Standard,12,5439,11.84,0,1.0
VEN0018,2024-06-24,Preferred Service Vendor 018,Standard,12,4766,16.41,1,0.7795
VEN0018,2024-07-01,Preferred Service Vendor 018,Standard,12,4881,13.46,1,0.927
VEN0018,2024-07-08,Preferred Service Vendor 018,Standard,12,3709,14.35,1,0.8825
VEN0018,2024-07-15,Preferred Service Vendor 018,Standard,12,1507,15.7,1,0.815
VEN0018,2024-07-22,Preferred Service Vendor 018,Standard,12,4676,12.03,1,0.9985
VEN0018,2024-07-29,Preferred Service Vendor 018,Standard,12,5175,12.82,1,0.959
VEN0018,2024-08-05,Preferred Service Vendor 018,Standard,12,3896,14.18,1,0.891
VEN0018,2024-08-12,Preferred Service Vendor 018,Standard,12,2966,8.24,0,1.0
VEN0018,2024-08-19,Preferred Service Vendor 018,Standard,12,4152,15.1,1,0.845
VEN0018,2024-08-26,Preferred Service Vendor 018,Standard,12,3391,7.07,0,1.0
VEN0018,2024-09-02,Preferred Service Vendor 018,Standard,12,2465,15.08,1,0.846
VEN0018,2024-09-09,Preferred Service Vendor 018,Standard,12,2946,11.17,0,1.0
VEN0018,2024-09-16,Preferred Service Vendor 018,Standard,12,4649,11.88,0,1.0
VEN0018,2024-09-23,Preferred Service Vendor 018,Standard,12,3720,9.02,0,1.0
VEN0018,2024-09-30,Preferred Service Vendor 018,Standard,12,3007,13.18,1,0.941
VEN0018,2024-10-07,Preferred Service Vendor 018,Standard,12,4712,9.72,0,1.0
VEN0018,2024-10-14,Preferred Service Vendor 018,Standard,12,4029,17.22,1,0.739
VEN0018,2024-10-21,Preferred Service Vendor 018,Standard,12,2171,12.45,1,0.9775
VEN0018,2024-10-28,Preferred Service Vendor 018,Standard,12,3051,10.19,0,1.0
VEN0018,2024-11-04,Preferred Service Vendor 018,Standard,12,4215,18.06,1,0.697
VEN0018,2024-11-11,Preferred Service Vendor 018,Standard,12,4342,13.59,1,0.9205
VEN0018,2024-11-18,Preferred Service Vendor 018,Standard,12,2932,6.02,0,1.0
VEN0018,2024-11-25,Preferred Service Vendor 018,Standard,12,2284,16.3,1,0.785
VEN0018,2024-12-02,Preferred Service Vendor 018,Standard,12,4539,14.0,1,0.9
VEN0018,2024-12-09,Preferred Service Vendor 018,Standard,12,4363,17.36,1,0.732
VEN0018,2024-12-16,Preferred Service Vendor 018,Standard,12,4101,15.69,1,0.8155
VEN0018,2024-12-23,Preferred Service Vendor 018,Standard,12,2277,7.93,0,1.0
VEN0018,2024-12-30,Preferred Service Vendor 018,Standard,12,4879,15.34,1,0.833
VEN0019,2023-01-02,Preferred Service Vendor 019,Strategic,4,3590,6.49,1,0.8755
VEN0019,2023-01-09,Preferred Service Vendor 019,Strategic,4,4674,5.77,1,0.9115
VEN0019,2023-01-16,Preferred Service Vendor 019,Strategic,4,6463,2.96,0,1.0
VEN0019,2023-01-23,Preferred Service Vendor 019,Strategic,4,4486,4.15,1,0.9925
VEN0019,2023-01-30,Preferred Service Vendor 019,Strategic,4,3350,4.41,1,0.9795
VEN0019,2023-02-06,Preferred Service Vendor 019,Strategic,4,2442,2.98,0,1.0
VEN0019,2023-02-13,Preferred Service Vendor 019,Strategic,4,5166,5.16,1,0.942
VEN0019,2023-02-20,Preferred Service Vendor 019,Strategic,4,4578,4.81,1,0.9595
VEN0019,2023-02-27,Preferred Service Vendor 019,Strategic,4,3593,4.31,1,0.9845
VEN0019,2023-03-06,Preferred Service Vendor 019,Strategic,4,4906,4.2,1,0.99
VEN0019,2023-03-13,Preferred Service Vendor 019,Strategic,4,3936,4.91,1,0.9545
VEN0019,2023-03-20,Preferred Service Vendor 019,Strategic,4,4213,2.78,0,1.0
VEN0019,2023-03-27,Preferred Service Vendor 019,Strategic,4,4597,4.52,1,0.974
VEN0019,2023-04-03,Preferred Service Vendor 019,Strategic,4,5516,5.37,1,0.9315
VEN0019,2023-04-10,Preferred Service Vendor 019,Strategic,4,3662,5.44,1,0.928
VEN0019,2023-04-17,Preferred Service Vendor 019,Strategic,4,2408,5.33,1,0.9335
VEN0019,2023-04-24,Preferred Service Vendor 019,Strategic,4,4472,4.32,1,0.984
VEN0019,2023-05-01,Preferred Service Vendor 019,Strategic,4,3771,6.09,1,0.8955
VEN0019,2023-05-08,Preferred Service Vendor 019,Strategic,4,4031,2.6,0,1.0
VEN0019,2023-05-15,Preferred Service Vendor 019,Strategic,4,4792,6.15,1,0.8925
VEN0019,2023-05-22,Preferred Service Vendor 019,Strategic,4,6101,4.86,1,0.957
VEN0019,2023-05-29,Preferred Service Vendor 019,Strategic,4,3468,3.93,0,1.0
VEN0019,2023-06-05,Preferred Service Vendor 019,Strategic,4,5110,3.82,0,1.0
VEN0019,2023-06-12,Preferred Service Vendor 019,Strategic,4,4962,4.67,1,0.9665
VEN0019,2023-06-19,Preferred Service Vendor 019,Strategic,4,2292,5.62,1,0.919
VEN0019,2023-06-26,Preferred Service Vendor 019,Strategic,4,4169,2.31,0,1.0
VEN0019,2023-07-03,Preferred Service Vendor 019,Strategic,4,4034,4.34,1,0.983
VEN0019,2023-07-10,Preferred Service Vendor 019,Strategic,4,3959,4.17,1,0.9915
VEN0019,2023-07-17,Preferred Service Vendor 019,Strategic,4,5414,3.64,0,1.0
VEN0019,2023-07-24,Preferred Service Vendor 019,Strategic,4,4428,6.24,1,0.888
VEN0019,2023-07-31,Preferred Service Vendor 019,Strategic,4,5652,2.61,0,1.0
VEN0019,2023-08-07,Preferred Service Vendor 019,Strategic,4,4809,2.97,0,1.0
VEN0019,2023-08-14,Preferred Service Vendor 019,Strategic,4,4319,3.51,0,1.0
VEN0019,2023-08-21,Preferred Service Vendor 019,Strategic,4,5162,1.88,0,1.0
VEN0019,2023-08-28,Preferred Service Vendor 019,Strategic,4,3314,6.34,1,0.883
VEN0019,2023-09-04,Preferred Service Vendor 019,Strategic,4,5686,5.4,1,0.93
VEN0019,2023-09-11,Preferred Service Vendor 019,Strategic,4,3730,5.91,1,0.9045
VEN0019,2023-09-18,Preferred Service Vendor 019,Strategic,4,4783,4.25,1,0.9875
VEN0019,2023-09-25,Preferred Service Vendor 019,Strategic,4,4189,3.9,0,1.0
VEN0019,2023-10-02,Preferred Service Vendor 019,Strategic,4,4060,5.05,1,0.9475
VEN0019,2023-10-09,Preferred Service Vendor 019,Strategic,4,5851,5.84,1,0.908
VEN0019,2023-10-16,Preferred Service Vendor 019,Strategic,4,5090,5.99,1,0.9005
VEN0019,2023-10-23,Preferred Service Vendor 019,Strategic,4,5463,6.79,1,0.8605
VEN0019,2023-10-30,Preferred Service Vendor 019,Strategic,4,3660,4.13,1,0.9935
VEN0019,2023-11-06,Preferred Service Vendor 019,Strategic,4,6955,5.39,1,0.9305
VEN0019,2023-11-13,Preferred Service Vendor 019,Strategic,4,4917,6.45,1,0.8775
VEN0019,2023-11-20,Preferred Service Vendor 019,Strategic,4,5034,3.96,0,1.0
VEN0019,2023-11-27,Preferred Service Vendor 019,Strategic,4,2682,6.12,1,0.894
VEN0019,2023-12-04,Preferred Service Vendor 019,Strategic,4,4325,2.45,0,1.0
VEN0019,2023-12-11,Preferred Service Vendor 019,Strategic,4,4202,4.16,1,0.992
VEN0019,2023-12-18,Preferred Service Vendor 019,Strategic,4,5700,3.42,0,1.0
VEN0019,2023-12-25,Preferred Service Vendor 019,Strategic,4,5177,2.65,0,1.0
VEN0019,2024-01-01,Preferred Service Vendor 019,Strategic,4,4506,3.99,0,1.0
VEN0019,2024-01-08,Preferred Service Vendor 019,Strategic,4,4540,4.28,1,0.986
VEN0019,2024-01-15,Preferred Service Vendor 019,Strategic,4,6147,3.4,0,1.0
VEN0019,2024-01-22,Preferred Service Vendor 019,Strategic,4,3490,3.32,0,1.0
VEN0019,2024-01-29,Preferred Service Vendor 019,Strategic,4,3085,2.85,0,1.0
VEN0019,2024-02-05,Preferred Service Vendor 019,Strategic,4,6262,3.66,0,1.0
VEN0019,2024-02-12,Preferred Service Vendor 019,Strategic,4,1970,7.4,1,0.83
VEN0019,2024-02-19,Preferred Service Vendor 019,Strategic,4,5557,4.88,1,0.956
VEN0019,2024-02-26,Preferred Service Vendor 019,Strategic,4,3546,5.21,1,0.9395
VEN0019,2024-03-04,Preferred Service Vendor 019,Strategic,4,3567,5.55,1,0.9225
VEN0019,2024-03-11,Preferred Service Vendor 019,Strategic,4,5077,5.5,1,0.925
VEN0019,2024-03-18,Preferred Service Vendor 019,Strategic,4,4613,3.88,0,1.0
VEN0019,2024-03-25,Preferred Service Vendor 019,Strategic,4,3946,6.78,1,0.861
VEN0019,2024-04-01,Preferred Service Vendor 019,Strategic,4,5654,4.92,1,0.954
VEN0019,2024-04-08,Preferred Service Vendor 019,Strategic,4,4249,5.26,1,0.937
VEN0019,2024-04-15,Preferred Service Vendor 019,Strategic,4,4168,6.21,1,0.8895
VEN0019,2024-04-22,Preferred Service Vendor 019,Strategic,4,4223,2.16,0,1.0
VEN0019,2024-04-29,Preferred Service Vendor 019,Strategic,4,4041,4.72,1,0.964
VEN0019,2024-05-06,Preferred Service Vendor 019,Strategic,4,5718,1.72,0,1.0
VEN0019,2024-05-13,Preferred Service Vendor 019,Strategic,4,2968,3.62,0,1.0
VEN0019,2024-05-20,Preferred Service Vendor 019,Strategic,4,3454,5.01,1,0.9495
VEN0019,2024-05-27,Preferred Service Vendor 019,Strategic,4,3289,6.64,1,0.868
VEN0019,2024-06-03,Preferred Service Vendor 019,Strategic,4,3319,2.25,0,1.0
VEN0019,2024-06-10,Preferred Service Vendor 019,Strategic,4,2895,2.93,0,1.0
VEN0019,2024-06-17,Preferred Service Vendor 019,Strategic,4,4373,3.17,0,1.0
VEN0019,2024-06-24,Preferred Service Vendor 019,Strategic,4,5206,5.14,1,0.943
VEN0019,2024-07-01,Preferred Service Vendor 019,Strategic,4,4896,5.92,1,0.904
VEN0019,2024-07-08,Preferred Service Vendor 019,Strategic,4,4053,3.72,0,1.0
VEN0019,2024-07-15,Preferred Service Vendor 019,Strategic,4,1490,6.17,1,0.8915
VEN0019,2024-07-22,Preferred Service Vendor 019,Strategic,4,6179,4.14,1,0.993
VEN0019,2024-07-29,Preferred Service Vendor 019,Strategic,4,2458,3.44,0,1.0
VEN0019,2024-08-05,Preferred Service Vendor 019,Strategic,4,3189,4.84,1,0.958
VEN0019,2024-08-12,Preferred Service Vendor 019,Strategic,4,3108,6.62,1,0.869
VEN0019,2024-08-19,Preferred Service Vendor 019,Strategic,4,3659,4.7,1,0.965
VEN0019,2024-08-26,Preferred Service Vendor 019,Strategic,4,5838,6.18,1,0.891
VEN0019,2024-09-02,Preferred Service Vendor 019,Strategic,4,4586,6.43,1,0.8785
VEN0019,2024-09-09,Preferred Service Vendor 019,Strategic,4,5564,4.49,1,0.9755
VEN0019,2024-09-16,Preferred Service Vendor 019,Strategic,4,4928,4.75,1,0.9625
VEN0019,2024-09-23,Preferred Service Vendor 019,Strategic,4,4357,4.03,1,0.9985
VEN0019,2024-09-30,Preferred Service Vendor 019,Strategic,4,5336,6.86,1,0.857
VEN0019,2024-10-07,Preferred Service Vendor 019,Strategic,4,5751,4.05,1,0.9975
VEN0019,2024-10-14,Preferred Service Vendor 019,Strategic,4,4992,3.99,0,1.0
VEN0019,2024-10-21,Preferred Service Vendor 019,Strategic,4,2360,6.1,1,0.895
VEN0019,2024-10-28,Preferred Service Vendor 019,Strategic,4,3394,3.83,0,1.0
VEN0019,2024-11-04,Preferred Service Vendor 019,Strategic,4,4777,2.93,0,1.0
VEN0019,2024-11-11,Preferred Service Vendor 019,Strategic,4,5898,7.32,1,0.834
VEN0019,2024-11-18,Preferred Service Vendor 019,Strategic,4,3843,6.05,1,0.8975
VEN0019,2024-11-25,Preferred Service Vendor 019,Strategic,4,4413,6.06,1,0.897
VEN0019,2024-12-02,Preferred Service Vendor 019,Strategic,4,4469,5.47,1,0.9265
VEN0019,2024-12-09,Preferred Service Vendor 019,Strategic,4,2557,3.72,0,1.0
VEN0019,2024-12-16,Preferred Service Vendor 019,Strategic,4,3754,4.3,1,0.985
VEN0019,2024-12-23,Preferred Service Vendor 019,Strategic,4,4012,6.38,1,0.881
VEN0019,2024-12-30,Preferred Service Vendor 019,Strategic,4,5200,1.97,0,1.0
VEN0020,2023-01-02,Preferred Service Vendor 020,Preferred,8,5096,11.34,1,0.833
VEN0020,2023-01-09,Preferred Service Vendor 020,Preferred,8,4958,6.23,0,1.0
VEN0020,2023-01-16,Preferred Service Vendor 020,Preferred,8,6610,11.81,1,0.8095
VEN0020,2023-01-23,Preferred Service Vendor 020,Preferred,8,2867,11.52,1,0.824
VEN0020,2023-01-30,Preferred Service Vendor 020,Preferred,8,2905,7.26,0,1.0
VEN0020,2023-02-06,Preferred Service Vendor 020,Preferred,8,5600,10.55,1,0.8725
VEN0020,2023-02-13,Preferred Service Vendor 020,Preferred,8,3138,10.95,1,0.8525
VEN0020,2023-02-20,Preferred Service Vendor 020,Preferred,8,5889,5.41,0,1.0
VEN0020,2023-02-27,Preferred Service Vendor 020,Preferred,8,5938,6.43,0,1.0
VEN0020,2023-03-06,Preferred Service Vendor 020,Preferred,8,4751,11.31,1,0.8345
VEN0020,2023-03-13,Preferred Service Vendor 020,Preferred,8,5021,11.25,1,0.8375
VEN0020,2023-03-20,Preferred Service Vendor 020,Preferred,8,3994,12.2,1,0.79
VEN0020,2023-03-27,Preferred Service Vendor 020,Preferred,8,5052,4.71,0,1.0
VEN0020,2023-04-03,Preferred Service Vendor 020,Preferred,8,3534,9.75,1,0.9125
VEN0020,2023-04-10,Preferred Service Vendor 020,Preferred,8,5395,9.0,1,0.95
VEN0020,2023-04-17,Preferred Service Vendor 020,Preferred,8,4773,6.15,0,1.0
VEN0020,2023-04-24,Preferred Service Vendor 020,Preferred,8,4447,13.15,1,0.7425
VEN0020,2023-05-01,Preferred Service Vendor 020,Preferred,8,5126,10.32,1,0.884
VEN0020,2023-05-08,Preferred Service Vendor 020,Preferred,8,6045,7.86,0,1.0
VEN0020,2023-05-15,Preferred Service Vendor 020,Preferred,8,5602,4.81,0,1.0
VEN0020,2023-05-22,Preferred Service Vendor 020,Preferred,8,4031,10.41,1,0.8795
VEN0020,2023-05-29,Preferred Service Vendor 020,Preferred,8,4765,10.37,1,0.8815
VEN0020,2023-06-05,Preferred Service Vendor 020,Preferred,8,1043,9.64,1,0.918
VEN0020,2023-06-12,Preferred Service Vendor 020,Preferred,8,5982,5.83,0,1.0
VEN0020,2023-06-19,Preferred Service Vendor 020,Preferred,8,4410,6.16,0,1.0
VEN0020,2023-06-26,Preferred Service Vendor 020,Preferred,8,4634,7.99,0,1.0
VEN0020,2023-07-03,Preferred Service Vendor 020,Preferred,8,6796,5.12,0,1.0
VEN0020,2023-07-10,Preferred Service Vendor 020,Preferred,8,4273,12.88,1,0.756
VEN0020,2023-07-17,Preferred Service Vendor 020,Preferred,8,4160,5.15,0,1.0
VEN0020,2023-07-24,Preferred Service Vendor 020,Preferred,8,4698,12.22,1,0.789
VEN0020,2023-07-31,Preferred Service Vendor 020,Preferred,8,3125,10.64,1,0.868
VEN0020,2023-08-07,Preferred Service Vendor 020,Preferred,8,1273,10.22,1,0.889
VEN0020,2023-08-14,Preferred Service Vendor 020,Preferred,8,3972,8.41,1,0.9795
VEN0020,2023-08-21,Preferred Service Vendor 020,Preferred,8,2308,12.62,1,0.769
VEN0020,2023-08-28,Preferred Service Vendor 020,Preferred,8,5105,11.01,1,0.8495
VEN0020,2023-09-04,Preferred Service Vendor 020,Preferred,8,4626,5.96,0,1.0
VEN0020,2023-09-11,Preferred Service Vendor 020,Preferred,8,3922,5.24,0,1.0
VEN0020,2023-09-18,Preferred Service Vendor 020,Preferred,8,4125,7.06,0,1.0
VEN0020,2023-09-25,Preferred Service Vendor 020,Preferred,8,5994,11.75,1,0.8125
VEN0020,2023-10-02,Preferred Service Vendor 020,Preferred,8,904,8.25,1,0.9875
VEN0020,2023-10-09,Preferred Service Vendor 020,Preferred,8,2137,9.42,1,0.929
VEN0020,2023-10-16,Preferred Service Vendor 020,Preferred,8,2939,8.23,1,0.9885
VEN0020,2023-10-23,Preferred Service Vendor 020,Preferred,8,4467,12.27,1,0.7865
VEN0020,2023-10-30,Preferred Service Vendor 020,Preferred,8,4367,3.32,0,1.0
VEN0020,2023-11-06,Preferred Service Vendor 020,Preferred,8,5428,6.5,0,1.0
VEN0020,2023-11-13,Preferred Service Vendor 020,Preferred,8,3954,8.02,1,0.999
VEN0020,2023-11-20,Preferred Service Vendor 020,Preferred,8,5762,8.68,1,0.966
VEN0020,2023-11-27,Preferred Service Vendor 020,Preferred,8,4798,10.13,1,0.8935
VEN0020,2023-12-04,Preferred Service Vendor 020,Preferred,8,5332,7.62,0,1.0
VEN0020,2023-12-11,Preferred Service Vendor 020,Preferred,8,5707,8.68,1,0.966
VEN0020,2023-12-18,Preferred Service Vendor 020,Preferred,8,4439,7.92,0,1.0
VEN0020,2023-12-25,Preferred Service Vendor 020,Preferred,8,5093,9.76,1,0.912
VEN0020,2024-01-01,Preferred Service Vendor 020,Preferred,8,3543,7.75,0,1.0
VEN0020,2024-01-08,Preferred Service Vendor 020,Preferred,8,5918,8.91,1,0.9545
VEN0020,2024-01-15,Preferred Service Vendor 020,Preferred,8,6138,11.14,1,0.843
VEN0020,2024-01-22,Preferred Service Vendor 020,Preferred,8,4603,6.88,0,1.0
VEN0020,2024-01-29,Preferred Service Vendor 020,Preferred,8,3477,5.99,0,1.0
VEN0020,2024-02-05,Preferred Service Vendor 020,Preferred,8,4690,5.99,0,1.0
VEN0020,2024-02-12,Preferred Service Vendor 020,Preferred,8,5028,9.2,1,0.94
VEN0020,2024-02-19,Preferred Service Vendor 020,Preferred,8,3681,12.34,1,0.783
VEN0020,2024-02-26,Preferred Service Vendor 020,Preferred,8,2162,7.25,0,1.0
VEN0020,2024-03-04,Preferred Service Vendor 020,Preferred,8,4541,9.4,1,0.93
VEN0020,2024-03-11,Preferred Service Vendor 020,Preferred,8,4282,5.9,0,1.0
VEN0020,2024-03-18,Preferred Service Vendor 020,Preferred,8,4148,5.67,0,1.0
VEN0020,2024-03-25,Preferred Service Vendor 020,Preferred,8,3736,7.88,0,1.0
VEN0020,2024-04-01,Preferred Service Vendor 020,Preferred,8,4235,11.99,1,0.8005
VEN0020,2024-04-08,Preferred Service Vendor 020,Preferred,8,3000,10.75,1,0.8625
VEN0020,2024-04-15,Preferred Service Vendor 020,Preferred,8,4844,11.4,1,0.83
VEN0020,2024-04-22,Preferred Service Vendor 020,Preferred,8,3254,9.47,1,0.9265
VEN0020,2024-04-29,Preferred Service Vendor 020,Preferred,8,2237,7.52,0,1.0
VEN0020,2024-05-06,Preferred Service Vendor 020,Preferred,8,5987,12.29,1,0.7855
VEN0020,2024-05-13,Preferred Service Vendor 020,Preferred,8,6894,8.38,1,0.981
VEN0020,2024-05-20,Preferred Service Vendor 020,Preferred,8,5141,11.25,1,0.8375
VEN0020,2024-05-27,Preferred Service Vendor 020,Preferred,8,3539,9.55,1,0.9225
VEN0020,2024-06-03,Preferred Service Vendor 020,Preferred,8,4802,6.47,0,1.0
VEN0020,2024-06-10,Preferred Service Vendor 020,Preferred,8,3769,7.71,0,1.0
VEN0020,2024-06-17,Preferred Service Vendor 020,Preferred,8,2597,6.8,0,1.0
VEN0020,2024-06-24,Preferred Service Vendor 020,Preferred,8,3823,5.78,0,1.0
VEN0020,2024-07-01,Preferred Service Vendor 020,Preferred,8,5592,5.51,0,1.0
VEN0020,2024-07-08,Preferred Service Vendor 020,Preferred,8,5457,5.84,0,1.0
VEN0020,2024-07-15,Preferred Service Vendor 020,Preferred,8,5091,10.56,1,0.872
VEN0020,2024-07-22,Preferred Service Vendor 020,Preferred,8,5250,6.63,0,1.0
VEN0020,2024-07-29,Preferred Service Vendor 020,Preferred,8,4243,12.47,1,0.7765
VEN0020,2024-08-05,Preferred Service Vendor 020,Preferred,8,5950,8.99,1,0.9505
VEN0020,2024-08-12,Preferred Service Vendor 020,Preferred,8,5575,7.47,0,1.0
VEN0020,2024-08-19,Preferred Service Vendor 020,Preferred,8,5905,4.84,0,1.0
VEN0020,2024-08-26,Preferred Service Vendor 020,Preferred,8,4768,11.17,1,0.8415
VEN0020,2024-09-02,Preferred Service Vendor 020,Preferred,8,3597,10.01,1,0.8995
VEN0020,2024-09-09,Preferred Service Vendor 020,Preferred,8,2409,13.73,1,0.7135
VEN0020,2024-09-16,Preferred Service Vendor 020,Preferred,8,5415,11.77,1,0.8115
VEN0020,2024-09-23,Preferred Service Vendor 020,Preferred,8,6998,10.56,1,0.872
VEN0020,2024-09-30,Preferred Service Vendor 020,Preferred,8,7323,10.52,1,0.874
VEN0020,2024-10-07,Preferred Service Vendor 020,Preferred,8,3784,9.92,1,0.904
VEN0020,2024-10-14,Preferred Service Vendor 020,Preferred,8,3974,9.43,1,0.9285
VEN0020,2024-10-21,Preferred Service Vendor 020,Preferred,8,4092,11.1,1,0.845
VEN0020,2024-10-28,Preferred Service Vendor 020,Preferred,8,5425,10.71,1,0.8645
VEN0020,2024-11-04,Preferred Service Vendor 020,Preferred,8,5353,5.45,0,1.0
VEN0020,2024-11-11,Preferred Service Vendor 020,Preferred,8,5133,9.73,1,0.9135
VEN0020,2024-11-18,Preferred Service Vendor 020,Preferred,8,4193,9.11,1,0.9445
VEN0020,2024-11-25,Preferred Service Vendor 020,Preferred,8,4228,12.69,1,0.7655
VEN0020,2024-12-02,Preferred Service Vendor 020,Preferred,8,4241,12.35,1,0.7825
VEN0020,2024-12-09,Preferred Service Vendor 020,Preferred,8,3589,8.92,1,0.954
VEN0020,2024-12-16,Preferred Service Vendor 020,Preferred,8,4443,8.82,1,0.959
VEN0020,2024-12-23,Preferred Service Vendor 020,Preferred,8,4288,13.36,1,0.732
VEN0020,2024-12-30,Preferred Service Vendor 020,Preferred,8,4462,11.25,1,0.8375
VEN0021,2023-01-02,Preferred Service Vendor 021,Strategic,12,4145,7.77,0,1.0
VEN0021,2023-01-09,Preferred Service Vendor 021,Strategic,12,4221,16.5,1,0.775
VEN0021,2023-01-16,Preferred Service Vendor 021,Strategic,12,2761,10.99,0,1.0
VEN0021,2023-01-23,Preferred Service Vendor 021,Strategic,12,1661,10.91,0,1.0
VEN0021,2023-01-30,Preferred Service Vendor 021,Strategic,12,4931,14.33,1,0.8835
VEN0021,2023-02-06,Preferred Service Vendor 021,Strategic,12,3292,12.03,1,0.9985
VEN0021,2023-02-13,Preferred Service Vendor 021,Strategic,12,5338,13.36,1,0.932
VEN0021,2023-02-20,Preferred Service Vendor 021,Strategic,12,3924,13.18,1,0.941
VEN0021,2023-02-27,Preferred Service Vendor 021,Strategic,12,4919,11.99,0,1.0
VEN0021,2023-03-06,Preferred Service Vendor 021,Strategic,12,3736,17.7,1,0.715
VEN0021,2023-03-13,Preferred Service Vendor 021,Strategic,12,4502,15.14,1,0.843
VEN0021,2023-03-20,Preferred Service Vendor 021,Strategic,12,4047,10.73,0,1.0
VEN0021,2023-03-27,Preferred Service Vendor 021,Strategic,12,3924,10.92,0,1.0
VEN0021,2023-04-03,Preferred Service Vendor 021,Strategic,12,5222,16.41,1,0.7795
VEN0021,2023-04-10,Preferred Service Vendor 021,Strategic,12,5085,10.22,0,1.0
VEN0021,2023-04-17,Preferred Service Vendor 021,Strategic,12,3402,17.01,1,0.7495
VEN0021,2023-04-24,Preferred Service Vendor 021,Strategic,12,3721,14.28,1,0.886
VEN0021,2023-05-01,Preferred Service Vendor 021,Strategic,12,4812,10.95,0,1.0
VEN0021,2023-05-08,Preferred Service Vendor 021,Strategic,12,2746,16.32,1,0.784
VEN0021,2023-05-15,Preferred Service Vendor 021,Strategic,12,5192,18.28,1,0.686
VEN0021,2023-05-22,Preferred Service Vendor 021,Strategic,12,3855,17.04,1,0.748
VEN0021,2023-05-29,Preferred Service Vendor 021,Strategic,12,3328,11.03,0,1.0
VEN0021,2023-06-05,Preferred Service Vendor 021,Strategic,12,3877,8.8,0,1.0
VEN0021,2023-06-12,Preferred Service Vendor 021,Strategic,12,2326,15.64,1,0.818
VEN0021,2023-06-19,Preferred Service Vendor 021,Strategic,12,4876,11.92,0,1.0
VEN0021,2023-06-26,Preferred Service Vendor 021,Strategic,12,3677,6.77,0,1.0
VEN0021,2023-07-03,Preferred Service Vendor 021,Strategic,12,3460,8.66,0,1.0
VEN0021,2023-07-10,Preferred Service Vendor 021,Strategic,12,1834,7.92,0,1.0
VEN0021,2023-07-17,Preferred Service Vendor 021,Strategic,12,3828,11.32,0,1.0
VEN0021,2023-07-24,Preferred Service Vendor 021,Strategic,12,3856,9.32,0,1.0
VEN0021,2023-07-31,Preferred Service Vendor 021,Strategic,12,1072,14.17,1,0.8915
VEN0021,2023-08-07,Preferred Service Vendor 021,Strategic,12,5417,10.42,0,1.0
VEN0021,2023-08-14,Preferred Service Vendor 021,Strategic,12,2994,11.62,0,1.0
VEN0021,2023-08-21,Preferred Service Vendor 021,Strategic,12,846,14.87,1,0.8565
VEN0021,2023-08-28,Preferred Service Vendor 021,Strategic,12,3538,16.9,1,0.755
VEN0021,2023-09-04,Preferred Service Vendor 021,Strategic,12,3465,11.68,0,1.0
VEN0021,2023-09-11,Preferred Service Vendor 021,Strategic,12,6730,16.53,1,0.7735
VEN0021,2023-09-18,Preferred Service Vendor 021,Strategic,12,2789,11.08,0,1.0
VEN0021,2023-09-25,Preferred Service Vendor 021,Strategic,12,1873,10.89,0,1.0
VEN0021,2023-10-02,Preferred Service Vendor 021,Strategic,12,3408,12.43,1,0.9785
VEN0021,2023-10-09,Preferred Service Vendor 021,Strategic,12,6182,12.01,1,0.9995
VEN0021,2023-10-16,Preferred Service Vendor 021,Strategic,12,2868,12.86,1,0.957
VEN0021,2023-10-23,Preferred Service Vendor 021,Strategic,12,2925,11.51,0,1.0
VEN0021,2023-10-30,Preferred Service Vendor 021,Strategic,12,3527,9.26,0,1.0
VEN0021,2023-11-06,Preferred Service Vendor 021,Strategic,12,4827,12.08,1,0.996
VEN0021,2023-11-13,Preferred Service Vendor 021,Strategic,12,2147,17.59,1,0.7205
VEN0021,2023-11-20,Preferred Service Vendor 021,Strategic,12,2298,17.94,1,0.703
VEN0021,2023-11-27,Preferred Service Vendor 021,Strategic,12,3448,12.61,1,0.9695
VEN0021,2023-12-04,Preferred Service Vendor 021,Strategic,12,4246,17.89,1,0.7055
VEN0021,2023-12-11,Preferred Service Vendor 021,Strategic,12,5079,16.61,1,0.7695
VEN0021,2023-12-18,Preferred Service Vendor 021,Strategic,12,4455,12.3,1,0.985
VEN0021,2023-12-25,Preferred Service Vendor 021,Strategic,12,5344,7.21,0,1.0
VEN0021,2024-01-01,Preferred Service Vendor 021,Strategic,12,4526,12.02,1,0.999
VEN0021,2024-01-08,Preferred Service Vendor 021,Strategic,12,4687,18.5,1,0.675
VEN0021,2024-01-15,Preferred Service Vendor 021,Strategic,12,2251,15.37,1,0.8315
VEN0021,2024-01-22,Preferred Service Vendor 021,Strategic,12,4372,16.38,1,0.781
VEN0021,2024-01-29,Preferred Service Vendor 021,Strategic,12,4683,8.66,0,1.0
VEN0021,2024-02-05,Preferred Service Vendor 021,Strategic,12,4356,17.41,1,0.7295
VEN0021,2024-02-12,Preferred Service Vendor 021,Strategic,12,3912,11.38,0,1.0
VEN0021,2024-02-19,Preferred Service Vendor 021,Strategic,12,5381,16.77,1,0.7615
VEN0021,2024-02-26,Preferred Service Vendor 021,Strategic,12,5044,18.03,1,0.6985
VEN0021,2024-03-04,Preferred Service Vendor 021,Strategic,12,4371,7.18,0,1.0
VEN0021,2024-03-11,Preferred Service Vendor 021,Strategic,12,4082,15.91,1,0.8045
VEN0021,2024-03-18,Preferred Service Vendor 021,Strategic,12,3177,14.96,1,0.852
VEN0021,2024-03-25,Preferred Service Vendor 021,Strategic,12,3976,10.81,0,1.0
VEN0021,2024-04-01,Preferred Service Vendor 021,Strategic,12,1743,12.51,1,0.9745
VEN0021,2024-04-08,Preferred Service Vendor 021,Strategic,12,4245,10.8,0,1.0
VEN0021,2024-04-15,Preferred Service Vendor 021,Strategic,12,3947,17.89,1,0.7055
VEN0021,2024-04-22,Preferred Service Vendor 021,Strategic,12,2300,17.81,1,0.7095
VEN0021,2024-04-29,Preferred Service Vendor 021,Strategic,12,3830,18.22,1,0.689
VEN0021,2024-05-06,Preferred Service Vendor 021,Strategic,12,5100,17.8,1,0.71
VEN0021,2024-05-13,Preferred Service Vendor 021,Strategic,12,5477,13.89,1,0.9055
VEN0021,2024-05-20,Preferred Service Vendor 021,Strategic,12,5280,14.24,1,0.888
VEN0021,2024-05-27,Preferred Service Vendor 021,Strategic,12,5531,7.71,0,1.0
VEN0021,2024-06-03,Preferred Service Vendor 021,Strategic,12,3087,11.0,0,1.0
VEN0021,2024-06-10,Preferred Service Vendor 021,Strategic,12,7791,8.88,0,1.0
VEN0021,2024-06-17,Preferred Service Vendor 021,Strategic,12,1503,15.76,1,0.812
VEN0021,2024-06-24,Preferred Service Vendor 021,Strategic,12,5962,12.61,1,0.9695
VEN0021,2024-07-01,Preferred Service Vendor 021,Strategic,12,3000,13.65,1,0.9175
VEN0021,2024-07-08,Preferred Service Vendor 021,Strategic,12,3048,17.45,1,0.7275
VEN0021,2024-07-15,Preferred Service Vendor 021,Strategic,12,4489,12.5,1,0.975
VEN0021,2024-07-22,Preferred Service Vendor 021,Strategic,12,4843,16.32,1,0.784
VEN0021,2024-07-29,Preferred Service Vendor 021,Strategic,12,3318,18.34,1,0.683
VEN0021,2024-08-05,Preferred Service Vendor 021,Strategic,12,3712,10.46,0,1.0
VEN0021,2024-08-12,Preferred Service Vendor 021,Strategic,12,4156,16.74,1,0.763
VEN0021,2024-08-19,Preferred Service Vendor 021,Strategic,12,2305,17.35,1,0.7325
VEN0021,2024-08-26,Preferred Service Vendor 021,Strategic,12,5065,10.09,0,1.0
VEN0021,2024-09-02,Preferred Service Vendor 021,Strategic,12,4008,12.9,1,0.955
VEN0021,2024-09-09,Preferred Service Vendor 021,Strategic,12,2157,9.14,0,1.0
VEN0021,2024-09-16,Preferred Service Vendor 021,Strategic,12,4756,11.11,0,1.0
VEN0021,2024-09-23,Preferred Service Vendor 021,Strategic,12,1060,8.03,0,1.0
VEN0021,2024-09-30,Preferred Service Vendor 021,Strategic,12,5568,14.46,1,0.877
VEN0021,2024-10-07,Preferred Service Vendor 021,Strategic,12,2585,7.58,0,1.0
VEN0021,2024-10-14,Preferred Service Vendor 021,Strategic,12,4154,12.27,1,0.9865
VEN0021,2024-10-21,Preferred Service Vendor 021,Strategic,12,3530,18.59,1,0.6705
VEN0021,2024-10-28,Preferred Service Vendor 021,Strategic,12,4034,16.71,1,0.7645
VEN0021,2024-11-04,Preferred Service Vendor 021,Strategic,12,4159,10.5,0,1.0
VEN0021,2024-11-11,Preferred Service Vendor 021,Strategic,12,5386,15.3,1,0.835
VEN0021,2024-11-18,Preferred Service Vendor 021,Strategic,12,3917,16.44,1,0.778
VEN0021,2024-11-25,Preferred Service Vendor 021,Strategic,12,3333,17.02,1,0.749
VEN0021,2024-12-02,Preferred Service Vendor 021,Strategic,12,2738,14.73,1,0.8635
VEN0021,2024-12-09,Preferred Service Vendor 021,Strategic,12,3593,9.22,0,1.0
VEN0021,2024-12-16,Preferred Service Vendor 021,Strategic,12,3190,15.71,1,0.8145
VEN0021,2024-12-23,Preferred Service Vendor 021,Strategic,12,3261,9.82,0,1.0
VEN0021,2024-12-30,Preferred Service Vendor 021,Strategic,12,4006,10.97,0,1.0
VEN0022,2023-01-02,Preferred Service Vendor 022,Standard,12,4194,12.17,1,0.9915
VEN0022,2023-01-09,Preferred Service Vendor 022,Standard,12,4854,9.73,0,1.0
VEN0022,2023-01-16,Preferred Service Vendor 022,Standard,12,2118,6.85,0,1.0
VEN0022,2023-01-23,Preferred Service Vendor 022,Standard,12,6744,10.48,0,1.0
VEN0022,2023-01-30,Preferred Service Vendor 022,Standard,12,5235,14.63,1,0.8685
VEN0022,2023-02-06,Preferred Service Vendor 022,Standard,12,5754,14.65,1,0.8675
VEN0022,2023-02-13,Preferred Service Vendor 022,Standard,12,4056,8.49,0,1.0
VEN0022,2023-02-20,Preferred Service Vendor 022,Standard,12,4504,17.67,1,0.7165
VEN0022,2023-02-27,Preferred Service Vendor 022,Standard,12,4476,12.78,1,0.961
VEN0022,2023-03-06,Preferred Service Vendor 022,Standard,12,1557,14.96,1,0.852
VEN0022,2023-03-13,Preferred Service Vendor 022,Standard,12,2502,15.36,1,0.832
VEN0022,2023-03-20,Preferred Service Vendor 022,Standard,12,4705,13.73,1,0.9135
VEN0022,2023-03-27,Preferred Service Vendor 022,Standard,12,4826,12.77,1,0.9615
VEN0022,2023-04-03,Preferred Service Vendor 022,Standard,12,2850,17.21,1,0.7395
VEN0022,2023-04-10,Preferred Service Vendor 022,Standard,12,4823,16.78,1,0.761
VEN0022,2023-04-17,Preferred Service Vendor 022,Standard,12,3866,11.67,0,1.0
VEN0022,2023-04-24,Preferred Service Vendor 022,Standard,12,4533,11.44,0,1.0
VEN0022,2023-05-01,Preferred Service Vendor 022,Standard,12,4648,17.29,1,0.7355
VEN0022,2023-05-08,Preferred Service Vendor 022,Standard,12,4147,14.15,1,0.8925
VEN0022,2023-05-15,Preferred Service Vendor 022,Standard,12,5050,12.27,1,0.9865
VEN0022,2023-05-22,Preferred Service Vendor 022,Standard,12,4155,18.18,1,0.691
VEN0022,2023-05-29,Preferred Service Vendor 022,Standard,12,990,17.28,1,0.736
VEN0022,2023-06-05,Preferred Service Vendor 022,Standard,12,5740,18.39,1,0.6805
VEN0022,2023-06-12,Preferred Service Vendor 022,Standard,12,3228,12.69,1,0.9655
VEN0022,2023-06-19,Preferred Service Vendor 022,Standard,12,4692,13.53,1,0.9235
VEN0022,2023-06-26,Preferred Service Vendor 022,Standard,12,4379,12.89,1,0.9555
VEN0022,2023-07-03,Preferred Service Vendor 022,Standard,12,3490,17.66,1,0.717
VEN0022,2023-07-10,Preferred Service Vendor 022,Standard,12,4710,18.55,1,0.6725
VEN0022,2023-07-17,Preferred Service Vendor 022,Standard,12,3576,13.32,1,0.934
VEN0022,2023-07-24,Preferred Service Vendor 022,Standard,12,5541,18.89,1,0.6555
VEN0022,2023-07-31,Preferred Service Vendor 022,Standard,12,5048,12.01,1,0.9995
VEN0022,2023-08-07,Preferred Service Vendor 022,Standard,12,5919,12.33,1,0.9835
VEN0022,2023-08-14,Preferred Service Vendor 022,Standard,12,2176,13.98,1,0.901
VEN0022,2023-08-21,Preferred Service Vendor 022,Standard,12,3211,15.35,1,0.8325
VEN0022,2023-08-28,Preferred Service Vendor 022,Standard,12,1531,15.0,1,0.85
VEN0022,2023-09-04,Preferred Service Vendor 022,Standard,12,3276,15.82,1,0.809
VEN0022,2023-09-11,Preferred Service Vendor 022,Standard,12,2796,12.19,1,0.9905
VEN0022,2023-09-18,Preferred Service Vendor 022,Standard,12,5929,11.2,0,1.0
VEN0022,2023-09-25,Preferred Service Vendor 022,Standard,12,3402,7.69,0,1.0
VEN0022,2023-10-02,Preferred Service Vendor 022,Standard,12,4543,11.55,0,1.0
VEN0022,2023-10-09,Preferred Service Vendor 022,Standard,12,5933,11.68,0,1.0
VEN0022,2023-10-16,Preferred Service Vendor 022,Standard,12,3356,18.52,1,0.674
VEN0022,2023-10-23,Preferred Service Vendor 022,Standard,12,4296,10.59,0,1.0
VEN0022,2023-10-30,Preferred Service Vendor 022,Standard,12,5956,16.55,1,0.7725
VEN0022,2023-11-06,Preferred Service Vendor 022,Standard,12,4370,13.79,1,0.9105
VEN0022,2023-11-13,Preferred Service Vendor 022,Standard,12,6369,17.27,1,0.7365
VEN0022,2023-11-20,Preferred Service Vendor 022,Standard,12,5026,15.41,1,0.8295
VEN0022,2023-11-27,Preferred Service Vendor 022,Standard,12,5656,9.56,0,1.0
VEN0022,2023-12-04,Preferred Service Vendor 022,Standard,12,5766,13.57,1,0.9215
VEN0022,2023-12-11,Preferred Service Vendor 022,Standard,12,3452,10.47,0,1.0
VEN0022,2023-12-18,Preferred Service Vendor 022,Standard,12,1512,17.76,1,0.712
VEN0022,2023-12-25,Preferred Service Vendor 022,Standard,12,2979,9.66,0,1.0
VEN0022,2024-01-01,Preferred Service Vendor 022,Standard,12,3630,13.55,1,0.9225
VEN0022,2024-01-08,Preferred Service Vendor 022,Standard,12,4995,9.29,0,1.0
VEN0022,2024-01-15,Preferred Service Vendor 022,Standard,12,4394,18.01,1,0.6995
VEN0022,2024-01-22,Preferred Service Vendor 022,Standard,12,6449,9.19,0,1.0
VEN0022,2024-01-29,Preferred Service Vendor 022,Standard,12,4440,12.8,1,0.96
VEN0022,2024-02-05,Preferred Service Vendor 022,Standard,12,4920,11.38,0,1.0
VEN0022,2024-02-12,Preferred Service Vendor 022,Standard,12,2901,10.84,0,1.0
VEN0022,2024-02-19,Preferred Service Vendor 022,Standard,12,5649,9.75,0,1.0
VEN0022,2024-02-26,Preferred Service Vendor 022,Standard,12,5068,7.77,0,1.0
VEN0022,2024-03-04,Preferred Service Vendor 022,Standard,12,5155,11.74,0,1.0
VEN0022,2024-03-11,Preferred Service Vendor 022,Standard,12,3935,17.56,1,0.722
VEN0022,2024-03-18,Preferred Service Vendor 022,Standard,12,5085,10.82,0,1.0
VEN0022,2024-03-25,Preferred Service Vendor 022,Standard,12,4648,14.42,1,0.879
VEN0022,2024-04-01,Preferred Service Vendor 022,Standard,12,4377,12.27,1,0.9865
VEN0022,2024-04-08,Preferred Service Vendor 022,Standard,12,7317,18.57,1,0.6715
VEN0022,2024-04-15,Preferred Service Vendor 022,Standard,12,2286,8.63,0,1.0
VEN0022,2024-04-22,Preferred Service Vendor 022,Standard,12,4146,9.42,0,1.0
VEN0022,2024-04-29,Preferred Service Vendor 022,Standard,12,4654,11.91,0,1.0
VEN0022,2024-05-06,Preferred Service Vendor 022,Standard,12,4162,17.85,1,0.7075
VEN0022,2024-05-13,Preferred Service Vendor 022,Standard,12,3609,6.72,0,1.0
VEN0022,2024-05-20,Preferred Service Vendor 022,Standard,12,4671,18.11,1,0.6945
VEN0022,2024-05-27,Preferred Service Vendor 022,Standard,12,4571,8.19,0,1.0
VEN0022,2024-06-03,Preferred Service Vendor 022,Standard,12,2997,11.47,0,1.0
VEN0022,2024-06-10,Preferred Service Vendor 022,Standard,12,1946,12.64,1,0.968
VEN0022,2024-06-17,Preferred Service Vendor 022,Standard,12,4764,14.72,1,0.864
VEN0022,2024-06-24,Preferred Service Vendor 022,Standard,12,5040,7.94,0,1.0
VEN0022,2024-07-01,Preferred Service Vendor 022,Standard,12,4861,8.52,0,1.0
VEN0022,2024-07-08,Preferred Service Vendor 022,Standard,12,3407,9.05,0,1.0
VEN0022,2024-07-15,Preferred Service Vendor 022,Standard,12,6109,17.48,1,0.726
VEN0022,2024-07-22,Preferred Service Vendor 022,Standard,12,3474,14.16,1,0.892
VEN0022,2024-07-29,Preferred Service Vendor 022,Standard,12,3287,14.24,1,0.888
VEN0022,2024-08-05,Preferred Service Vendor 022,Standard,12,6106,9.85,0,1.0
VEN0022,2024-08-12,Preferred Service Vendor 022,Standard,12,5426,17.76,1,0.712
VEN0022,2024-08-19,Preferred Service Vendor 022,Standard,12,5863,13.34,1,0.933
VEN0022,2024-08-26,Preferred Service Vendor 022,Standard,12,6473,10.56,0,1.0
VEN0022,2024-09-02,Preferred Service Vendor 022,Standard,12,3874,13.99,1,0.9005
VEN0022,2024-09-09,Preferred Service Vendor 022,Standard,12,3627,15.3,1,0.835
VEN0022,2024-09-16,Preferred Service Vendor 022,Standard,12,2982,12.45,1,0.9775
VEN0022,2024-09-23,Preferred Service Vendor 022,Standard,12,4568,15.33,1,0.8335
VEN0022,2024-09-30,Preferred Service Vendor 022,Standard,12,4439,15.52,1,0.824
VEN0022,2024-10-07,Preferred Service Vendor 022,Standard,12,5876,10.16,0,1.0
VEN0022,2024-10-14,Preferred Service Vendor 022,Standard,12,4208,17.89,1,0.7055
VEN0022,2024-10-21,Preferred Service Vendor 022,Standard,12,2981,13.2,1,0.94
VEN0022,2024-10-28,Preferred Service Vendor 022,Standard,12,4003,15.98,1,0.801
VEN0022,2024-11-04,Preferred Service Vendor 022,Standard,12,3563,14.15,1,0.8925
VEN0022,2024-11-11,Preferred Service Vendor 022,Standard,12,3163,10.51,0,1.0
VEN0022,2024-11-18,Preferred Service Vendor 022,Standard,12,2426,10.55,0,1.0
VEN0022,2024-11-25,Preferred Service Vendor 022,Standard,12,3742,9.28,0,1.0
VEN0022,2024-12-02,Preferred Service Vendor 022,Standard,12,1694,19.03,1,0.6485
VEN0022,2024-12-09,Preferred Service Vendor 022,Standard,12,5089,9.89,0,1.0
VEN0022,2024-12-16,Preferred Service Vendor 022,Standard,12,4810,7.74,0,1.0
VEN0022,2024-12-23,Preferred Service Vendor 022,Standard,12,3431,10.81,0,1.0
VEN0022,2024-12-30,Preferred Service Vendor 022,Standard,12,2883,7.82,0,1.0
VEN0023,2023-01-02,Preferred Service Vendor 023,Standard,24,3850,30.35,1,0.6825
VEN0023,2023-01-09,Preferred Service Vendor 023,Standard,24,5365,28.04,1,0.798
VEN0023,2023-01-16,Preferred Service Vendor 023,Standard,24,2803,16.22,0,1.0
VEN0023,2023-01-23,Preferred Service Vendor 023,Standard,24,3522,25.48,1,0.926
VEN0023,2023-01-30,Preferred Service Vendor 023,Standard,24,5896,22.18,0,1.0
VEN0023,2023-02-06,Preferred Service Vendor 023,Standard,24,3568,31.57,1,0.6215
VEN0023,2023-02-13,Preferred Service Vendor 023,Standard,24,3600,19.94,0,1.0
VEN0023,2023-02-20,Preferred Service Vendor 023,Standard,24,2961,20.84,0,1.0
VEN0023,2023-02-27,Preferred Service Vendor 023,Standard,24,8400,26.12,1,0.894
VEN0023,2023-03-06,Preferred Service Vendor 023,Standard,24,3942,27.97,1,0.8015
VEN0023,2023-03-13,Preferred Service Vendor 023,Standard,24,4056,20.03,0,1.0
VEN0023,2023-03-20,Preferred Service Vendor 023,Standard,24,4586,26.59,1,0.8705
VEN0023,2023-03-27,Preferred Service Vendor 023,Standard,24,4295,30.3,1,0.685
VEN0023,2023-04-03,Preferred Service Vendor 023,Standard,24,3781,34.95,1,0.4525
VEN0023,2023-04-10,Preferred Service Vendor 023,Standard,24,4026,25.99,1,0.9005
VEN0023,2023-04-17,Preferred Service Vendor 023,Standard,24,4649,25.05,1,0.9475
VEN0023,2023-04-24,Preferred Service Vendor 023,Standard,24,4770,22.76,0,1.0
VEN0023,2023-05-01,Preferred Service Vendor 023,Standard,24,2702,36.22,1,0.389
VEN0023,2023-05-08,Preferred Service Vendor 023,Standard,24,2413,18.28,0,1.0
VEN0023,2023-05-15,Preferred Service Vendor 023,Standard,24,4729,25.18,1,0.941
VEN0023,2023-05-22,Preferred Service Vendor 023,Standard,24,4594,28.74,1,0.763
VEN0023,2023-05-29,Preferred Service Vendor 023,Standard,24,3105,20.68,0,1.0
VEN0023,2023-06-05,Preferred Service Vendor 023,Standard,24,4890,30.92,1,0.654
VEN0023,2023-06-12,Preferred Service Vendor 023,Standard,24,4777,25.73,1,0.9135
VEN0023,2023-06-19,Preferred Service Vendor 023,Standard,24,2847,35.12,1,0.444
VEN0023,2023-06-26,Preferred Service Vendor 023,Standard,24,3902,17.26,0,1.0
VEN0023,2023-07-03,Preferred Service Vendor 023,Standard,24,887,21.21,0,1.0
VEN0023,2023-07-10,Preferred Service Vendor 023,Standard,24,3724,34.21,1,0.4895
VEN0023,2023-07-17,Preferred Service Vendor 023,Standard,24,5296,29.77,1,0.7115
VEN0023,2023-07-24,Preferred Service Vendor 023,Standard,24,3787,18.35,0,1.0
VEN0023,2023-07-31,Preferred Service Vendor 023,Standard,24,3604,34.46,1,0.477
VEN0023,2023-08-07,Preferred Service Vendor 023,Standard,24,4210,30.81,1,0.6595
VEN0023,2023-08-14,Preferred Service Vendor 023,Standard,24,4167,29.33,1,0.7335
VEN0023,2023-08-21,Preferred Service Vendor 023,Standard,24,6048,36.49,1,0.3755
VEN0023,2023-08-28,Preferred Service Vendor 023,Standard,24,4227,31.48,1,0.626
VEN0023,2023-09-04,Preferred Service Vendor 023,Standard,24,5332,16.61,0,1.0
VEN0023,2023-09-11,Preferred Service Vendor 023,Standard,24,3597,26.82,1,0.859
VEN0023,2023-09-18,Preferred Service Vendor 023,Standard,24,4765,27.39,1,0.8305
VEN0023,2023-09-25,Preferred Service Vendor 023,Standard,24,1713,28.7,1,0.765
VEN0023,2023-10-02,Preferred Service Vendor 023,Standard,24,4628,21.92,0,1.0
VEN0023,2023-10-09,Preferred Service Vendor 023,Standard,24,4924,36.34,1,0.383
VEN0023,2023-10-16,Preferred Service Vendor 023,Standard,24,4205,20.47,0,1.0
VEN0023,2023-10-23,Preferred Service Vendor 023,Standard,24,3308,35.1,1,0.445
VEN0023,2023-10-30,Preferred Service Vendor 023,Standard,24,6215,28.92,1,0.754
VEN0023,2023-11-06,Preferred Service Vendor 023,Standard,24,5408,18.71,0,1.0
VEN0023,2023-11-13,Preferred Service Vendor 023,Standard,24,6433,36.85,1,0.3575
VEN0023,2023-11-20,Preferred Service Vendor 023,Standard,24,5093,32.76,1,0.562
VEN0023,2023-11-27,Preferred Service Vendor 023,Standard,24,6746,29.23,1,0.7385
VEN0023,2023-12-04,Preferred Service Vendor 023,Standard,24,3985,19.84,0,1.0
VEN0023,2023-12-11,Preferred Service Vendor 023,Standard,24,3212,18.18,0,1.0
VEN0023,2023-12-18,Preferred Service Vendor 023,Standard,24,5086,32.26,1,0.587
VEN0023,2023-12-25,Preferred Service Vendor 023,Standard,24,5808,24.44,1,0.978
VEN0023,2024-01-01,Preferred Service Vendor 023,Standard,24,4944,33.6,1,0.52
VEN0023,2024-01-08,Preferred Service Vendor 023,Standard,24,3320,23.99,0,1.0
VEN0023,2024-01-15,Preferred Service Vendor 023,Standard,24,3719,24.65,1,0.9675
VEN0023,2024-01-22,Preferred Service Vendor 023,Standard,24,5012,27.12,1,0.844
VEN0023,2024-01-29,Preferred Service Vendor 023,Standard,24,2055,35.94,1,0.403
VEN0023,2024-02-05,Preferred Service Vendor 023,Standard,24,3717,20.88,0,1.0
VEN0023,2024-02-12,Preferred Service Vendor 023,Standard,24,1871,30.14,1,0.693
VEN0023,2024-02-19,Preferred Service Vendor 023,Standard,24,4911,27.09,1,0.8455
VEN0023,2024-02-26,Preferred Service Vendor 023,Standard,24,4613,30.61,1,0.6695
VEN0023,2024-03-04,Preferred Service Vendor 023,Standard,24,4586,25.4,1,0.93
VEN0023,2024-03-11,Preferred Service Vendor 023,Standard,24,5136,24.94,1,0.953
VEN0023,2024-03-18,Preferred Service Vendor 023,Standard,24,4064,25.42,1,0.929
VEN0023,2024-03-25,Preferred Service Vendor 023,Standard,24,3354,15.3,0,1.0
VEN0023,2024-04-01,Preferred Service Vendor 023,Standard,24,4959,25.24,1,0.938
VEN0023,2024-04-08,Preferred Service Vendor 023,Standard,24,6040,36.63,1,0.3685
VEN0023,2024-04-15,Preferred Service Vendor 023,Standard,24,2258,24.71,1,0.9645
VEN0023,2024-04-22,Preferred Service Vendor 023,Standard,24,5294,20.86,0,1.0
VEN0023,2024-04-29,Preferred Service Vendor 023,Standard,24,3591,34.81,1,0.4595
VEN0023,2024-05-06,Preferred Service Vendor 023,Standard,24,2879,36.61,1,0.3695
VEN0023,2024-05-13,Preferred Service Vendor 023,Standard,24,5936,24.82,1,0.959
VEN0023,2024-05-20,Preferred Service Vendor 023,Standard,24,4915,30.32,1,0.684
VEN0023,2024-05-27,Preferred Service Vendor 023,Standard,24,4608,37.0,1,0.35
VEN0023,2024-06-03,Preferred Service Vendor 023,Standard,24,4416,36.4,1,0.38
VEN0023,2024-06-10,Preferred Service Vendor 023,Standard,24,6034,21.25,0,1.0
VEN0023,2024-06-17,Preferred Service Vendor 023,Standard,24,3645,25.41,1,0.9295
VEN0023,2024-06-24,Preferred Service Vendor 023,Standard,24,3135,32.12,1,0.594
VEN0023,2024-07-01,Preferred Service Vendor 023,Standard,24,3821,33.95,1,0.5025
VEN0023,2024-07-08,Preferred Service Vendor 023,Standard,24,3684,30.38,1,0.681
VEN0023,2024-07-15,Preferred Service Vendor 023,Standard,24,5337,28.37,1,0.7815
VEN0023,2024-07-22,Preferred Service Vendor 023,Standard,24,3626,27.17,1,0.8415
VEN0023,2024-07-29,Preferred Service Vendor 023,Standard,24,4884,31.1,1,0.645
VEN0023,2024-08-05,Preferred Service Vendor 023,Standard,24,3984,29.7,1,0.715
VEN0023,2024-08-12,Preferred Service Vendor 023,Standard,24,2551,20.3,0,1.0
VEN0023,2024-08-19,Preferred Service Vendor 023,Standard,24,3714,32.02,1,0.599
VEN0023,2024-08-26,Preferred Service Vendor 023,Standard,24,4392,28.68,1,0.766
VEN0023,2024-09-02,Preferred Service Vendor 023,Standard,24,5885,25.73,1,0.9135
VEN0023,2024-09-09,Preferred Service Vendor 023,Standard,24,4856,25.35,1,0.9325
VEN0023,2024-09-16,Preferred Service Vendor 023,Standard,24,4894,28.56,1,0.772
VEN0023,2024-09-23,Preferred Service Vendor 023,Standard,24,5364,21.48,0,1.0
VEN0023,2024-09-30,Preferred Service Vendor 023,Standard,24,5004,33.34,1,0.533
VEN0023,2024-10-07,Preferred Service Vendor 023,Standard,24,6020,29.92,1,0.704
VEN0023,2024-10-14,Preferred Service Vendor 023,Standard,24,2640,17.26,0,1.0
VEN0023,2024-10-21,Preferred Service Vendor 023,Standard,24,3381,19.72,0,1.0
VEN0023,2024-10-28,Preferred Service Vendor 023,Standard,24,5845,22.88,0,1.0
VEN0023,2024-11-04,Preferred Service Vendor 023,Standard,24,4782,14.94,0,1.0
VEN0023,2024-11-11,Preferred Service Vendor 023,Standard,24,5095,18.69,0,1.0
VEN0023,2024-11-18,Preferred Service Vendor 023,Standard,24,2558,27.56,1,0.822
VEN0023,2024-11-25,Preferred Service Vendor 023,Standard,24,2384,17.18,0,1.0
VEN0023,2024-12-02,Preferred Service Vendor 023,Standard,24,4024,20.64,0,1.0
VEN0023,2024-12-09,Preferred Service Vendor 023,Standard,24,5512,25.33,1,0.9335
VEN0023,2024-12-16,Preferred Service Vendor 023,Standard,24,2280,33.29,1,0.5355
VEN0023,2024-12-23,Preferred Service Vendor 023,Standard,24,5547,33.78,1,0.511
VEN0023,2024-12-30,Preferred Service Vendor 023,Standard,24,3053,33.3,1,0.535
VEN0024,2023-01-02,Preferred Service Vendor 024,Preferred,24,1892,29.23,1,0.7385
VEN0024,2023-01-09,Preferred Service Vendor 024,Preferred,24,2296,35.73,1,0.4135
VEN0024,2023-01-16,Preferred Service Vendor 024,Preferred,24,4464,27.97,1,0.8015
VEN0024,2023-01-23,Preferred Service Vendor 024,Preferred,24,3266,33.01,1,0.5495
VEN0024,2023-01-30,Preferred Service Vendor 024,Preferred,24,2209,16.75,0,1.0
VEN0024,2023-02-06,Preferred Service Vendor 024,Preferred,24,2943,19.82,0,1.0
VEN0024,2023-02-13,Preferred Service Vendor 024,Preferred,24,4399,34.51,1,0.4745
VEN0024,2023-02-20,Preferred Service Vendor 024,Preferred,24,2553,27.7,1,0.815
VEN0024,2023-02-27,Preferred Service Vendor 024,Preferred,24,4865,22.12,0,1.0
VEN0024,2023-03-06,Preferred Service Vendor 024,Preferred,24,4214,34.74,1,0.463
VEN0024,2023-03-13,Preferred Service Vendor 024,Preferred,24,4572,29.08,1,0.746
VEN0024,2023-03-20,Preferred Service Vendor 024,Preferred,24,4770,20.59,0,1.0
VEN0024,2023-03-27,Preferred Service Vendor 024,Preferred,24,3032,34.0,1,0.5
VEN0024,2023-04-03,Preferred Service Vendor 024,Preferred,24,5809,35.01,1,0.4495
VEN0024,2023-04-10,Preferred Service Vendor 024,Preferred,24,3840,33.78,1,0.511
VEN0024,2023-04-17,Preferred Service Vendor 024,Preferred,24,4629,31.56,1,0.622
VEN0024,2023-04-24,Preferred Service Vendor 024,Preferred,24,4726,25.75,1,0.9125
VEN0024,2023-05-01,Preferred Service Vendor 024,Preferred,24,3469,33.49,1,0.5255
VEN0024,2023-05-08,Preferred Service Vendor 024,Preferred,24,1950,31.24,1,0.638
VEN0024,2023-05-15,Preferred Service Vendor 024,Preferred,24,3734,33.03,1,0.5485
VEN0024,2023-05-22,Preferred Service Vendor 024,Preferred,24,5475,25.32,1,0.934
VEN0024,2023-05-29,Preferred Service Vendor 024,Preferred,24,3471,28.76,1,0.762
VEN0024,2023-06-05,Preferred Service Vendor 024,Preferred,24,5516,15.18,0,1.0
VEN0024,2023-06-12,Preferred Service Vendor 024,Preferred,24,5160,28.62,1,0.769
VEN0024,2023-06-19,Preferred Service Vendor 024,Preferred,24,4868,22.56,0,1.0
VEN0024,2023-06-26,Preferred Service Vendor 024,Preferred,24,4637,25.32,1,0.934
VEN0024,2023-07-03,Preferred Service Vendor 024,Preferred,24,4012,33.99,1,0.5005
VEN0024,2023-07-10,Preferred Service Vendor 024,Preferred,24,4547,24.62,1,0.969
VEN0024,2023-07-17,Preferred Service Vendor 024,Preferred,24,5184,37.68,1,0.35
VEN0024,2023-07-24,Preferred Service Vendor 024,Preferred,24,5103,31.9,1,0.605
VEN0024,2023-07-31,Preferred Service Vendor 024,Preferred,24,5890,24.23,1,0.9885
VEN0024,2023-08-07,Preferred Service Vendor 024,Preferred,24,965,30.12,1,0.694
VEN0024,2023-08-14,Preferred Service Vendor 024,Preferred,24,5185,29.03,1,0.7485
VEN0024,2023-08-21,Preferred Service Vendor 024,Preferred,24,1661,30.65,1,0.6675
VEN0024,2023-08-28,Preferred Service Vendor 024,Preferred,24,3092,21.11,0,1.0
VEN0024,2023-09-04,Preferred Service Vendor 024,Preferred,24,1981,23.68,0,1.0
VEN0024,2023-09-11,Preferred Service Vendor 024,Preferred,24,4488,23.36,0,1.0
VEN0024,2023-09-18,Preferred Service Vendor 024,Preferred,24,5077,37.06,1,0.35
VEN0024,2023-09-25,Preferred Service Vendor 024,Preferred,24,3423,32.37,1,0.5815
VEN0024,2023-10-02,Preferred Service Vendor 024,Preferred,24,3367,29.38,1,0.731
VEN0024,2023-10-09,Preferred Service Vendor 024,Preferred,24,4287,17.83,0,1.0
VEN0024,2023-10-16,Preferred Service Vendor 024,Preferred,24,6823,20.04,0,1.0
VEN0024,2023-10-23,Preferred Service Vendor 024,Preferred,24,4541,22.28,0,1.0
VEN0024,2023-10-30,Preferred Service Vendor 024,Preferred,24,4980,17.03,0,1.0
VEN0024,2023-11-06,Preferred Service Vendor 024,Preferred,24,6022,24.86,1,0.957
VEN0024,2023-11-13,Preferred Service Vendor 024,Preferred,24,3619,34.32,1,0.484
VEN0024,2023-11-20,Preferred Service Vendor 024,Preferred,24,3627,22.54,0,1.0
VEN0024,2023-11-27,Preferred Service Vendor 024,Preferred,24,5238,24.34,1,0.983
VEN0024,2023-12-04,Preferred Service Vendor 024,Preferred,24,7953,25.73,1,0.9135
VEN0024,2023-12-11,Preferred Service Vendor 024,Preferred,24,3448,21.03,0,1.0
VEN0024,2023-12-18,Preferred Service Vendor 024,Preferred,24,2052,31.08,1,0.646
VEN0024,2023-12-25,Preferred Service Vendor 024,Preferred,24,4632,31.41,1,0.6295
VEN0024,2024-01-01,Preferred Service Vendor 024,Preferred,24,3609,13.98,0,1.0
VEN0024,2024-01-08,Preferred Service Vendor 024,Preferred,24,3990,26.39,1,0.8805
VEN0024,2024-01-15,Preferred Service Vendor 024,Preferred,24,4375,18.65,0,1.0
VEN0024,2024-01-22,Preferred Service Vendor 024,Preferred,24,3764,33.3,1,0.535
VEN0024,2024-01-29,Preferred Service Vendor 024,Preferred,24,4262,19.44,0,1.0
VEN0024,2024-02-05,Preferred Service Vendor 024,Preferred,24,4108,25.4,1,0.93
VEN0024,2024-02-12,Preferred Service Vendor 024,Preferred,24,4735,30.02,1,0.699
VEN0024,2024-02-19,Preferred Service Vendor 024,Preferred,24,6155,29.95,1,0.7025
VEN0024,2024-02-26,Preferred Service Vendor 024,Preferred,24,6290,35.3,1,0.435
VEN0024,2024-03-04,Preferred Service Vendor 024,Preferred,24,3748,25.24,1,0.938
VEN0024,2024-03-11,Preferred Service Vendor 024,Preferred,24,5112,18.39,0,1.0
VEN0024,2024-03-18,Preferred Service Vendor 024,Preferred,24,4188,21.9,0,1.0
VEN0024,2024-03-25,Preferred Service Vendor 024,Preferred,24,4764,29.84,1,0.708
VEN0024,2024-04-01,Preferred Service Vendor 024,Preferred,24,7140,29.1,1,0.745
VEN0024,2024-04-08,Preferred Service Vendor 024,Preferred,24,4288,15.67,0,1.0
VEN0024,2024-04-15,Preferred Service Vendor 024,Preferred,24,5756,17.42,0,1.0
VEN0024,2024-04-22,Preferred Service Vendor 024,Preferred,24,3292,33.31,1,0.5345
VEN0024,2024-04-29,Preferred Service Vendor 024,Preferred,24,4452,33.22,1,0.539
VEN0024,2024-05-06,Preferred Service Vendor 024,Preferred,24,5238,37.49,1,0.35
VEN0024,2024-05-13,Preferred Service Vendor 024,Preferred,24,4940,21.48,0,1.0
VEN0024,2024-05-20,Preferred Service Vendor 024,Preferred,24,4306,32.19,1,0.5905
VEN0024,2024-05-27,Preferred Service Vendor 024,Preferred,24,5519,26.8,1,0.86
VEN0024,2024-06-03,Preferred Service Vendor 024,Preferred,24,4432,23.46,0,1.0
VEN0024,2024-06-10,Preferred Service Vendor 024,Preferred,24,4220,29.06,1,0.747
VEN0024,2024-06-17,Preferred Service Vendor 024,Preferred,24,3711,17.19,0,1.0
VEN0024,2024-06-24,Preferred Service Vendor 024,Preferred,24,2778,22.97,0,1.0
VEN0024,2024-07-01,Preferred Service Vendor 024,Preferred,24,1828,37.85,1,0.35
VEN0024,2024-07-08,Preferred Service Vendor 024,Preferred,24,1848,30.51,1,0.6745
VEN0024,2024-07-15,Preferred Service Vendor 024,Preferred,24,2398,22.94,0,1.0
VEN0024,2024-07-22,Preferred Service Vendor 024,Preferred,24,4370,28.75,1,0.7625
VEN0024,2024-07-29,Preferred Service Vendor 024,Preferred,24,2636,17.57,0,1.0
VEN0024,2024-08-05,Preferred Service Vendor 024,Preferred,24,2691,21.43,0,1.0
VEN0024,2024-08-12,Preferred Service Vendor 024,Preferred,24,2514,30.13,1,0.6935
VEN0024,2024-08-19,Preferred Service Vendor 024,Preferred,24,4194,32.7,1,0.565
VEN0024,2024-08-26,Preferred Service Vendor 024,Preferred,24,2381,24.83,1,0.9585
VEN0024,2024-09-02,Preferred Service Vendor 024,Preferred,24,2887,35.68,1,0.416
VEN0024,2024-09-09,Preferred Service Vendor 024,Preferred,24,5505,20.95,0,1.0
VEN0024,2024-09-16,Preferred Service Vendor 024,Preferred,24,4751,21.52,0,1.0
VEN0024,2024-09-23,Preferred Service Vendor 024,Preferred,24,4597,33.23,1,0.5385
VEN0024,2024-09-30,Preferred Service Vendor 024,Preferred,24,3310,20.01,0,1.0
VEN0024,2024-10-07,Preferred Service Vendor 024,Preferred,24,6138,24.21,1,0.9895
VEN0024,2024-10-14,Preferred Service Vendor 024,Preferred,24,2594,33.76,1,0.512
VEN0024,2024-10-21,Preferred Service Vendor 024,Preferred,24,4341,25.64,1,0.918
VEN0024,2024-10-28,Preferred Service Vendor 024,Preferred,24,4492,17.0,0,1.0
VEN0024,2024-11-04,Preferred Service Vendor 024,Preferred,24,4441,34.79,1,0.4605
VEN0024,2024-11-11,Preferred Service Vendor 024,Preferred,24,5595,20.39,0,1.0
VEN0024,2024-11-18,Preferred Service Vendor 024,Preferred,24,6080,31.93,1,0.6035
VEN0024,2024-11-25,Preferred Service Vendor 024,Preferred,24,2117,17.97,0,1.0
VEN0024,2024-12-02,Preferred Service Vendor 024,Preferred,24,4560,23.84,0,1.0
VEN0024,2024-12-09,Preferred Service Vendor 024,Preferred,24,2174,22.85,0,1.0
VEN0024,2024-12-16,Preferred Service Vendor 024,Preferred,24,2969,17.16,0,1.0
VEN0024,2024-12-23,Preferred Service Vendor 024,Preferred,24,5161,28.44,1,0.778
VEN0024,2024-12-30,Preferred Service Vendor 024,Preferred,24,1975,24.88,1,0.956
VEN0025,2023-01-02,Preferred Service Vendor 025,Preferred,2,5970,1.31,0,1.0
VEN0025,2023-01-09,Preferred Service Vendor 025,Preferred,2,4780,1.45,0,1.0
VEN0025,2023-01-16,Preferred Service Vendor 025,Preferred,2,3381,1.22,0,1.0
VEN0025,2023-01-23,Preferred Service Vendor 025,Preferred,2,4262,1.43,0,1.0
VEN0025,2023-01-30,Preferred Service Vendor 025,Preferred,2,4383,2.84,1,0.958
VEN0025,2023-02-06,Preferred Service Vendor 025,Preferred,2,5365,0.93,0,1.0
VEN0025,2023-02-13,Preferred Service Vendor 025,Preferred,2,4814,1.33,0,1.0
VEN0025,2023-02-20,Preferred Service Vendor 025,Preferred,2,4656,2.82,1,0.959
VEN0025,2023-02-27,Preferred Service Vendor 025,Preferred,2,4800,2.93,1,0.9535
VEN0025,2023-03-06,Preferred Service Vendor 025,Preferred,2,4545,0.71,0,1.0
VEN0025,2023-03-13,Preferred Service Vendor 025,Preferred,2,4159,3.29,1,0.9355
VEN0025,2023-03-20,Preferred Service Vendor 025,Preferred,2,4004,3.25,1,0.9375
VEN0025,2023-03-27,Preferred Service Vendor 025,Preferred,2,4300,1.14,0,1.0
VEN0025,2023-04-03,Preferred Service Vendor 025,Preferred,2,6849,3.64,1,0.918
VEN0025,2023-04-10,Preferred Service Vendor 025,Preferred,2,4595,3.04,1,0.948
VEN0025,2023-04-17,Preferred Service Vendor 025,Preferred,2,4034,2.97,1,0.9515
VEN0025,2023-04-24,Preferred Service Vendor 025,Preferred,2,5861,0.5,0,1.0
VEN0025,2023-05-01,Preferred Service Vendor 025,Preferred,2,3990,2.89,1,0.9555
VEN0025,2023-05-08,Preferred Service Vendor 025,Preferred,2,3083,2.76,1,0.962
VEN0025,2023-05-15,Preferred Service Vendor 025,Preferred,2,3876,2.69,1,0.9655
VEN0025,2023-05-22,Preferred Service Vendor 025,Preferred,2,4635,1.02,0,1.0
VEN0025,2023-05-29,Preferred Service Vendor 025,Preferred,2,3285,2.21,1,0.9895
VEN0025,2023-06-05,Preferred Service Vendor 025,Preferred,2,6291,1.07,0,1.0
VEN0025,2023-06-12,Preferred Service Vendor 025,Preferred,2,4197,2.44,1,0.978
VEN0025,2023-06-19,Preferred Service Vendor 025,Preferred,2,2428,2.8,1,0.96
VEN0025,2023-06-26,Preferred Service Vendor 025,Preferred,2,3389,0.7,0,1.0
VEN0025,2023-07-03,Preferred Service Vendor 025,Preferred,2,6927,2.49,1,0.9755
VEN0025,2023-07-10,Preferred Service Vendor 025,Preferred,2,2285,1.22,0,1.0
VEN0025,2023-07-17,Preferred Service Vendor 025,Preferred,2,3334,3.76,1,0.912
VEN0025,2023-07-24,Preferred Service Vendor 025,Preferred,2,2959,1.07,0,1.0
VEN0025,2023-07-31,Preferred Service Vendor 025,Preferred,2,3087,3.53,1,0.9235
VEN0025,2023-08-07,Preferred Service Vendor 025,Preferred,2,2327,3.59,1,0.9205
VEN0025,2023-08-14,Preferred Service Vendor 025,Preferred,2,5337,1.67,0,1.0
VEN0025,2023-08-21,Preferred Service Vendor 025,Preferred,2,4077,3.16,1,0.942
VEN0025,2023-08-28,Preferred Service Vendor 025,Preferred,2,4394,0.54,0,1.0
VEN0025,2023-09-04,Preferred Service Vendor 025,Preferred,2,3280,2.93,1,0.9535
VEN0025,2023-09-11,Preferred Service Vendor 025,Preferred,2,3985,2.31,1,0.9845
VEN0025,2023-09-18,Preferred Service Vendor 025,Preferred,2,4485,1.19,0,1.0
VEN0025,2023-09-25,Preferred Service Vendor 025,Preferred,2,2873,2.35,1,0.9825
VEN0025,2023-10-02,Preferred Service Vendor 025,Preferred,2,3357,1.13,0,1.0
VEN0025,2023-10-09,Preferred Service Vendor 025,Preferred,2,4085,1.92,0,1.0
VEN0025,2023-10-16,Preferred Service Vendor 025,Preferred,2,4241,0.54,0,1.0
VEN0025,2023-10-23,Preferred Service Vendor 025,Preferred,2,2830,2.49,1,0.9755
VEN0025,2023-10-30,Preferred Service Vendor 025,Preferred,2,6098,1.68,0,1.0
VEN0025,2023-11-06,Preferred Service Vendor 025,Preferred,2,3246,3.49,1,0.9255
VEN0025,2023-11-13,Preferred Service Vendor 025,Preferred,2,5761,3.88,1,0.906
VEN0025,2023-11-20,Preferred Service Vendor 025,Preferred,2,5982,1.48,0,1.0
VEN0025,2023-11-27,Preferred Service Vendor 025,Preferred,2,4199,2.93,1,0.9535
VEN0025,2023-12-04,Preferred Service Vendor 025,Preferred,2,6321,4.8,1,0.86
VEN0025,2023-12-11,Preferred Service Vendor 025,Preferred,2,4185,3.69,1,0.9155
VEN0025,2023-12-18,Preferred Service Vendor 025,Preferred,2,4407,1.35,0,1.0
VEN0025,2023-12-25,Preferred Service Vendor 025,Preferred,2,3007,1.17,0,1.0
VEN0025,2024-01-01,Preferred Service Vendor 025,Preferred,2,4442,2.41,1,0.9795
VEN0025,2024-01-08,Preferred Service Vendor 025,Preferred,2,4695,2.44,1,0.978
VEN0025,2024-01-15,Preferred Service Vendor 025,Preferred,2,4332,3.2,1,0.94
VEN0025,2024-01-22,Preferred Service Vendor 025,Preferred,2,3812,1.54,0,1.0
VEN0025,2024-01-29,Preferred Service Vendor 025,Preferred,2,3787,3.14,1,0.943
VEN0025,2024-02-05,Preferred Service Vendor 025,Preferred,2,5847,0.82,0,1.0
VEN0025,2024-02-12,Preferred Service Vendor 025,Preferred,2,3998,2.23,1,0.9885
VEN0025,2024-02-19,Preferred Service Vendor 025,Preferred,2,2553,2.53,1,0.9735
VEN0025,2024-02-26,Preferred Service Vendor 025,Preferred,2,4069,1.21,0,1.0
VEN0025,2024-03-04,Preferred Service Vendor 025,Preferred,2,4815,2.23,1,0.9885
VEN0025,2024-03-11,Preferred Service Vendor 025,Preferred,2,3484,2.01,1,0.9995
VEN0025,2024-03-18,Preferred Service Vendor 025,Preferred,2,4488,1.31,0,1.0
VEN0025,2024-03-25,Preferred Service Vendor 025,Preferred,2,2880,1.38,0,1.0
VEN0025,2024-04-01,Preferred Service Vendor 025,Preferred,2,3280,1.96,0,1.0
VEN0025,2024-04-08,Preferred Service Vendor 025,Preferred,2,5292,3.12,1,0.944
VEN0025,2024-04-15,Preferred Service Vendor 025,Preferred,2,3623,2.64,1,0.968
VEN0025,2024-04-22,Preferred Service Vendor 025,Preferred,2,4088,3.42,1,0.929
VEN0025,2024-04-29,Preferred Service Vendor 025,Preferred,2,5134,1.33,0,1.0
VEN0025,2024-05-06,Preferred Service Vendor 025,Preferred,2,3934,3.76,1,0.912
VEN0025,2024-05-13,Preferred Service Vendor 025,Preferred,2,3497,0.97,0,1.0
VEN0025,2024-05-20,Preferred Service Vendor 025,Preferred,2,4370,1.26,0,1.0
VEN0025,2024-05-27,Preferred Service Vendor 025,Preferred,2,3840,2.28,1,0.986
VEN0025,2024-06-03,Preferred Service Vendor 025,Preferred,2,4365,2.48,1,0.976
VEN0025,2024-06-10,Preferred Service Vendor 025,Preferred,2,5404,2.48,1,0.976
VEN0025,2024-06-17,Preferred Service Vendor 025,Preferred,2,4018,1.92,0,1.0
VEN0025,2024-06-24,Preferred Service Vendor 025,Preferred,2,4642,3.07,1,0.9465
VEN0025,2024-07-01,Preferred Service Vendor 025,Preferred,2,4669,2.42,1,0.979
VEN0025,2024-07-08,Preferred Service Vendor 025,Preferred,2,4865,0.5,0,1.0
VEN0025,2024-07-15,Preferred Service Vendor 025,Preferred,2,3489,0.7,0,1.0
VEN0025,2024-07-22,Preferred Service Vendor 025,Preferred,2,3191,3.06,1,0.947
VEN0025,2024-07-29,Preferred Service Vendor 025,Preferred,2,3107,2.87,1,0.9565
VEN0025,2024-08-05,Preferred Service Vendor 025,Preferred,2,2381,2.28,1,0.986
VEN0025,2024-08-12,Preferred Service Vendor 025,Preferred,2,5915,1.84,0,1.0
VEN0025,2024-08-19,Preferred Service Vendor 025,Preferred,2,3471,1.86,0,1.0
VEN0025,2024-08-26,Preferred Service Vendor 025,Preferred,2,5582,1.49,0,1.0
VEN0025,2024-09-02,Preferred Service Vendor 025,Preferred,2,4088,1.22,0,1.0
VEN0025,2024-09-09,Preferred Service Vendor 025,Preferred,2,5830,2.33,1,0.9835
VEN0025,2024-09-16,Preferred Service Vendor 025,Preferred,2,6427,2.84,1,0.958
VEN0025,2024-09-23,Preferred Service Vendor 025,Preferred,2,5508,1.82,0,1.0
VEN0025,2024-09-30,Preferred Service Vendor 025,Preferred,2,4414,1.32,0,1.0
VEN0025,2024-10-07,Preferred Service Vendor 025,Preferred,2,6118,2.75,1,0.9625
VEN0025,2024-10-14,Preferred Service Vendor 025,Preferred,2,2861,1.39,0,1.0
VEN0025,2024-10-21,Preferred Service Vendor 025,Preferred,2,2940,0.5,0,1.0
VEN0025,2024-10-28,Preferred Service Vendor 025,Preferred,2,3892,3.56,1,0.922
VEN0025,2024-11-04,Preferred Service Vendor 025,Preferred,2,3473,1.62,0,1.0
VEN0025,2024-11-11,Preferred Service Vendor 025,Preferred,2,3331,1.16,0,1.0
VEN0025,2024-11-18,Preferred Service Vendor 025,Preferred,2,3732,3.25,1,0.9375
VEN0025,2024-11-25,Preferred Service Vendor 025,Preferred,2,4314,2.83,1,0.9585
VEN0025,2024-12-02,Preferred Service Vendor 025,Preferred,2,4022,3.35,1,0.9325
VEN0025,2024-12-09,Preferred Service Vendor 025,Preferred,2,4968,1.06,0,1.0
VEN0025,2024-12-16,Preferred Service Vendor 025,Preferred,2,3989,3.22,1,0.939
VEN0025,2024-12-23,Preferred Service Vendor 025,Preferred,2,5843,1.74,0,1.0
VEN0025,2024-12-30,Preferred Service Vendor 025,Preferred,2,3711,1.92,0,1.0
VEN0026,2023-01-02,Preferred Service Vendor 026,Strategic,8,5203,7.79,0,1.0
VEN0026,2023-01-09,Preferred Service Vendor 026,Strategic,8,3462,11.84,1,0.808
VEN0026,2023-01-16,Preferred Service Vendor 026,Strategic,8,5192,10.96,1,0.852
VEN0026,2023-01-23,Preferred Service Vendor 026,Strategic,8,4857,8.63,1,0.9685
VEN0026,2023-01-30,Preferred Service Vendor 026,Strategic,8,4587,11.32,1,0.834
VEN0026,2023-02-06,Preferred Service Vendor 026,Strategic,8,3460,9.55,1,0.9225
VEN0026,2023-02-13,Preferred Service Vendor 026,Strategic,8,4156,8.34,1,0.983
VEN0026,2023-02-20,Preferred Service Vendor 026,Strategic,8,3087,12.43,1,0.7785
VEN0026,2023-02-27,Preferred Service Vendor 026,Strategic,8,3788,13.03,1,0.7485
VEN0026,2023-03-06,Preferred Service Vendor 026,Strategic,8,4817,11.37,1,0.8315
VEN0026,2023-03-13,Preferred Service Vendor 026,Strategic,8,4615,13.89,1,0.7055
VEN0026,2023-03-20,Preferred Service Vendor 026,Strategic,8,4878,8.49,1,0.9755
VEN0026,2023-03-27,Preferred Service Vendor 026,Strategic,8,4465,6.47,0,1.0
VEN0026,2023-04-03,Preferred Service Vendor 026,Strategic,8,4289,7.46,0,1.0
VEN0026,2023-04-10,Preferred Service Vendor 026,Strategic,8,4054,10.06,1,0.897
VEN0026,2023-04-17,Preferred Service Vendor 026,Strategic,8,3877,6.16,0,1.0
VEN0026,2023-04-24,Preferred Service Vendor 026,Strategic,8,2468,7.99,0,1.0
VEN0026,2023-05-01,Preferred Service Vendor 026,Strategic,8,2762,11.3,1,0.835
VEN0026,2023-05-08,Preferred Service Vendor 026,Strategic,8,3063,7.79,0,1.0
VEN0026,2023-05-15,Preferred Service Vendor 026,Strategic,8,5062,8.37,1,0.9815
VEN0026,2023-05-22,Preferred Service Vendor 026,Strategic,8,3158,9.94,1,0.903
VEN0026,2023-05-29,Preferred Service Vendor 026,Strategic,8,5837,10.45,1,0.8775
VEN0026,2023-06-05,Preferred Service Vendor 026,Strategic,8,3956,11.41,1,0.8295
VEN0026,2023-06-12,Preferred Service Vendor 026,Strategic,8,5707,7.57,0,1.0
VEN0026,2023-06-19,Preferred Service Vendor 026,Strategic,8,1815,8.79,1,0.9605
VEN0026,2023-06-26,Preferred Service Vendor 026,Strategic,8,4927,11.79,1,0.8105
VEN0026,2023-07-03,Preferred Service Vendor 026,Strategic,8,3509,12.5,1,0.775
VEN0026,2023-07-10,Preferred Service Vendor 026,Strategic,8,2461,10.88,1,0.856
VEN0026,2023-07-17,Preferred Service Vendor 026,Strategic,8,2410,8.57,1,0.9715
VEN0026,2023-07-24,Preferred Service Vendor 026,Strategic,8,5089,11.73,1,0.8135
VEN0026,2023-07-31,Preferred Service Vendor 026,Strategic,8,5680,9.62,1,0.919
VEN0026,2023-08-07,Preferred Service Vendor 026,Strategic,8,2979,8.67,1,0.9665
VEN0026,2023-08-14,Preferred Service Vendor 026,Strategic,8,3486,8.12,1,0.994
VEN0026,2023-08-21,Preferred Service Vendor 026,Strategic,8,3624,6.53,0,1.0
VEN0026,2023-08-28,Preferred Service Vendor 026,Strategic,8,1966,9.6,1,0.92
VEN0026,2023-09-04,Preferred Service Vendor 026,Strategic,8,2606,12.43,1,0.7785
VEN0026,2023-09-11,Preferred Service Vendor 026,Strategic,8,1080,7.3,0,1.0
VEN0026,2023-09-18,Preferred Service Vendor 026,Strategic,8,5566,8.44,1,0.978
VEN0026,2023-09-25,Preferred Service Vendor 026,Strategic,8,5615,12.21,1,0.7895
VEN0026,2023-10-02,Preferred Service Vendor 026,Strategic,8,5877,10.91,1,0.8545
VEN0026,2023-10-09,Preferred Service Vendor 026,Strategic,8,3727,11.19,1,0.8405
VEN0026,2023-10-16,Preferred Service Vendor 026,Strategic,8,2239,9.74,1,0.913
VEN0026,2023-10-23,Preferred Service Vendor 026,Strategic,8,3738,9.68,1,0.916
VEN0026,2023-10-30,Preferred Service Vendor 026,Strategic,8,4936,11.43,1,0.8285
VEN0026,2023-11-06,Preferred Service Vendor 026,Strategic,8,1904,8.03,1,0.9985
VEN0026,2023-11-13,Preferred Service Vendor 026,Strategic,8,4160,11.01,1,0.8495
VEN0026,2023-11-20,Preferred Service Vendor 026,Strategic,8,3871,9.28,1,0.936
VEN0026,2023-11-27,Preferred Service Vendor 026,Strategic,8,2784,4.6,0,1.0
VEN0026,2023-12-04,Preferred Service Vendor 026,Strategic,8,1701,5.62,0,1.0
VEN0026,2023-12-11,Preferred Service Vendor 026,Strategic,8,3832,5.08,0,1.0
VEN0026,2023-12-18,Preferred Service Vendor 026,Strategic,8,4551,12.71,1,0.7645
VEN0026,2023-12-25,Preferred Service Vendor 026,Strategic,8,1781,11.88,1,0.806
VEN0026,2024-01-01,Preferred Service Vendor 026,Strategic,8,3221,6.81,0,1.0
VEN0026,2024-01-08,Preferred Service Vendor 026,Strategic,8,5645,9.84,1,0.908
VEN0026,2024-01-15,Preferred Service Vendor 026,Strategic,8,3957,7.13,0,1.0
VEN0026,2024-01-22,Preferred Service Vendor 026,Strategic,8,4225,7.68,0,1.0
VEN0026,2024-01-29,Preferred Service Vendor 026,Strategic,8,3765,13.39,1,0.7305
VEN0026,2024-02-05,Preferred Service Vendor 026,Strategic,8,4269,10.54,1,0.873
VEN0026,2024-02-12,Preferred Service Vendor 026,Strategic,8,2357,10.65,1,0.8675
VEN0026,2024-02-19,Preferred Service Vendor 026,Strategic,8,2387,11.43,1,0.8285
VEN0026,2024-02-26,Preferred Service Vendor 026,Strategic,8,4698,8.12,1,0.994
VEN0026,2024-03-04,Preferred Service Vendor 026,Strategic,8,4585,8.94,1,0.953
VEN0026,2024-03-11,Preferred Service Vendor 026,Strategic,8,4373,10.7,1,0.865
VEN0026,2024-03-18,Preferred Service Vendor 026,Strategic,8,2478,6.78,0,1.0
VEN0026,2024-03-25,Preferred Service Vendor 026,Strategic,8,3933,9.46,1,0.927
VEN0026,2024-04-01,Preferred Service Vendor 026,Strategic,8,1681,11.6,1,0.82
VEN0026,2024-04-08,Preferred Service Vendor 026,Strategic,8,4872,10.12,1,0.894
VEN0026,2024-04-15,Preferred Service Vendor 026,Strategic,8,4046,11.88,1,0.806
VEN0026,2024-04-22,Preferred Service Vendor 026,Strategic,8,1643,6.15,0,1.0
VEN0026,2024-04-29,Preferred Service Vendor 026,Strategic,8,4831,12.43,1,0.7785
VEN0026,2024-05-06,Preferred Service Vendor 026,Strategic,8,4927,3.12,0,1.0
VEN0026,2024-05-13,Preferred Service Vendor 026,Strategic,8,4777,7.8,0,1.0
VEN0026,2024-05-20,Preferred Service Vendor 026,Strategic,8,3355,8.81,1,0.9595
VEN0026,2024-05-27,Preferred Service Vendor 026,Strategic,8,3494,9.08,1,0.946
VEN0026,2024-06-03,Preferred Service Vendor 026,Strategic,8,5002,7.01,0,1.0
VEN0026,2024-06-10,Preferred Service Vendor 026,Strategic,8,5515,8.5,1,0.975
VEN0026,2024-06-17,Preferred Service Vendor 026,Strategic,8,3842,7.98,0,1.0
VEN0026,2024-06-24,Preferred Service Vendor 026,Strategic,8,6719,11.86,1,0.807
VEN0026,2024-07-01,Preferred Service Vendor 026,Strategic,8,4936,8.88,1,0.956
VEN0026,2024-07-08,Preferred Service Vendor 026,Strategic,8,3494,11.66,1,0.817
VEN0026,2024-07-15,Preferred Service Vendor 026,Strategic,8,3884,5.72,0,1.0
VEN0026,2024-07-22,Preferred Service Vendor 026,Strategic,8,3178,6.03,0,1.0
VEN0026,2024-07-29,Preferred Service Vendor 026,Strategic,8,2489,10.09,1,0.8955
VEN0026,2024-08-05,Preferred Service Vendor 026,Strategic,8,5231,9.91,1,0.9045
VEN0026,2024-08-12,Preferred Service Vendor 026,Strategic,8,6231,10.85,1,0.8575
VEN0026,2024-08-19,Preferred Service Vendor 026,Strategic,8,3694,9.29,1,0.9355
VEN0026,2024-08-26,Preferred Service Vendor 026,Strategic,8,5953,5.57,0,1.0
VEN0026,2024-09-02,Preferred Service Vendor 026,Strategic,8,3497,6.53,0,1.0
VEN0026,2024-09-09,Preferred Service Vendor 026,Strategic,8,4647,5.84,0,1.0
VEN0026,2024-09-16,Preferred Service Vendor 026,Strategic,8,4574,8.06,1,0.997
VEN0026,2024-09-23,Preferred Service Vendor 026,Strategic,8,4007,8.37,1,0.9815
VEN0026,2024-09-30,Preferred Service Vendor 026,Strategic,8,4972,9.25,1,0.9375
VEN0026,2024-10-07,Preferred Service Vendor 026,Strategic,8,5766,8.6,1,0.97
VEN0026,2024-10-14,Preferred Service Vendor 026,Strategic,8,2885,9.82,1,0.909
VEN0026,2024-10-21,Preferred Service Vendor 026,Strategic,8,4094,10.93,1,0.8535
VEN0026,2024-10-28,Preferred Service Vendor 026,Strategic,8,3543,6.61,0,1.0
VEN0026,2024-11-04,Preferred Service Vendor 026,Strategic,8,4292,7.43,0,1.0
VEN0026,2024-11-11,Preferred Service Vendor 026,Strategic,8,4253,6.64,0,1.0
VEN0026,2024-11-18,Preferred Service Vendor 026,Strategic,8,4341,8.75,1,0.9625
VEN0026,2024-11-25,Preferred Service Vendor 026,Strategic,8,6033,7.56,0,1.0
VEN0026,2024-12-02,Preferred Service Vendor 026,Strategic,8,4535,12.24,1,0.788
VEN0026,2024-12-09,Preferred Service Vendor 026,Strategic,8,4619,8.14,1,0.993
VEN0026,2024-12-16,Preferred Service Vendor 026,Strategic,8,3685,8.89,1,0.9555
VEN0026,2024-12-23,Preferred Service Vendor 026,Strategic,8,2863,8.81,1,0.9595
VEN0026,2024-12-30,Preferred Service Vendor 026,Strategic,8,4939,7.97,0,1.0
VEN0027,2023-01-02,Preferred Service Vendor 027,Preferred,12,4753,9.98,0,1.0
VEN0027,2023-01-09,Preferred Service Vendor 027,Preferred,12,3595,14.13,1,0.8935
VEN0027,2023-01-16,Preferred Service Vendor 027,Preferred,12,4078,13.74,1,0.913
VEN0027,2023-01-23,Preferred Service Vendor 027,Preferred,12,2599,9.9,0,1.0
VEN0027,2023-01-30,Preferred Service Vendor 027,Preferred,12,4001,11.94,0,1.0
VEN0027,2023-02-06,Preferred Service Vendor 027,Preferred,12,4987,11.4,0,1.0
VEN0027,2023-02-13,Preferred Service Vendor 027,Preferred,12,3972,15.23,1,0.8385
VEN0027,2023-02-20,Preferred Service Vendor 027,Preferred,12,4518,10.27,0,1.0
VEN0027,2023-02-27,Preferred Service Vendor 027,Preferred,12,2933,10.2,0,1.0
VEN0027,2023-03-06,Preferred Service Vendor 027,Preferred,12,5380,14.7,1,0.865
VEN0027,2023-03-13,Preferred Service Vendor 027,Preferred,12,5105,13.9,1,0.905
VEN0027,2023-03-20,Preferred Service Vendor 027,Preferred,12,4637,14.04,1,0.898
VEN0027,2023-03-27,Preferred Service Vendor 027,Preferred,12,4280,10.77,0,1.0
VEN0027,2023-04-03,Preferred Service Vendor 027,Preferred,12,3639,9.62,0,1.0
VEN0027,2023-04-10,Preferred Service Vendor 027,Preferred,12,5208,11.39,0,1.0
VEN0027,2023-04-17,Preferred Service Vendor 027,Preferred,12,3809,12.17,1,0.9915
VEN0027,2023-04-24,Preferred Service Vendor 027,Preferred,12,6560,16.2,1,0.79
VEN0027,2023-05-01,Preferred Service Vendor 027,Preferred,12,3717,14.99,1,0.8505
VEN0027,2023-05-08,Preferred Service Vendor 027,Preferred,12,3037,15.7,1,0.815
VEN0027,2023-05-15,Preferred Service Vendor 027,Preferred,12,2150,15.44,1,0.828
VEN0027,2023-05-22,Preferred Service Vendor 027,Preferred,12,4487,9.61,0,1.0
VEN0027,2023-05-29,Preferred Service Vendor 027,Preferred,12,3446,13.11,1,0.9445
VEN0027,2023-06-05,Preferred Service Vendor 027,Preferred,12,6067,10.45,0,1.0
VEN0027,2023-06-12,Preferred Service Vendor 027,Preferred,12,4410,18.87,1,0.6565
VEN0027,2023-06-19,Preferred Service Vendor 027,Preferred,12,4620,17.28,1,0.736
VEN0027,2023-06-26,Preferred Service Vendor 027,Preferred,12,3174,10.66,0,1.0
VEN0027,2023-07-03,Preferred Service Vendor 027,Preferred,12,2385,12.6,1,0.97
VEN0027,2023-07-10,Preferred Service Vendor 027,Preferred,12,3382,12.6,1,0.97
VEN0027,2023-07-17,Preferred Service Vendor 027,Preferred,12,5462,15.18,1,0.841
VEN0027,2023-07-24,Preferred Service Vendor 027,Preferred,12,3508,17.17,1,0.7415
VEN0027,2023-07-31,Preferred Service Vendor 027,Preferred,12,3781,12.74,1,0.963
VEN0027,2023-08-07,Preferred Service Vendor 027,Preferred,12,6325,15.36,1,0.832
VEN0027,2023-08-14,Preferred Service Vendor 027,Preferred,12,2173,18.63,1,0.6685
VEN0027,2023-08-21,Preferred Service Vendor 027,Preferred,12,4361,8.92,0,1.0
VEN0027,2023-08-28,Preferred Service Vendor 027,Preferred,12,6335,8.53,0,1.0
VEN0027,2023-09-04,Preferred Service Vendor 027,Preferred,12,3721,15.08,1,0.846
VEN0027,2023-09-11,Preferred Service Vendor 027,Preferred,12,3536,15.27,1,0.8365
VEN0027,2023-09-18,Preferred Service Vendor 027,Preferred,12,3637,17.14,1,0.743
VEN0027,2023-09-25,Preferred Service Vendor 027,Preferred,12,4630,10.37,0,1.0
VEN0027,2023-10-02,Preferred Service Vendor 027,Preferred,12,5001,10.13,0,1.0
VEN0027,2023-10-09,Preferred Service Vendor 027,Preferred,12,5465,14.47,1,0.8765
VEN0027,2023-10-16,Preferred Service Vendor 027,Preferred,12,5503,8.67,0,1.0
VEN0027,2023-10-23,Preferred Service Vendor 027,Preferred,12,6450,10.1,0,1.0
VEN0027,2023-10-30,Preferred Service Vendor 027,Preferred,12,4221,14.98,1,0.851
VEN0027,2023-11-06,Preferred Service Vendor 027,Preferred,12,5078,7.66,0,1.0
VEN0027,2023-11-13,Preferred Service Vendor 027,Preferred,12,3346,14.63,1,0.8685
VEN0027,2023-11-20,Preferred Service Vendor 027,Preferred,12,3212,8.58,0,1.0
VEN0027,2023-11-27,Preferred Service Vendor 027,Preferred,12,4756,15.99,1,0.8005
VEN0027,2023-12-04,Preferred Service Vendor 027,Preferred,12,3969,11.11,0,1.0
VEN0027,2023-12-11,Preferred Service Vendor 027,Preferred,12,2213,16.0,1,0.8
VEN0027,2023-12-18,Preferred Service Vendor 027,Preferred,12,4014,9.54,0,1.0
VEN0027,2023-12-25,Preferred Service Vendor 027,Preferred,12,5148,10.68,0,1.0
VEN0027,2024-01-01,Preferred Service Vendor 027,Preferred,12,5701,15.07,1,0.8465
VEN0027,2024-01-08,Preferred Service Vendor 027,Preferred,12,3950,9.45,0,1.0
VEN0027,2024-01-15,Preferred Service Vendor 027,Preferred,12,1869,12.63,1,0.9685
VEN0027,2024-01-22,Preferred Service Vendor 027,Preferred,12,4513,17.77,1,0.7115
VEN0027,2024-01-29,Preferred Service Vendor 027,Preferred,12,2851,10.5,0,1.0
VEN0027,2024-02-05,Preferred Service Vendor 027,Preferred,12,5770,17.19,1,0.7405
VEN0027,2024-02-12,Preferred Service Vendor 027,Preferred,12,4738,13.28,1,0.936
VEN0027,2024-02-19,Preferred Service Vendor 027,Preferred,12,4584,7.52,0,1.0
VEN0027,2024-02-26,Preferred Service Vendor 027,Preferred,12,4595,10.42,0,1.0
VEN0027,2024-03-04,Preferred Service Vendor 027,Preferred,12,3310,8.34,0,1.0
VEN0027,2024-03-11,Preferred Service Vendor 027,Preferred,12,3610,8.9,0,1.0
VEN0027,2024-03-18,Preferred Service Vendor 027,Preferred,12,5178,8.05,0,1.0
VEN0027,2024-03-25,Preferred Service Vendor 027,Preferred,12,4057,12.17,1,0.9915
VEN0027,2024-04-01,Preferred Service Vendor 027,Preferred,12,3756,13.07,1,0.9465
VEN0027,2024-04-08,Preferred Service Vendor 027,Preferred,12,1935,16.17,1,0.7915
VEN0027,2024-04-15,Preferred Service Vendor 027,Preferred,12,4189,14.36,1,0.882
VEN0027,2024-04-22,Preferred Service Vendor 027,Preferred,12,3292,13.57,1,0.9215
VEN0027,2024-04-29,Preferred Service Vendor 027,Preferred,12,4493,17.06,1,0.747
VEN0027,2024-05-06,Preferred Service Vendor 027,Preferred,12,4144,16.3,1,0.785
VEN0027,2024-05-13,Preferred Service Vendor 027,Preferred,12,6078,19.54,1,0.623
VEN0027,2024-05-20,Preferred Service Vendor 027,Preferred,12,4108,14.79,1,0.8605
VEN0027,2024-05-27,Preferred Service Vendor 027,Preferred,12,5225,15.02,1,0.849
VEN0027,2024-06-03,Preferred Service Vendor 027,Preferred,12,5249,9.64,0,1.0
VEN0027,2024-06-10,Preferred Service Vendor 027,Preferred,12,3786,17.6,1,0.72
VEN0027,2024-06-17,Preferred Service Vendor 027,Preferred,12,4789,15.21,1,0.8395
VEN0027,2024-06-24,Preferred Service Vendor 027,Preferred,12,3585,13.2,1,0.94
VEN0027,2024-07-01,Preferred Service Vendor 027,Preferred,12,5372,8.97,0,1.0
VEN0027,2024-07-08,Preferred Service Vendor 027,Preferred,12,5589,9.4,0,1.0
VEN0027,2024-07-15,Preferred Service Vendor 027,Preferred,12,3913,16.69,1,0.7655
VEN0027,2024-07-22,Preferred Service Vendor 027,Preferred,12,4155,11.66,0,1.0
VEN0027,2024-07-29,Preferred Service Vendor 027,Preferred,12,5412,11.69,0,1.0
VEN0027,2024-08-05,Preferred Service Vendor 027,Preferred,12,3481,17.25,1,0.7375
VEN0027,2024-08-12,Preferred Service Vendor 027,Preferred,12,3853,8.64,0,1.0
VEN0027,2024-08-19,Preferred Service Vendor 027,Preferred,12,3694,6.96,0,1.0
VEN0027,2024-08-26,Preferred Service Vendor 027,Preferred,12,4279,18.79,1,0.6605
VEN0027,2024-09-02,Preferred Service Vendor 027,Preferred,12,4882,9.19,0,1.0
VEN0027,2024-09-09,Preferred Service Vendor 027,Preferred,12,4479,13.52,1,0.924
VEN0027,2024-09-16,Preferred Service Vendor 027,Preferred,12,3880,17.81,1,0.7095
VEN0027,2024-09-23,Preferred Service Vendor 027,Preferred,12,3503,18.96,1,0.652
VEN0027,2024-09-30,Preferred Service Vendor 027,Preferred,12,4953,16.13,1,0.7935
VEN0027,2024-10-07,Preferred Service Vendor 027,Preferred,12,2277,15.58,1,0.821
VEN0027,2024-10-14,Preferred Service Vendor 027,Preferred,12,3966,15.2,1,0.84
VEN0027,2024-10-21,Preferred Service Vendor 027,Preferred,12,3029,18.24,1,0.688
VEN0027,2024-10-28,Preferred Service Vendor 027,Preferred,12,5864,13.23,1,0.9385
VEN0027,2024-11-04,Preferred Service Vendor 027,Preferred,12,4203,12.67,1,0.9665
VEN0027,2024-11-11,Preferred Service Vendor 027,Preferred,12,4615,18.31,1,0.6845
VEN0027,2024-11-18,Preferred Service Vendor 027,Preferred,12,2225,9.37,0,1.0
VEN0027,2024-11-25,Preferred Service Vendor 027,Preferred,12,2402,14.26,1,0.887
VEN0027,2024-12-02,Preferred Service Vendor 027,Preferred,12,3173,11.25,0,1.0
VEN0027,2024-12-09,Preferred Service Vendor 027,Preferred,12,3353,14.65,1,0.8675
VEN0027,2024-12-16,Preferred Service Vendor 027,Preferred,12,5939,16.18,1,0.791
VEN0027,2024-12-23,Preferred Service Vendor 027,Preferred,12,4418,16.91,1,0.7545
VEN0027,2024-12-30,Preferred Service Vendor 027,Preferred,12,3590,8.09,0,1.0
VEN0028,2023-01-02,Preferred Service Vendor 028,Strategic,8,5699,11.83,1,0.8085
VEN0028,2023-01-09,Preferred Service Vendor 028,Strategic,8,5232,5.5,0,1.0
VEN0028,2023-01-16,Preferred Service Vendor 028,Strategic,8,3357,5.72,0,1.0
VEN0028,2023-01-23,Preferred Service Vendor 028,Strategic,8,3079,8.14,1,0.993
VEN0028,2023-01-30,Preferred Service Vendor 028,Strategic,8,2422,9.89,1,0.9055
VEN0028,2023-02-06,Preferred Service Vendor 028,Strategic,8,4583,10.32,1,0.884
VEN0028,2023-02-13,Preferred Service Vendor 028,Strategic,8,6373,12.34,1,0.783
VEN0028,2023-02-20,Preferred Service Vendor 028,Strategic,8,2414,12.03,1,0.7985
VEN0028,2023-02-27,Preferred Service Vendor 028,Strategic,8,2984,11.96,1,0.802
VEN0028,2023-03-06,Preferred Service Vendor 028,Strategic,8,5441,8.45,1,0.9775
VEN0028,2023-03-13,Preferred Service Vendor 028,Strategic,8,5987,7.38,0,1.0
VEN0028,2023-03-20,Preferred Service Vendor 028,Strategic,8,3403,7.79,0,1.0
VEN0028,2023-03-27,Preferred Service Vendor 028,Strategic,8,6353,8.3,1,0.985
VEN0028,2023-04-03,Preferred Service Vendor 028,Strategic,8,4183,7.63,0,1.0
VEN0028,2023-04-10,Preferred Service Vendor 028,Strategic,8,3301,8.45,1,0.9775
VEN0028,2023-04-17,Preferred Service Vendor 028,Strategic,8,3378,10.24,1,0.888
VEN0028,2023-04-24,Preferred Service Vendor 028,Strategic,8,5276,8.63,1,0.9685
VEN0028,2023-05-01,Preferred Service Vendor 028,Strategic,8,5373,6.84,0,1.0
VEN0028,2023-05-08,Preferred Service Vendor 028,Strategic,8,4448,6.77,0,1.0
VEN0028,2023-05-15,Preferred Service Vendor 028,Strategic,8,3235,11.02,1,0.849
VEN0028,2023-05-22,Preferred Service Vendor 028,Strategic,8,5961,6.97,0,1.0
VEN0028,2023-05-29,Preferred Service Vendor 028,Strategic,8,2031,6.14,0,1.0
VEN0028,2023-06-05,Preferred Service Vendor 028,Strategic,8,4577,9.65,1,0.9175
VEN0028,2023-06-12,Preferred Service Vendor 028,Strategic,8,4787,10.37,1,0.8815
VEN0028,2023-06-19,Preferred Service Vendor 028,Strategic,8,3802,7.17,0,1.0
VEN0028,2023-06-26,Preferred Service Vendor 028,Strategic,8,2866,5.69,0,1.0
VEN0028,2023-07-03,Preferred Service Vendor 028,Strategic,8,2499,8.27,1,0.9865
VEN0028,2023-07-10,Preferred Service Vendor 028,Strategic,8,5564,10.32,1,0.884
VEN0028,2023-07-17,Preferred Service Vendor 028,Strategic,8,4082,11.31,1,0.8345
VEN0028,2023-07-24,Preferred Service Vendor 028,Strategic,8,5798,11.21,1,0.8395
VEN0028,2023-07-31,Preferred Service Vendor 028,Strategic,8,3602,7.25,0,1.0
VEN0028,2023-08-07,Preferred Service Vendor 028,Strategic,8,3760,4.6,0,1.0
VEN0028,2023-08-14,Preferred Service Vendor 028,Strategic,8,5311,11.31,1,0.8345
VEN0028,2023-08-21,Preferred Service Vendor 028,Strategic,8,5110,5.99,0,1.0
VEN0028,2023-08-28,Preferred Service Vendor 028,Strategic,8,4586,6.53,0,1.0
VEN0028,2023-09-04,Preferred Service Vendor 028,Strategic,8,4151,9.08,1,0.946
VEN0028,2023-09-11,Preferred Service Vendor 028,Strategic,8,3253,11.77,1,0.8115
VEN0028,2023-09-18,Preferred Service Vendor 028,Strategic,8,3058,10.72,1,0.864
VEN0028,2023-09-25,Preferred Service Vendor 028,Strategic,8,4255,8.38,1,0.981
VEN0028,2023-10-02,Preferred Service Vendor 028,Strategic,8,2835,10.5,1,0.875
VEN0028,2023-10-09,Preferred Service Vendor 028,Strategic,8,4967,10.24,1,0.888
VEN0028,2023-10-16,Preferred Service Vendor 028,Strategic,8,7030,8.25,1,0.9875
VEN0028,2023-10-23,Preferred Service Vendor 028,Strategic,8,6441,8.97,1,0.9515
VEN0028,2023-10-30,Preferred Service Vendor 028,Strategic,8,5029,6.48,0,1.0
VEN0028,2023-11-06,Preferred Service Vendor 028,Strategic,8,4114,8.84,1,0.958
VEN0028,2023-11-13,Preferred Service Vendor 028,Strategic,8,4672,6.61,0,1.0
VEN0028,2023-11-20,Preferred Service Vendor 028,Strategic,8,6352,10.78,1,0.861
VEN0028,2023-11-27,Preferred Service Vendor 028,Strategic,8,2363,10.09,1,0.8955
VEN0028,2023-12-04,Preferred Service Vendor 028,Strategic,8,3517,5.81,0,1.0
VEN0028,2023-12-11,Preferred Service Vendor 028,Strategic,8,5198,8.1,1,0.995
VEN0028,2023-12-18,Preferred Service Vendor 028,Strategic,8,2484,9.53,1,0.9235
VEN0028,2023-12-25,Preferred Service Vendor 028,Strategic,8,2963,5.99,0,1.0
VEN0028,2024-01-01,Preferred Service Vendor 028,Strategic,8,3694,11.08,1,0.846
VEN0028,2024-01-08,Preferred Service Vendor 028,Strategic,8,2832,11.34,1,0.833
VEN0028,2024-01-15,Preferred Service Vendor 028,Strategic,8,4646,7.02,0,1.0
VEN0028,2024-01-22,Preferred Service Vendor 028,Strategic,8,4426,8.61,1,0.9695
VEN0028,2024-01-29,Preferred Service Vendor 028,Strategic,8,5050,10.09,1,0.8955
VEN0028,2024-02-05,Preferred Service Vendor 028,Strategic,8,2521,10.26,1,0.887
VEN0028,2024-02-12,Preferred Service Vendor 028,Strategic,8,3929,10.66,1,0.867
VEN0028,2024-02-19,Preferred Service Vendor 028,Strategic,8,1361,8.85,1,0.9575
VEN0028,2024-02-26,Preferred Service Vendor 028,Strategic,8,4432,5.6,0,1.0
VEN0028,2024-03-04,Preferred Service Vendor 028,Strategic,8,6156,10.88,1,0.856
VEN0028,2024-03-11,Preferred Service Vendor 028,Strategic,8,4751,9.05,1,0.9475
VEN0028,2024-03-18,Preferred Service Vendor 028,Strategic,8,4458,11.7,1,0.815
VEN0028,2024-03-25,Preferred Service Vendor 028,Strategic,8,3858,7.45,0,1.0
VEN0028,2024-04-01,Preferred Service Vendor 028,Strategic,8,6305,6.53,0,1.0
VEN0028,2024-04-08,Preferred Service Vendor 028,Strategic,8,6349,6.04,0,1.0
VEN0028,2024-04-15,Preferred Service Vendor 028,Strategic,8,4174,11.52,1,0.824
VEN0028,2024-04-22,Preferred Service Vendor 028,Strategic,8,928,9.8,1,0.91
VEN0028,2024-04-29,Preferred Service Vendor 028,Strategic,8,4548,11.07,1,0.8465
VEN0028,2024-05-06,Preferred Service Vendor 028,Strategic,8,4777,8.97,1,0.9515
VEN0028,2024-05-13,Preferred Service Vendor 028,Strategic,8,4337,11.95,1,0.8025
VEN0028,2024-05-20,Preferred Service Vendor 028,Strategic,8,3085,9.87,1,0.9065
VEN0028,2024-05-27,Preferred Service Vendor 028,Strategic,8,3174,5.29,0,1.0
VEN0028,2024-06-03,Preferred Service Vendor 028,Strategic,8,4457,5.24,0,1.0
VEN0028,2024-06-10,Preferred Service Vendor 028,Strategic,8,4320,11.89,1,0.8055
VEN0028,2024-06-17,Preferred Service Vendor 028,Strategic,8,4853,8.18,1,0.991
VEN0028,2024-06-24,Preferred Service Vendor 028,Strategic,8,3554,8.75,1,0.9625
VEN0028,2024-07-01,Preferred Service Vendor 028,Strategic,8,5493,10.42,1,0.879
VEN0028,2024-07-08,Preferred Service Vendor 028,Strategic,8,4194,5.35,0,1.0
VEN0028,2024-07-15,Preferred Service Vendor 028,Strategic,8,4109,4.58,0,1.0
VEN0028,2024-07-22,Preferred Service Vendor 028,Strategic,8,2655,11.88,1,0.806
VEN0028,2024-07-29,Preferred Service Vendor 028,Strategic,8,5192,9.8,1,0.91
VEN0028,2024-08-05,Preferred Service Vendor 028,Strategic,8,3963,12.46,1,0.777
VEN0028,2024-08-12,Preferred Service Vendor 028,Strategic,8,4939,8.31,1,0.9845
VEN0028,2024-08-19,Preferred Service Vendor 028,Strategic,8,2755,9.42,1,0.929
VEN0028,2024-08-26,Preferred Service Vendor 028,Strategic,8,4169,7.81,0,1.0
VEN0028,2024-09-02,Preferred Service Vendor 028,Strategic,8,3828,10.22,1,0.889
VEN0028,2024-09-09,Preferred Service Vendor 028,Strategic,8,5455,11.02,1,0.849
VEN0028,2024-09-16,Preferred Service Vendor 028,Strategic,8,7029,12.44,1,0.778
VEN0028,2024-09-23,Preferred Service Vendor 028,Strategic,8,4364,6.51,0,1.0
VEN0028,2024-09-30,Preferred Service Vendor 028,Strategic,8,5045,7.89,0,1.0
VEN0028,2024-10-07,Preferred Service Vendor 028,Strategic,8,6210,9.45,1,0.9275
VEN0028,2024-10-14,Preferred Service Vendor 028,Strategic,8,6729,9.99,1,0.9005
VEN0028,2024-10-21,Preferred Service Vendor 028,Strategic,8,4306,10.28,1,0.886
VEN0028,2024-10-28,Preferred Service Vendor 028,Strategic,8,3530,11.38,1,0.831
VEN0028,2024-11-04,Preferred Service Vendor 028,Strategic,8,5885,11.64,1,0.818
VEN0028,2024-11-11,Preferred Service Vendor 028,Strategic,8,3255,10.57,1,0.8715
VEN0028,2024-11-18,Preferred Service Vendor 028,Strategic,8,4313,12.07,1,0.7965
VEN0028,2024-11-25,Preferred Service Vendor 028,Strategic,8,3948,12.12,1,0.794
VEN0028,2024-12-02,Preferred Service Vendor 028,Strategic,8,4529,5.62,0,1.0
VEN0028,2024-12-09,Preferred Service Vendor 028,Strategic,8,3045,7.06,0,1.0
VEN0028,2024-12-16,Preferred Service Vendor 028,Strategic,8,4448,10.52,1,0.874
VEN0028,2024-12-23,Preferred Service Vendor 028,Strategic,8,2536,8.88,1,0.956
VEN0028,2024-12-30,Preferred Service Vendor 028,Strategic,8,1392,9.06,1,0.947
VEN0029,2023-01-02,Preferred Service Vendor 029,Preferred,12,5534,13.3,1,0.935
VEN0029,2023-01-09,Preferred Service Vendor 029,Preferred,12,4026,11.32,0,1.0
VEN0029,2023-01-16,Preferred Service Vendor 029,Preferred,12,5447,8.14,0,1.0
VEN0029,2023-01-23,Preferred Service Vendor 029,Preferred,12,6784,8.27,0,1.0
VEN0029,2023-01-30,Preferred Service Vendor 029,Preferred,12,3686,13.6,1,0.92
VEN0029,2023-02-06,Preferred Service Vendor 029,Preferred,12,4058,13.61,1,0.9195
VEN0029,2023-02-13,Preferred Service Vendor 029,Preferred,12,5433,17.21,1,0.7395
VEN0029,2023-02-20,Preferred Service Vendor 029,Preferred,12,4034,16.99,1,0.7505
VEN0029,2023-02-27,Preferred Service Vendor 029,Preferred,12,2097,9.07,0,1.0
VEN0029,2023-03-06,Preferred Service Vendor 029,Preferred,12,4506,18.46,1,0.677
VEN0029,2023-03-13,Preferred Service Vendor 029,Preferred,12,3416,10.1,0,1.0
VEN0029,2023-03-20,Preferred Service Vendor 029,Preferred,12,4775,15.57,1,0.8215
VEN0029,2023-03-27,Preferred Service Vendor 029,Preferred,12,3404,13.06,1,0.947
VEN0029,2023-04-03,Preferred Service Vendor 029,Preferred,12,4513,16.38,1,0.781
VEN0029,2023-04-10,Preferred Service Vendor 029,Preferred,12,2898,12.98,1,0.951
VEN0029,2023-04-17,Preferred Service Vendor 029,Preferred,12,5864,18.78,1,0.661
VEN0029,2023-04-24,Preferred Service Vendor 029,Preferred,12,4475,18.21,1,0.6895
VEN0029,2023-05-01,Preferred Service Vendor 029,Preferred,12,5797,9.38,0,1.0
VEN0029,2023-05-08,Preferred Service Vendor 029,Preferred,12,5168,15.17,1,0.8415
VEN0029,2023-05-15,Preferred Service Vendor 029,Preferred,12,3372,10.25,0,1.0
VEN0029,2023-05-22,Preferred Service Vendor 029,Preferred,12,3575,15.77,1,0.8115
VEN0029,2023-05-29,Preferred Service Vendor 029,Preferred,12,3889,15.83,1,0.8085
VEN0029,2023-06-05,Preferred Service Vendor 029,Preferred,12,3116,15.3,1,0.835
VEN0029,2023-06-12,Preferred Service Vendor 029,Preferred,12,4306,14.69,1,0.8655
VEN0029,2023-06-19,Preferred Service Vendor 029,Preferred,12,3657,10.73,0,1.0
VEN0029,2023-06-26,Preferred Service Vendor 029,Preferred,12,2892,11.46,0,1.0
VEN0029,2023-07-03,Preferred Service Vendor 029,Preferred,12,3192,8.84,0,1.0
VEN0029,2023-07-10,Preferred Service Vendor 029,Preferred,12,500,16.83,1,0.7585
VEN0029,2023-07-17,Preferred Service Vendor 029,Preferred,12,4484,16.35,1,0.7825
VEN0029,2023-07-24,Preferred Service Vendor 029,Preferred,12,3702,8.93,0,1.0
VEN0029,2023-07-31,Preferred Service Vendor 029,Preferred,12,5052,11.22,0,1.0
VEN0029,2023-08-07,Preferred Service Vendor 029,Preferred,12,4104,18.97,1,0.6515
VEN0029,2023-08-14,Preferred Service Vendor 029,Preferred,12,6341,9.78,0,1.0
VEN0029,2023-08-21,Preferred Service Vendor 029,Preferred,12,3801,15.15,1,0.8425
VEN0029,2023-08-28,Preferred Service Vendor 029,Preferred,12,4482,10.64,0,1.0
VEN0029,2023-09-04,Preferred Service Vendor 029,Preferred,12,4320,15.72,1,0.814
VEN0029,2023-09-11,Preferred Service Vendor 029,Preferred,12,3864,13.59,1,0.9205
VEN0029,2023-09-18,Preferred Service Vendor 029,Preferred,12,3973,15.25,1,0.8375
VEN0029,2023-09-25,Preferred Service Vendor 029,Preferred,12,5417,10.96,0,1.0
VEN0029,2023-10-02,Preferred Service Vendor 029,Preferred,12,5543,12.19,1,0.9905
VEN0029,2023-10-09,Preferred Service Vendor 029,Preferred,12,3888,16.55,1,0.7725
VEN0029,2023-10-16,Preferred Service Vendor 029,Preferred,12,4776,17.95,1,0.7025
VEN0029,2023-10-23,Preferred Service Vendor 029,Preferred,12,5450,16.82,1,0.759
VEN0029,2023-10-30,Preferred Service Vendor 029,Preferred,12,3234,12.85,1,0.9575
VEN0029,2023-11-06,Preferred Service Vendor 029,Preferred,12,5398,14.8,1,0.86
VEN0029,2023-11-13,Preferred Service Vendor 029,Preferred,12,6683,14.28,1,0.886
VEN0029,2023-11-20,Preferred Service Vendor 029,Preferred,12,6561,7.99,0,1.0
VEN0029,2023-11-27,Preferred Service Vendor 029,Preferred,12,6620,11.9,0,1.0
VEN0029,2023-12-04,Preferred Service Vendor 029,Preferred,12,5458,10.01,0,1.0
VEN0029,2023-12-11,Preferred Service Vendor 029,Preferred,12,4131,13.2,1,0.94
VEN0029,2023-12-18,Preferred Service Vendor 029,Preferred,12,2748,12.53,1,0.9735
VEN0029,2023-12-25,Preferred Service Vendor 029,Preferred,12,1473,9.4,0,1.0
VEN0029,2024-01-01,Preferred Service Vendor 029,Preferred,12,4281,9.17,0,1.0
VEN0029,2024-01-08,Preferred Service Vendor 029,Preferred,12,4236,14.68,1,0.866
VEN0029,2024-01-15,Preferred Service Vendor 029,Preferred,12,4449,10.7,0,1.0
VEN0029,2024-01-22,Preferred Service Vendor 029,Preferred,12,5206,7.42,0,1.0
VEN0029,2024-01-29,Preferred Service Vendor 029,Preferred,12,4949,16.29,1,0.7855
VEN0029,2024-02-05,Preferred Service Vendor 029,Preferred,12,4441,7.96,0,1.0
VEN0029,2024-02-12,Preferred Service Vendor 029,Preferred,12,5058,17.81,1,0.7095
VEN0029,2024-02-19,Preferred Service Vendor 029,Preferred,12,2965,13.74,1,0.913
VEN0029,2024-02-26,Preferred Service Vendor 029,Preferred,12,3392,16.17,1,0.7915
VEN0029,2024-03-04,Preferred Service Vendor 029,Preferred,12,2133,8.83,0,1.0
VEN0029,2024-03-11,Preferred Service Vendor 029,Preferred,12,4142,8.92,0,1.0
VEN0029,2024-03-18,Preferred Service Vendor 029,Preferred,12,4651,10.66,0,1.0
VEN0029,2024-03-25,Preferred Service Vendor 029,Preferred,12,3685,18.96,1,0.652
VEN0029,2024-04-01,Preferred Service Vendor 029,Preferred,12,3375,13.32,1,0.934
VEN0029,2024-04-08,Preferred Service Vendor 029,Preferred,12,3594,12.76,1,0.962
VEN0029,2024-04-15,Preferred Service Vendor 029,Preferred,12,3158,14.79,1,0.8605
VEN0029,2024-04-22,Preferred Service Vendor 029,Preferred,12,3142,15.1,1,0.845
VEN0029,2024-04-29,Preferred Service Vendor 029,Preferred,12,3260,14.68,1,0.866
VEN0029,2024-05-06,Preferred Service Vendor 029,Preferred,12,4541,15.98,1,0.801
VEN0029,2024-05-13,Preferred Service Vendor 029,Preferred,12,2897,8.3,0,1.0
VEN0029,2024-05-20,Preferred Service Vendor 029,Preferred,12,3602,14.42,1,0.879
VEN0029,2024-05-27,Preferred Service Vendor 029,Preferred,12,6700,11.98,0,1.0
VEN0029,2024-06-03,Preferred Service Vendor 029,Preferred,12,4062,8.71,0,1.0
VEN0029,2024-06-10,Preferred Service Vendor 029,Preferred,12,5234,13.05,1,0.9475
VEN0029,2024-06-17,Preferred Service Vendor 029,Preferred,12,4017,7.93,0,1.0
VEN0029,2024-06-24,Preferred Service Vendor 029,Preferred,12,4772,14.0,1,0.9
VEN0029,2024-07-01,Preferred Service Vendor 029,Preferred,12,2951,16.73,1,0.7635
VEN0029,2024-07-08,Preferred Service Vendor 029,Preferred,12,3457,9.39,0,1.0
VEN0029,2024-07-15,Preferred Service Vendor 029,Preferred,12,4745,14.54,1,0.873
VEN0029,2024-07-22,Preferred Service Vendor 029,Preferred,12,3504,10.21,0,1.0
VEN0029,2024-07-29,Preferred Service Vendor 029,Preferred,12,5476,17.77,1,0.7115
VEN0029,2024-08-05,Preferred Service Vendor 029,Preferred,12,3691,15.04,1,0.848
VEN0029,2024-08-12,Preferred Service Vendor 029,Preferred,12,3071,16.44,1,0.778
VEN0029,2024-08-19,Preferred Service Vendor 029,Preferred,12,2667,14.37,1,0.8815
VEN0029,2024-08-26,Preferred Service Vendor 029,Preferred,12,4764,19.23,1,0.6385
VEN0029,2024-09-02,Preferred Service Vendor 029,Preferred,12,4314,16.2,1,0.79
VEN0029,2024-09-09,Preferred Service Vendor 029,Preferred,12,4244,18.0,1,0.7
VEN0029,2024-09-16,Preferred Service Vendor 029,Preferred,12,4246,8.33,0,1.0
VEN0029,2024-09-23,Preferred Service Vendor 029,Preferred,12,5801,10.44,0,1.0
VEN0029,2024-09-30,Preferred Service Vendor 029,Preferred,12,5104,10.59,0,1.0
VEN0029,2024-10-07,Preferred Service Vendor 029,Preferred,12,5606,12.34,1,0.983
VEN0029,2024-10-14,Preferred Service Vendor 029,Preferred,12,3274,15.13,1,0.8435
VEN0029,2024-10-21,Preferred Service Vendor 029,Preferred,12,3390,11.84,0,1.0
VEN0029,2024-10-28,Preferred Service Vendor 029,Preferred,12,2825,10.94,0,1.0
VEN0029,2024-11-04,Preferred Service Vendor 029,Preferred,12,3526,12.44,1,0.978
VEN0029,2024-11-11,Preferred Service Vendor 029,Preferred,12,3936,9.73,0,1.0
VEN0029,2024-11-18,Preferred Service Vendor 029,Preferred,12,5573,10.87,0,1.0
VEN0029,2024-11-25,Preferred Service Vendor 029,Preferred,12,3388,7.55,0,1.0
VEN0029,2024-12-02,Preferred Service Vendor 029,Preferred,12,5504,13.72,1,0.914
VEN0029,2024-12-09,Preferred Service Vendor 029,Preferred,12,2502,7.5,0,1.0
VEN0029,2024-12-16,Preferred Service Vendor 029,Preferred,12,3776,9.02,0,1.0
VEN0029,2024-12-23,Preferred Service Vendor 029,Preferred,12,4016,11.27,0,1.0
VEN0029,2024-12-30,Preferred Service Vendor 029,Preferred,12,4440,16.9,1,0.755
VEN0030,2023-01-02,Preferred Service Vendor 030,Preferred,12,3641,15.07,1,0.8465
VEN0030,2023-01-09,Preferred Service Vendor 030,Preferred,12,3232,13.81,1,0.9095
VEN0030,2023-01-16,Preferred Service Vendor 030,Preferred,12,632,15.09,1,0.8455
VEN0030,2023-01-23,Preferred Service Vendor 030,Preferred,12,3608,17.96,1,0.702
VEN0030,2023-01-30,Preferred Service Vendor 030,Preferred,12,2813,11.16,0,1.0
VEN0030,2023-02-06,Preferred Service Vendor 030,Preferred,12,3398,12.07,1,0.9965
VEN0030,2023-02-13,Preferred Service Vendor 030,Preferred,12,5188,11.82,0,1.0
VEN0030,2023-02-20,Preferred Service Vendor 030,Preferred,12,4277,12.73,1,0.9635
VEN0030,2023-02-27,Preferred Service Vendor 030,Preferred,12,6374,15.69,1,0.8155
VEN0030,2023-03-06,Preferred Service Vendor 030,Preferred,12,5494,19.34,1,0.633
VEN0030,2023-03-13,Preferred Service Vendor 030,Preferred,12,4948,9.88,0,1.0
VEN0030,2023-03-20,Preferred Service Vendor 030,Preferred,12,4014,12.05,1,0.9975
VEN0030,2023-03-27,Preferred Service Vendor 030,Preferred,12,3658,16.87,1,0.7565
VEN0030,2023-04-03,Preferred Service Vendor 030,Preferred,12,2576,10.15,0,1.0
VEN0030,2023-04-10,Preferred Service Vendor 030,Preferred,12,4579,17.48,1,0.726
VEN0030,2023-04-17,Preferred Service Vendor 030,Preferred,12,4124,10.35,0,1.0
VEN0030,2023-04-24,Preferred Service Vendor 030,Preferred,12,3335,10.92,0,1.0
VEN0030,2023-05-01,Preferred Service Vendor 030,Preferred,12,4899,11.85,0,1.0
VEN0030,2023-05-08,Preferred Service Vendor 030,Preferred,12,4449,11.3,0,1.0
VEN0030,2023-05-15,Preferred Service Vendor 030,Preferred,12,4043,7.95,0,1.0
VEN0030,2023-05-22,Preferred Service Vendor 030,Preferred,12,3673,11.71,0,1.0
VEN0030,2023-05-29,Preferred Service Vendor 030,Preferred,12,5664,9.94,0,1.0
VEN0030,2023-06-05,Preferred Service Vendor 030,Preferred,12,4542,16.4,1,0.78
VEN0030,2023-06-12,Preferred Service Vendor 030,Preferred,12,4240,17.24,1,0.738
VEN0030,2023-06-19,Preferred Service Vendor 030,Preferred,12,4240,11.7,0,1.0
VEN0030,2023-06-26,Preferred Service Vendor 030,Preferred,12,1234,10.27,0,1.0
VEN0030,2023-07-03,Preferred Service Vendor 030,Preferred,12,2645,10.29,0,1.0
VEN0030,2023-07-10,Preferred Service Vendor 030,Preferred,12,2527,11.15,0,1.0
VEN0030,2023-07-17,Preferred Service Vendor 030,Preferred,12,2799,6.81,0,1.0
VEN0030,2023-07-24,Preferred Service Vendor 030,Preferred,12,1835,13.78,1,0.911
VEN0030,2023-07-31,Preferred Service Vendor 030,Preferred,12,2488,15.59,1,0.8205
VEN0030,2023-08-07,Preferred Service Vendor 030,Preferred,12,3631,12.12,1,0.994
VEN0030,2023-08-14,Preferred Service Vendor 030,Preferred,12,5525,14.52,1,0.874
VEN0030,2023-08-21,Preferred Service Vendor 030,Preferred,12,2755,14.13,1,0.8935
VEN0030,2023-08-28,Preferred Service Vendor 030,Preferred,12,4402,14.43,1,0.8785
VEN0030,2023-09-04,Preferred Service Vendor 030,Preferred,12,4731,10.66,0,1.0
VEN0030,2023-09-11,Preferred Service Vendor 030,Preferred,12,4103,17.95,1,0.7025
VEN0030,2023-09-18,Preferred Service Vendor 030,Preferred,12,3759,11.44,0,1.0
VEN0030,2023-09-25,Preferred Service Vendor 030,Preferred,12,4516,17.22,1,0.739
VEN0030,2023-10-02,Preferred Service Vendor 030,Preferred,12,5318,16.15,1,0.7925
VEN0030,2023-10-09,Preferred Service Vendor 030,Preferred,12,3425,12.36,1,0.982
VEN0030,2023-10-16,Preferred Service Vendor 030,Preferred,12,3408,14.09,1,0.8955
VEN0030,2023-10-23,Preferred Service Vendor 030,Preferred,12,4386,11.91,0,1.0
VEN0030,2023-10-30,Preferred Service Vendor 030,Preferred,12,4622,18.54,1,0.673
VEN0030,2023-11-06,Preferred Service Vendor 030,Preferred,12,5367,13.54,1,0.923
VEN0030,2023-11-13,Preferred Service Vendor 030,Preferred,12,4566,16.49,1,0.7755
VEN0030,2023-11-20,Preferred Service Vendor 030,Preferred,12,3669,7.55,0,1.0
VEN0030,2023-11-27,Preferred Service Vendor 030,Preferred,12,3620,19.01,1,0.6495
VEN0030,2023-12-04,Preferred Service Vendor 030,Preferred,12,2351,10.19,0,1.0
VEN0030,2023-12-11,Preferred Service Vendor 030,Preferred,12,3785,9.16,0,1.0
VEN0030,2023-12-18,Preferred Service Vendor 030,Preferred,12,3673,19.71,1,0.6145
VEN0030,2023-12-25,Preferred Service Vendor 030,Preferred,12,4215,12.04,1,0.998
VEN0030,2024-01-01,Preferred Service Vendor 030,Preferred,12,4855,15.4,1,0.83
VEN0030,2024-01-08,Preferred Service Vendor 030,Preferred,12,5704,11.41,0,1.0
VEN0030,2024-01-15,Preferred Service Vendor 030,Preferred,12,3501,11.08,0,1.0
VEN0030,2024-01-22,Preferred Service Vendor 030,Preferred,12,5375,13.62,1,0.919
VEN0030,2024-01-29,Preferred Service Vendor 030,Preferred,12,5119,6.95,0,1.0
VEN0030,2024-02-05,Preferred Service Vendor 030,Preferred,12,3530,15.44,1,0.828
VEN0030,2024-02-12,Preferred Service Vendor 030,Preferred,12,2947,12.03,1,0.9985
VEN0030,2024-02-19,Preferred Service Vendor 030,Preferred,12,3461,16.42,1,0.779
VEN0030,2024-02-26,Preferred Service Vendor 030,Preferred,12,3149,17.67,1,0.7165
VEN0030,2024-03-04,Preferred Service Vendor 030,Preferred,12,4995,8.97,0,1.0
VEN0030,2024-03-11,Preferred Service Vendor 030,Preferred,12,4190,17.77,1,0.7115
VEN0030,2024-03-18,Preferred Service Vendor 030,Preferred,12,1777,16.31,1,0.7845
VEN0030,2024-03-25,Preferred Service Vendor 030,Preferred,12,6815,12.98,1,0.951
VEN0030,2024-04-01,Preferred Service Vendor 030,Preferred,12,2904,16.06,1,0.797
VEN0030,2024-04-08,Preferred Service Vendor 030,Preferred,12,4775,14.37,1,0.8815
VEN0030,2024-04-15,Preferred Service Vendor 030,Preferred,12,7243,7.99,0,1.0
VEN0030,2024-04-22,Preferred Service Vendor 030,Preferred,12,3382,17.68,1,0.716
VEN0030,2024-04-29,Preferred Service Vendor 030,Preferred,12,5250,18.32,1,0.684
VEN0030,2024-05-06,Preferred Service Vendor 030,Preferred,12,4522,10.05,0,1.0
VEN0030,2024-05-13,Preferred Service Vendor 030,Preferred,12,4819,15.87,1,0.8065
VEN0030,2024-05-20,Preferred Service Vendor 030,Preferred,12,4066,15.02,1,0.849
VEN0030,2024-05-27,Preferred Service Vendor 030,Preferred,12,4219,11.46,0,1.0
VEN0030,2024-06-03,Preferred Service Vendor 030,Preferred,12,4134,9.42,0,1.0
VEN0030,2024-06-10,Preferred Service Vendor 030,Preferred,12,3688,11.83,0,1.0
VEN0030,2024-06-17,Preferred Service Vendor 030,Preferred,12,3159,8.33,0,1.0
VEN0030,2024-06-24,Preferred Service Vendor 030,Preferred,12,5279,19.43,1,0.6285
VEN0030,2024-07-01,Preferred Service Vendor 030,Preferred,12,5056,14.62,1,0.869
VEN0030,2024-07-08,Preferred Service Vendor 030,Preferred,12,3897,13.9,1,0.905
VEN0030,2024-07-15,Preferred Service Vendor 030,Preferred,12,3166,15.21,1,0.8395
VEN0030,2024-07-22,Preferred Service Vendor 030,Preferred,12,4957,6.6,0,1.0
VEN0030,2024-07-29,Preferred Service Vendor 030,Preferred,12,2484,14.34,1,0.883
VEN0030,2024-08-05,Preferred Service Vendor 030,Preferred,12,5073,9.53,0,1.0
VEN0030,2024-08-12,Preferred Service Vendor 030,Preferred,12,1997,10.71,0,1.0
VEN0030,2024-08-19,Preferred Service Vendor 030,Preferred,12,5618,17.63,1,0.7185
VEN0030,2024-08-26,Preferred Service Vendor 030,Preferred,12,5432,13.58,1,0.921
VEN0030,2024-09-02,Preferred Service Vendor 030,Preferred,12,3547,12.23,1,0.9885
VEN0030,2024-09-09,Preferred Service Vendor 030,Preferred,12,4715,16.18,1,0.791
VEN0030,2024-09-16,Preferred Service Vendor 030,Preferred,12,5193,15.55,1,0.8225
VEN0030,2024-09-23,Preferred Service Vendor 030,Preferred,12,6156,7.33,0,1.0
VEN0030,2024-09-30,Preferred Service Vendor 030,Preferred,12,4413,10.94,0,1.0
VEN0030,2024-10-07,Preferred Service Vendor 030,Preferred,12,4669,17.93,1,0.7035
VEN0030,2024-10-14,Preferred Service Vendor 030,Preferred,12,1414,17.44,1,0.728
VEN0030,2024-10-21,Preferred Service Vendor 030,Preferred,12,2894,14.69,1,0.8655
VEN0030,2024-10-28,Preferred Service Vendor 030,Preferred,12,3336,13.53,1,0.9235
VEN0030,2024-11-04,Preferred Service Vendor 030,Preferred,12,5923,10.42,0,1.0
VEN0030,2024-11-11,Preferred Service Vendor 030,Preferred,12,4693,8.59,0,1.0
VEN0030,2024-11-18,Preferred Service Vendor 030,Preferred,12,4270,12.94,1,0.953
VEN0030,2024-11-25,Preferred Service Vendor 030,Preferred,12,5590,11.28,0,1.0
VEN0030,2024-12-02,Preferred Service Vendor 030,Preferred,12,4546,8.04,0,1.0
VEN0030,2024-12-09,Preferred Service Vendor 030,Preferred,12,2799,9.62,0,1.0
VEN0030,2024-12-16,Preferred Service Vendor 030,Preferred,12,2740,10.63,0,1.0
VEN0030,2024-12-23,Preferred Service Vendor 030,Preferred,12,3382,7.27,0,1.0
VEN0030,2024-12-30,Preferred Service Vendor 030,Preferred,12,2945,5.62,0,1.0
VEN0031,2023-01-02,Preferred Service Vendor 031,Preferred,24,5576,29.18,1,0.741
VEN0031,2023-01-09,Preferred Service Vendor 031,Preferred,24,2767,19.78,0,1.0
VEN0031,2023-01-16,Preferred Service Vendor 031,Preferred,24,3557,16.44,0,1.0
VEN0031,2023-01-23,Preferred Service Vendor 031,Preferred,24,3027,35.56,1,0.422
VEN0031,2023-01-30,Preferred Service Vendor 031,Preferred,24,2009,30.22,1,0.689
VEN0031,2023-02-06,Preferred Service Vendor 031,Preferred,24,5072,23.26,0,1.0
VEN0031,2023-02-13,Preferred Service Vendor 031,Preferred,24,5283,22.7,0,1.0
VEN0031,2023-02-20,Preferred Service Vendor 031,Preferred,24,3104,36.49,1,0.3755
VEN0031,2023-02-27,Preferred Service Vendor 031,Preferred,24,2948,36.3,1,0.385
VEN0031,2023-03-06,Preferred Service Vendor 031,Preferred,24,4956,26.39,1,0.8805
VEN0031,2023-03-13,Preferred Service Vendor 031,Preferred,24,2321,33.79,1,0.5105
VEN0031,2023-03-20,Preferred Service Vendor 031,Preferred,24,5899,26.91,1,0.8545
VEN0031,2023-03-27,Preferred Service Vendor 031,Preferred,24,4966,26.26,1,0.887
VEN0031,2023-04-03,Preferred Service Vendor 031,Preferred,24,5984,16.13,0,1.0
VEN0031,2023-04-10,Preferred Service Vendor 031,Preferred,24,5968,31.71,1,0.6145
VEN0031,2023-04-17,Preferred Service Vendor 031,Preferred,24,4610,20.43,0,1.0
VEN0031,2023-04-24,Preferred Service Vendor 031,Preferred,24,3135,23.81,0,1.0
VEN0031,2023-05-01,Preferred Service Vendor 031,Preferred,24,2177,37.64,1,0.35
VEN0031,2023-05-08,Preferred Service Vendor 031,Preferred,24,6140,30.47,1,0.6765
VEN0031,2023-05-15,Preferred Service Vendor 031,Preferred,24,5675,29.53,1,0.7235
VEN0031,2023-05-22,Preferred Service Vendor 031,Preferred,24,4202,34.49,1,0.4755
VEN0031,2023-05-29,Preferred Service Vendor 031,Preferred,24,2834,19.93,0,1.0
VEN0031,2023-06-05,Preferred Service Vendor 031,Preferred,24,4768,33.58,1,0.521
VEN0031,2023-06-12,Preferred Service Vendor 031,Preferred,24,4444,28.99,1,0.7505
VEN0031,2023-06-19,Preferred Service Vendor 031,Preferred,24,3933,28.34,1,0.783
VEN0031,2023-06-26,Preferred Service Vendor 031,Preferred,24,3096,25.99,1,0.9005
VEN0031,2023-07-03,Preferred Service Vendor 031,Preferred,24,4270,18.34,0,1.0
VEN0031,2023-07-10,Preferred Service Vendor 031,Preferred,24,4364,35.47,1,0.4265
VEN0031,2023-07-17,Preferred Service Vendor 031,Preferred,24,5186,19.29,0,1.0
VEN0031,2023-07-24,Preferred Service Vendor 031,Preferred,24,3696,34.69,1,0.4655
VEN0031,2023-07-31,Preferred Service Vendor 031,Preferred,24,2728,17.13,0,1.0
VEN0031,2023-08-07,Preferred Service Vendor 031,Preferred,24,6319,27.28,1,0.836
VEN0031,2023-08-14,Preferred Service Vendor 031,Preferred,24,3333,25.62,1,0.919
VEN0031,2023-08-21,Preferred Service Vendor 031,Preferred,24,5773,15.75,0,1.0
VEN0031,2023-08-28,Preferred Service Vendor 031,Preferred,24,5992,18.56,0,1.0
VEN0031,2023-09-04,Preferred Service Vendor 031,Preferred,24,3001,24.58,1,0.971
VEN0031,2023-09-11,Preferred Service Vendor 031,Preferred,24,3202,29.42,1,0.729
VEN0031,2023-09-18,Preferred Service Vendor 031,Preferred,24,5430,28.4,1,0.78
VEN0031,2023-09-25,Preferred Service Vendor 031,Preferred,24,2715,29.56,1,0.722
VEN0031,2023-10-02,Preferred Service Vendor 031,Preferred,24,5036,18.89,0,1.0
VEN0031,2023-10-09,Preferred Service Vendor 031,Preferred,24,4937,34.5,1,0.475
VEN0031,2023-10-16,Preferred Service Vendor 031,Preferred,24,2459,33.66,1,0.517
VEN0031,2023-10-23,Preferred Service Vendor 031,Preferred,24,6665,34.25,1,0.4875
VEN0031,2023-10-30,Preferred Service Vendor 031,Preferred,24,3687,16.51,0,1.0
VEN0031,2023-11-06,Preferred Service Vendor 031,Preferred,24,5417,33.7,1,0.515
VEN0031,2023-11-13,Preferred Service Vendor 031,Preferred,24,4507,30.06,1,0.697
VEN0031,2023-11-20,Preferred Service Vendor 031,Preferred,24,4549,25.2,1,0.94
VEN0031,2023-11-27,Preferred Service Vendor 031,Preferred,24,2810,33.98,1,0.501
VEN0031,2023-12-04,Preferred Service Vendor 031,Preferred,24,7380,34.07,1,0.4965
VEN0031,2023-12-11,Preferred Service Vendor 031,Preferred,24,4494,25.35,1,0.9325
VEN0031,2023-12-18,Preferred Service Vendor 031,Preferred,24,3140,22.5,0,1.0
VEN0031,2023-12-25,Preferred Service Vendor 031,Preferred,24,5351,30.63,1,0.6685
VEN0031,2024-01-01,Preferred Service Vendor 031,Preferred,24,3667,32.05,1,0.5975
VEN0031,2024-01-08,Preferred Service Vendor 031,Preferred,24,5448,25.68,1,0.916
VEN0031,2024-01-15,Preferred Service Vendor 031,Preferred,24,6318,33.26,1,0.537
VEN0031,2024-01-22,Preferred Service Vendor 031,Preferred,24,1588,34.26,1,0.487
VEN0031,2024-01-29,Preferred Service Vendor 031,Preferred,24,4333,22.77,0,1.0
VEN0031,2024-02-05,Preferred Service Vendor 031,Preferred,24,5276,19.59,0,1.0
VEN0031,2024-02-12,Preferred Service Vendor 031,Preferred,24,5166,36.04,1,0.398
VEN0031,2024-02-19,Preferred Service Vendor 031,Preferred,24,4195,30.28,1,0.686
VEN0031,2024-02-26,Preferred Service Vendor 031,Preferred,24,3938,22.65,0,1.0
VEN0031,2024-03-04,Preferred Service Vendor 031,Preferred,24,6303,30.45,1,0.6775
VEN0031,2024-03-11,Preferred Service Vendor 031,Preferred,24,1878,34.47,1,0.4765
VEN0031,2024-03-18,Preferred Service Vendor 031,Preferred,24,4426,23.59,0,1.0
VEN0031,2024-03-25,Preferred Service Vendor 031,Preferred,24,3992,28.31,1,0.7845
VEN0031,2024-04-01,Preferred Service Vendor 031,Preferred,24,4549,23.01,0,1.0
VEN0031,2024-04-08,Preferred Service Vendor 031,Preferred,24,5072,16.47,0,1.0
VEN0031,2024-04-15,Preferred Service Vendor 031,Preferred,24,2450,31.48,1,0.626
VEN0031,2024-04-22,Preferred Service Vendor 031,Preferred,24,4505,31.76,1,0.612
VEN0031,2024-04-29,Preferred Service Vendor 031,Preferred,24,3306,37.05,1,0.35
VEN0031,2024-05-06,Preferred Service Vendor 031,Preferred,24,3863,17.14,0,1.0
VEN0031,2024-05-13,Preferred Service Vendor 031,Preferred,24,4919,33.28,1,0.536
VEN0031,2024-05-20,Preferred Service Vendor 031,Preferred,24,3637,22.59,0,1.0
VEN0031,2024-05-27,Preferred Service Vendor 031,Preferred,24,4252,23.85,0,1.0
VEN0031,2024-06-03,Preferred Service Vendor 031,Preferred,24,2785,18.39,0,1.0
VEN0031,2024-06-10,Preferred Service Vendor 031,Preferred,24,3187,24.26,1,0.987
VEN0031,2024-06-17,Preferred Service Vendor 031,Preferred,24,3933,35.89,1,0.4055
VEN0031,2024-06-24,Preferred Service Vendor 031,Preferred,24,4044,25.5,1,0.925
VEN0031,2024-07-01,Preferred Service Vendor 031,Preferred,24,5255,26.65,1,0.8675
VEN0031,2024-07-08,Preferred Service Vendor 031,Preferred,24,4781,30.56,1,0.672
VEN0031,2024-07-15,Preferred Service Vendor 031,Preferred,24,4943,20.21,0,1.0
VEN0031,2024-07-22,Preferred Service Vendor 031,Preferred,24,5260,36.67,1,0.3665
VEN0031,2024-07-29,Preferred Service Vendor 031,Preferred,24,3833,22.7,0,1.0
VEN0031,2024-08-05,Preferred Service Vendor 031,Preferred,24,5877,28.92,1,0.754
VEN0031,2024-08-12,Preferred Service Vendor 031,Preferred,24,5373,23.51,0,1.0
VEN0031,2024-08-19,Preferred Service Vendor 031,Preferred,24,3743,36.84,1,0.358
VEN0031,2024-08-26,Preferred Service Vendor 031,Preferred,24,2332,17.71,0,1.0
VEN0031,2024-09-02,Preferred Service Vendor 031,Preferred,24,4493,23.22,0,1.0
VEN0031,2024-09-09,Preferred Service Vendor 031,Preferred,24,7820,29.75,1,0.7125
VEN0031,2024-09-16,Preferred Service Vendor 031,Preferred,24,3934,32.22,1,0.589
VEN0031,2024-09-23,Preferred Service Vendor 031,Preferred,24,2889,20.26,0,1.0
VEN0031,2024-09-30,Preferred Service Vendor 031,Preferred,24,4001,16.42,0,1.0
VEN0031,2024-10-07,Preferred Service Vendor 031,Preferred,24,5160,25.06,1,0.947
VEN0031,2024-10-14,Preferred Service Vendor 031,Preferred,24,6009,33.9,1,0.505
VEN0031,2024-10-21,Preferred Service Vendor 031,Preferred,24,5746,26.82,1,0.859
VEN0031,2024-10-28,Preferred Service Vendor 031,Preferred,24,3882,34.0,1,0.5
VEN0031,2024-11-04,Preferred Service Vendor 031,Preferred,24,2660,14.46,0,1.0
VEN0031,2024-11-11,Preferred Service Vendor 031,Preferred,24,4751,35.37,1,0.4315
VEN0031,2024-11-18,Preferred Service Vendor 031,Preferred,24,5663,33.58,1,0.521
VEN0031,2024-11-25,Preferred Service Vendor 031,Preferred,24,4482,27.59,1,0.8205
VEN0031,2024-12-02,Preferred Service Vendor 031,Preferred,24,3870,23.11,0,1.0
VEN0031,2024-12-09,Preferred Service Vendor 031,Preferred,24,4940,32.03,1,0.5985
VEN0031,2024-12-16,Preferred Service Vendor 031,Preferred,24,4415,30.62,1,0.669
VEN0031,2024-12-23,Preferred Service Vendor 031,Preferred,24,3527,27.96,1,0.802
VEN0031,2024-12-30,Preferred Service Vendor 031,Preferred,24,3503,28.29,1,0.7855
VEN0032,2023-01-02,Preferred Service Vendor 032,Preferred,4,3422,2.97,0,1.0
VEN0032,2023-01-09,Preferred Service Vendor 032,Preferred,4,4570,4.12,1,0.994
VEN0032,2023-01-16,Preferred Service Vendor 032,Preferred,4,3605,4.21,1,0.9895
VEN0032,2023-01-23,Preferred Service Vendor 032,Preferred,4,4644,4.66,1,0.967
VEN0032,2023-01-30,Preferred Service Vendor 032,Preferred,4,3430,3.29,0,1.0
VEN0032,2023-02-06,Preferred Service Vendor 032,Preferred,4,4086,3.23,0,1.0
VEN0032,2023-02-13,Preferred Service Vendor 032,Preferred,4,3634,0.73,0,1.0
VEN0032,2023-02-20,Preferred Service Vendor 032,Preferred,4,5672,5.62,1,0.919
VEN0032,2023-02-27,Preferred Service Vendor 032,Preferred,4,5641,4.22,1,0.989
VEN0032,2023-03-06,Preferred Service Vendor 032,Preferred,4,4769,6.24,1,0.888
VEN0032,2023-03-13,Preferred Service Vendor 032,Preferred,4,5955,3.14,0,1.0
VEN0032,2023-03-20,Preferred Service Vendor 032,Preferred,4,4877,2.85,0,1.0
VEN0032,2023-03-27,Preferred Service Vendor 032,Preferred,4,3520,4.73,1,0.9635
VEN0032,2023-04-03,Preferred Service Vendor 032,Preferred,4,6209,3.5,0,1.0
VEN0032,2023-04-10,Preferred Service Vendor 032,Preferred,4,5631,3.4,0,1.0
VEN0032,2023-04-17,Preferred Service Vendor 032,Preferred,4,5838,2.22,0,1.0
VEN0032,2023-04-24,Preferred Service Vendor 032,Preferred,4,4709,3.43,0,1.0
VEN0032,2023-05-01,Preferred Service Vendor 032,Preferred,4,3359,4.44,1,0.978
VEN0032,2023-05-08,Preferred Service Vendor 032,Preferred,4,5615,5.31,1,0.9345
VEN0032,2023-05-15,Preferred Service Vendor 032,Preferred,4,5785,5.28,1,0.936
VEN0032,2023-05-22,Preferred Service Vendor 032,Preferred,4,3938,6.2,1,0.89
VEN0032,2023-05-29,Preferred Service Vendor 032,Preferred,4,4399,3.41,0,1.0
VEN0032,2023-06-05,Preferred Service Vendor 032,Preferred,4,4356,5.32,1,0.934
VEN0032,2023-06-12,Preferred Service Vendor 032,Preferred,4,4531,6.31,1,0.8845
VEN0032,2023-06-19,Preferred Service Vendor 032,Preferred,4,1972,6.26,1,0.887
VEN0032,2023-06-26,Preferred Service Vendor 032,Preferred,4,562,6.2,1,0.89
VEN0032,2023-07-03,Preferred Service Vendor 032,Preferred,4,4273,5.51,1,0.9245
VEN0032,2023-07-10,Preferred Service Vendor 032,Preferred,4,4170,3.66,0,1.0
VEN0032,2023-07-17,Preferred Service Vendor 032,Preferred,4,4328,3.18,0,1.0
VEN0032,2023-07-24,Preferred Service Vendor 032,Preferred,4,5295,4.61,1,0.9695
VEN0032,2023-07-31,Preferred Service Vendor 032,Preferred,4,3336,3.86,0,1.0
VEN0032,2023-08-07,Preferred Service Vendor 032,Preferred,4,4781,5.49,1,0.9255
VEN0032,2023-08-14,Preferred Service Vendor 032,Preferred,4,2951,5.17,1,0.9415
VEN0032,2023-08-21,Preferred Service Vendor 032,Preferred,4,5056,4.74,1,0.963
VEN0032,2023-08-28,Preferred Service Vendor 032,Preferred,4,5000,4.11,1,0.9945
VEN0032,2023-09-04,Preferred Service Vendor 032,Preferred,4,3230,6.58,1,0.871
VEN0032,2023-09-11,Preferred Service Vendor 032,Preferred,4,5966,4.93,1,0.9535
VEN0032,2023-09-18,Preferred Service Vendor 032,Preferred,4,5105,3.09,0,1.0
VEN0032,2023-09-25,Preferred Service Vendor 032,Preferred,4,5745,4.17,1,0.9915
VEN0032,2023-10-02,Preferred Service Vendor 032,Preferred,4,2254,4.72,1,0.964
VEN0032,2023-10-09,Preferred Service Vendor 032,Preferred,4,4779,5.78,1,0.911
VEN0032,2023-10-16,Preferred Service Vendor 032,Preferred,4,6187,3.13,0,1.0
VEN0032,2023-10-23,Preferred Service Vendor 032,Preferred,4,3398,5.0,1,0.95
VEN0032,2023-10-30,Preferred Service Vendor 032,Preferred,4,4438,5.7,1,0.915
VEN0032,2023-11-06,Preferred Service Vendor 032,Preferred,4,5868,5.26,1,0.937
VEN0032,2023-11-13,Preferred Service Vendor 032,Preferred,4,1685,5.89,1,0.9055
VEN0032,2023-11-20,Preferred Service Vendor 032,Preferred,4,5087,6.41,1,0.8795
VEN0032,2023-11-27,Preferred Service Vendor 032,Preferred,4,3482,4.37,1,0.9815
VEN0032,2023-12-04,Preferred Service Vendor 032,Preferred,4,4229,4.19,1,0.9905
VEN0032,2023-12-11,Preferred Service Vendor 032,Preferred,4,4350,5.75,1,0.9125
VEN0032,2023-12-18,Preferred Service Vendor 032,Preferred,4,3321,7.2,1,0.84
VEN0032,2023-12-25,Preferred Service Vendor 032,Preferred,4,3389,5.23,1,0.9385
VEN0032,2024-01-01,Preferred Service Vendor 032,Preferred,4,2895,3.76,0,1.0
VEN0032,2024-01-08,Preferred Service Vendor 032,Preferred,4,6034,2.81,0,1.0
VEN0032,2024-01-15,Preferred Service Vendor 032,Preferred,4,3508,3.47,0,1.0
VEN0032,2024-01-22,Preferred Service Vendor 032,Preferred,4,3937,4.59,1,0.9705
VEN0032,2024-01-29,Preferred Service Vendor 032,Preferred,4,2886,3.69,0,1.0
VEN0032,2024-02-05,Preferred Service Vendor 032,Preferred,4,4548,4.98,1,0.951
VEN0032,2024-02-12,Preferred Service Vendor 032,Preferred,4,3424,2.68,0,1.0
VEN0032,2024-02-19,Preferred Service Vendor 032,Preferred,4,1272,3.96,0,1.0
VEN0032,2024-02-26,Preferred Service Vendor 032,Preferred,4,4671,4.46,1,0.977
VEN0032,2024-03-04,Preferred Service Vendor 032,Preferred,4,4686,4.07,1,0.9965
VEN0032,2024-03-11,Preferred Service Vendor 032,Preferred,4,3519,3.89,0,1.0
VEN0032,2024-03-18,Preferred Service Vendor 032,Preferred,4,4185,2.33,0,1.0
VEN0032,2024-03-25,Preferred Service Vendor 032,Preferred,4,3699,3.04,0,1.0
VEN0032,2024-04-01,Preferred Service Vendor 032,Preferred,4,5336,5.26,1,0.937
VEN0032,2024-04-08,Preferred Service Vendor 032,Preferred,4,4935,3.1,0,1.0
VEN0032,2024-04-15,Preferred Service Vendor 032,Preferred,4,4249,3.24,0,1.0
VEN0032,2024-04-22,Preferred Service Vendor 032,Preferred,4,4160,3.29,0,1.0
VEN0032,2024-04-29,Preferred Service Vendor 032,Preferred,4,2714,4.25,1,0.9875
VEN0032,2024-05-06,Preferred Service Vendor 032,Preferred,4,3157,4.84,1,0.958
VEN0032,2024-05-13,Preferred Service Vendor 032,Preferred,4,5529,6.83,1,0.8585
VEN0032,2024-05-20,Preferred Service Vendor 032,Preferred,4,5115,4.91,1,0.9545
VEN0032,2024-05-27,Preferred Service Vendor 032,Preferred,4,3167,4.57,1,0.9715
VEN0032,2024-06-03,Preferred Service Vendor 032,Preferred,4,4412,5.65,1,0.9175
VEN0032,2024-06-10,Preferred Service Vendor 032,Preferred,4,4335,6.42,1,0.879
VEN0032,2024-06-17,Preferred Service Vendor 032,Preferred,4,3576,4.79,1,0.9605
VEN0032,2024-06-24,Preferred Service Vendor 032,Preferred,4,4995,2.14,0,1.0
VEN0032,2024-07-01,Preferred Service Vendor 032,Preferred,4,5954,3.61,0,1.0
VEN0032,2024-07-08,Preferred Service Vendor 032,Preferred,4,4927,6.24,1,0.888
VEN0032,2024-07-15,Preferred Service Vendor 032,Preferred,4,3780,5.59,1,0.9205
VEN0032,2024-07-22,Preferred Service Vendor 032,Preferred,4,5183,3.79,0,1.0
VEN0032,2024-07-29,Preferred Service Vendor 032,Preferred,4,5379,3.53,0,1.0
VEN0032,2024-08-05,Preferred Service Vendor 032,Preferred,4,5379,4.76,1,0.962
VEN0032,2024-08-12,Preferred Service Vendor 032,Preferred,4,3583,5.14,1,0.943
VEN0032,2024-08-19,Preferred Service Vendor 032,Preferred,4,3048,3.98,0,1.0
VEN0032,2024-08-26,Preferred Service Vendor 032,Preferred,4,3512,5.36,1,0.932
VEN0032,2024-09-02,Preferred Service Vendor 032,Preferred,4,6303,6.9,1,0.855
VEN0032,2024-09-09,Preferred Service Vendor 032,Preferred,4,6512,1.88,0,1.0
VEN0032,2024-09-16,Preferred Service Vendor 032,Preferred,4,4586,6.91,1,0.8545
VEN0032,2024-09-23,Preferred Service Vendor 032,Preferred,4,2608,5.04,1,0.948
VEN0032,2024-09-30,Preferred Service Vendor 032,Preferred,4,5563,6.04,1,0.898
VEN0032,2024-10-07,Preferred Service Vendor 032,Preferred,4,3492,6.47,1,0.8765
VEN0032,2024-10-14,Preferred Service Vendor 032,Preferred,4,3998,5.34,1,0.933
VEN0032,2024-10-21,Preferred Service Vendor 032,Preferred,4,4283,2.84,0,1.0
VEN0032,2024-10-28,Preferred Service Vendor 032,Preferred,4,6631,2.67,0,1.0
VEN0032,2024-11-04,Preferred Service Vendor 032,Preferred,4,5831,4.04,1,0.998
VEN0032,2024-11-11,Preferred Service Vendor 032,Preferred,4,2464,6.21,1,0.8895
VEN0032,2024-11-18,Preferred Service Vendor 032,Preferred,4,3562,2.99,0,1.0
VEN0032,2024-11-25,Preferred Service Vendor 032,Preferred,4,3685,2.71,0,1.0
VEN0032,2024-12-02,Preferred Service Vendor 032,Preferred,4,5082,5.8,1,0.91
VEN0032,2024-12-09,Preferred Service Vendor 032,Preferred,4,1607,6.92,1,0.854
VEN0032,2024-12-16,Preferred Service Vendor 032,Preferred,4,5181,3.31,0,1.0
VEN0032,2024-12-23,Preferred Service Vendor 032,Preferred,4,3544,3.87,0,1.0
VEN0032,2024-12-30,Preferred Service Vendor 032,Preferred,4,3795,6.0,1,0.9
VEN0033,2023-01-02,Preferred Service Vendor 033,Preferred,8,1382,7.24,0,1.0
VEN0033,2023-01-09,Preferred Service Vendor 033,Preferred,8,4037,9.17,1,0.9415
VEN0033,2023-01-16,Preferred Service Vendor 033,Preferred,8,4232,11.98,1,0.801
VEN0033,2023-01-23,Preferred Service Vendor 033,Preferred,8,3546,11.98,1,0.801
VEN0033,2023-01-30,Preferred Service Vendor 033,Preferred,8,3542,9.2,1,0.94
VEN0033,2023-02-06,Preferred Service Vendor 033,Preferred,8,5321,6.64,0,1.0
VEN0033,2023-02-13,Preferred Service Vendor 033,Preferred,8,3137,5.26,0,1.0
VEN0033,2023-02-20,Preferred Service Vendor 033,Preferred,8,2651,11.32,1,0.834
VEN0033,2023-02-27,Preferred Service Vendor 033,Preferred,8,4325,6.83,0,1.0
VEN0033,2023-03-06,Preferred Service Vendor 033,Preferred,8,3278,5.72,0,1.0
VEN0033,2023-03-13,Preferred Service Vendor 033,Preferred,8,4570,7.13,0,1.0
VEN0033,2023-03-20,Preferred Service Vendor 033,Preferred,8,3079,7.39,0,1.0
VEN0033,2023-03-27,Preferred Service Vendor 033,Preferred,8,4158,7.88,0,1.0
VEN0033,2023-04-03,Preferred Service Vendor 033,Preferred,8,3206,12.68,1,0.766
VEN0033,2023-04-10,Preferred Service Vendor 033,Preferred,8,4175,7.99,0,1.0
VEN0033,2023-04-17,Preferred Service Vendor 033,Preferred,8,6258,9.6,1,0.92
VEN0033,2023-04-24,Preferred Service Vendor 033,Preferred,8,3835,5.03,0,1.0
VEN0033,2023-05-01,Preferred Service Vendor 033,Preferred,8,4662,8.5,1,0.975
VEN0033,2023-05-08,Preferred Service Vendor 033,Preferred,8,3937,7.4,0,1.0
VEN0033,2023-05-15,Preferred Service Vendor 033,Preferred,8,4990,10.51,1,0.8745
VEN0033,2023-05-22,Preferred Service Vendor 033,Preferred,8,4482,8.55,1,0.9725
VEN0033,2023-05-29,Preferred Service Vendor 033,Preferred,8,1021,10.88,1,0.856
VEN0033,2023-06-05,Preferred Service Vendor 033,Preferred,8,3552,6.5,0,1.0
VEN0033,2023-06-12,Preferred Service Vendor 033,Preferred,8,4763,6.03,0,1.0
VEN0033,2023-06-19,Preferred Service Vendor 033,Preferred,8,6374,6.19,0,1.0
VEN0033,2023-06-26,Preferred Service Vendor 033,Preferred,8,4643,5.97,0,1.0
VEN0033,2023-07-03,Preferred Service Vendor 033,Preferred,8,6015,12.56,1,0.772
VEN0033,2023-07-10,Preferred Service Vendor 033,Preferred,8,6109,6.28,0,1.0
VEN0033,2023-07-17,Preferred Service Vendor 033,Preferred,8,1032,10.51,1,0.8745
VEN0033,2023-07-24,Preferred Service Vendor 033,Preferred,8,4970,4.79,0,1.0
VEN0033,2023-07-31,Preferred Service Vendor 033,Preferred,8,4759,9.58,1,0.921
VEN0033,2023-08-07,Preferred Service Vendor 033,Preferred,8,6064,5.08,0,1.0
VEN0033,2023-08-14,Preferred Service Vendor 033,Preferred,8,1975,8.78,1,0.961
VEN0033,2023-08-21,Preferred Service Vendor 033,Preferred,8,5715,11.83,1,0.8085
VEN0033,2023-08-28,Preferred Service Vendor 033,Preferred,8,3018,9.48,1,0.926
VEN0033,2023-09-04,Preferred Service Vendor 033,Preferred,8,3445,6.88,0,1.0
VEN0033,2023-09-11,Preferred Service Vendor 033,Preferred,8,5781,7.28,0,1.0
VEN0033,2023-09-18,Preferred Service Vendor 033,Preferred,8,3922,12.21,1,0.7895
VEN0033,2023-09-25,Preferred Service Vendor 033,Preferred,8,4336,10.01,1,0.8995
VEN0033,2023-10-02,Preferred Service Vendor 033,Preferred,8,3807,11.06,1,0.847
VEN0033,2023-10-09,Preferred Service Vendor 033,Preferred,8,4679,12.92,1,0.754
VEN0033,2023-10-16,Preferred Service Vendor 033,Preferred,8,1852,11.75,1,0.8125
VEN0033,2023-10-23,Preferred Service Vendor 033,Preferred,8,1642,7.42,0,1.0
VEN0033,2023-10-30,Preferred Service Vendor 033,Preferred,8,4419,11.65,1,0.8175
VEN0033,2023-11-06,Preferred Service Vendor 033,Preferred,8,4125,8.24,1,0.988
VEN0033,2023-11-13,Preferred Service Vendor 033,Preferred,8,4804,8.45,1,0.9775
VEN0033,2023-11-20,Preferred Service Vendor 033,Preferred,8,4837,7.44,0,1.0
VEN0033,2023-11-27,Preferred Service Vendor 033,Preferred,8,5344,9.11,1,0.9445
VEN0033,2023-12-04,Preferred Service Vendor 033,Preferred,8,4518,8.6,1,0.97
VEN0033,2023-12-11,Preferred Service Vendor 033,Preferred,8,3193,8.98,1,0.951
VEN0033,2023-12-18,Preferred Service Vendor 033,Preferred,8,4844,7.22,0,1.0
VEN0033,2023-12-25,Preferred Service Vendor 033,Preferred,8,3597,8.33,1,0.9835
VEN0033,2024-01-01,Preferred Service Vendor 033,Preferred,8,5470,11.7,1,0.815
VEN0033,2024-01-08,Preferred Service Vendor 033,Preferred,8,3766,5.76,0,1.0
VEN0033,2024-01-15,Preferred Service Vendor 033,Preferred,8,4212,7.52,0,1.0
VEN0033,2024-01-22,Preferred Service Vendor 033,Preferred,8,5039,10.7,1,0.865
VEN0033,2024-01-29,Preferred Service Vendor 033,Preferred,8,3871,6.5,0,1.0
VEN0033,2024-02-05,Preferred Service Vendor 033,Preferred,8,4329,7.7,0,1.0
VEN0033,2024-02-12,Preferred Service Vendor 033,Preferred,8,3791,8.8,1,0.96
VEN0033,2024-02-19,Preferred Service Vendor 033,Preferred,8,5750,11.71,1,0.8145
VEN0033,2024-02-26,Preferred Service Vendor 033,Preferred,8,4595,8.19,1,0.9905
VEN0033,2024-03-04,Preferred Service Vendor 033,Preferred,8,4901,11.79,1,0.8105
VEN0033,2024-03-11,Preferred Service Vendor 033,Preferred,8,5648,6.27,0,1.0
VEN0033,2024-03-18,Preferred Service Vendor 033,Preferred,8,3501,9.24,1,0.938
VEN0033,2024-03-25,Preferred Service Vendor 033,Preferred,8,3145,9.54,1,0.923
VEN0033,2024-04-01,Preferred Service Vendor 033,Preferred,8,2470,7.04,0,1.0
VEN0033,2024-04-08,Preferred Service Vendor 033,Preferred,8,2943,13.14,1,0.743
VEN0033,2024-04-15,Preferred Service Vendor 033,Preferred,8,2352,5.19,0,1.0
VEN0033,2024-04-22,Preferred Service Vendor 033,Preferred,8,2639,13.63,1,0.7185
VEN0033,2024-04-29,Preferred Service Vendor 033,Preferred,8,4050,11.8,1,0.81
VEN0033,2024-05-06,Preferred Service Vendor 033,Preferred,8,5447,8.73,1,0.9635
VEN0033,2024-05-13,Preferred Service Vendor 033,Preferred,8,7023,12.62,1,0.769
VEN0033,2024-05-20,Preferred Service Vendor 033,Preferred,8,2352,11.75,1,0.8125
VEN0033,2024-05-27,Preferred Service Vendor 033,Preferred,8,4383,10.35,1,0.8825
VEN0033,2024-06-03,Preferred Service Vendor 033,Preferred,8,3531,5.46,0,1.0
VEN0033,2024-06-10,Preferred Service Vendor 033,Preferred,8,3323,3.96,0,1.0
VEN0033,2024-06-17,Preferred Service Vendor 033,Preferred,8,4508,7.13,0,1.0
VEN0033,2024-06-24,Preferred Service Vendor 033,Preferred,8,5518,7.84,0,1.0
VEN0033,2024-07-01,Preferred Service Vendor 033,Preferred,8,6373,5.89,0,1.0
VEN0033,2024-07-08,Preferred Service Vendor 033,Preferred,8,4473,6.33,0,1.0
VEN0033,2024-07-15,Preferred Service Vendor 033,Preferred,8,1010,7.25,0,1.0
VEN0033,2024-07-22,Preferred Service Vendor 033,Preferred,8,1984,4.84,0,1.0
VEN0033,2024-07-29,Preferred Service Vendor 033,Preferred,8,3579,7.4,0,1.0
VEN0033,2024-08-05,Preferred Service Vendor 033,Preferred,8,3154,8.34,1,0.983
VEN0033,2024-08-12,Preferred Service Vendor 033,Preferred,8,2090,8.64,1,0.968
VEN0033,2024-08-19,Preferred Service Vendor 033,Preferred,8,3603,11.12,1,0.844
VEN0033,2024-08-26,Preferred Service Vendor 033,Preferred,8,3013,12.44,1,0.778
VEN0033,2024-09-02,Preferred Service Vendor 033,Preferred,8,3346,11.04,1,0.848
VEN0033,2024-09-09,Preferred Service Vendor 033,Preferred,8,6381,10.54,1,0.873
VEN0033,2024-09-16,Preferred Service Vendor 033,Preferred,8,4837,11.16,1,0.842
VEN0033,2024-09-23,Preferred Service Vendor 033,Preferred,8,2555,8.79,1,0.9605
VEN0033,2024-09-30,Preferred Service Vendor 033,Preferred,8,3271,11.26,1,0.837
VEN0033,2024-10-07,Preferred Service Vendor 033,Preferred,8,3678,10.96,1,0.852
VEN0033,2024-10-14,Preferred Service Vendor 033,Preferred,8,3319,9.36,1,0.932
VEN0033,2024-10-21,Preferred Service Vendor 033,Preferred,8,5123,6.32,0,1.0
VEN0033,2024-10-28,Preferred Service Vendor 033,Preferred,8,4509,12.24,1,0.788
VEN0033,2024-11-04,Preferred Service Vendor 033,Preferred,8,3203,7.96,0,1.0
VEN0033,2024-11-11,Preferred Service Vendor 033,Preferred,8,4615,8.0,0,1.0
VEN0033,2024-11-18,Preferred Service Vendor 033,Preferred,8,4168,10.34,1,0.883
VEN0033,2024-11-25,Preferred Service Vendor 033,Preferred,8,3291,10.12,1,0.894
VEN0033,2024-12-02,Preferred Service Vendor 033,Preferred,8,3391,7.73,0,1.0
VEN0033,2024-12-09,Preferred Service Vendor 033,Preferred,8,2708,7.86,0,1.0
VEN0033,2024-12-16,Preferred Service Vendor 033,Preferred,8,3537,12.78,1,0.761
VEN0033,2024-12-23,Preferred Service Vendor 033,Preferred,8,4427,6.64,0,1.0
VEN0033,2024-12-30,Preferred Service Vendor 033,Preferred,8,1350,12.07,1,0.7965
VEN0034,2023-01-02,Preferred Service Vendor 034,Preferred,8,5907,5.27,0,1.0
VEN0034,2023-01-09,Preferred Service Vendor 034,Preferred,8,894,7.36,0,1.0
VEN0034,2023-01-16,Preferred Service Vendor 034,Preferred,8,5123,11.24,1,0.838
VEN0034,2023-01-23,Preferred Service Vendor 034,Preferred,8,5311,5.0,0,1.0
VEN0034,2023-01-30,Preferred Service Vendor 034,Preferred,8,6733,6.24,0,1.0
VEN0034,2023-02-06,Preferred Service Vendor 034,Preferred,8,4000,8.97,1,0.9515
VEN0034,2023-02-13,Preferred Service Vendor 034,Preferred,8,3197,6.82,0,1.0
VEN0034,2023-02-20,Preferred Service Vendor 034,Preferred,8,3478,8.73,1,0.9635
VEN0034,2023-02-27,Preferred Service Vendor 034,Preferred,8,2785,11.9,1,0.805
VEN0034,2023-03-06,Preferred Service Vendor 034,Preferred,8,3636,11.73,1,0.8135
VEN0034,2023-03-13,Preferred Service Vendor 034,Preferred,8,5182,11.44,1,0.828
VEN0034,2023-03-20,Preferred Service Vendor 034,Preferred,8,903,10.34,1,0.883
VEN0034,2023-03-27,Preferred Service Vendor 034,Preferred,8,3443,8.54,1,0.973
VEN0034,2023-04-03,Preferred Service Vendor 034,Preferred,8,4685,9.01,1,0.9495
VEN0034,2023-04-10,Preferred Service Vendor 034,Preferred,8,3369,13.33,1,0.7335
VEN0034,2023-04-17,Preferred Service Vendor 034,Preferred,8,3867,7.98,0,1.0
VEN0034,2023-04-24,Preferred Service Vendor 034,Preferred,8,1154,9.61,1,0.9195
VEN0034,2023-05-01,Preferred Service Vendor 034,Preferred,8,5741,11.56,1,0.822
VEN0034,2023-05-08,Preferred Service Vendor 034,Preferred,8,3754,7.94,0,1.0
VEN0034,2023-05-15,Preferred Service Vendor 034,Preferred,8,5818,4.59,0,1.0
VEN0034,2023-05-22,Preferred Service Vendor 034,Preferred,8,5484,9.37,1,0.9315
VEN0034,2023-05-29,Preferred Service Vendor 034,Preferred,8,4070,6.22,0,1.0
VEN0034,2023-06-05,Preferred Service Vendor 034,Preferred,8,2207,7.22,0,1.0
VEN0034,2023-06-12,Preferred Service Vendor 034,Preferred,8,5112,11.66,1,0.817
VEN0034,2023-06-19,Preferred Service Vendor 034,Preferred,8,2096,7.07,0,1.0
VEN0034,2023-06-26,Preferred Service Vendor 034,Preferred,8,5648,7.89,0,1.0
VEN0034,2023-07-03,Preferred Service Vendor 034,Preferred,8,5750,6.42,0,1.0
VEN0034,2023-07-10,Preferred Service Vendor 034,Preferred,8,4038,8.41,1,0.9795
VEN0034,2023-07-17,Preferred Service Vendor 034,Preferred,8,2494,8.76,1,0.962
VEN0034,2023-07-24,Preferred Service Vendor 034,Preferred,8,4823,3.67,0,1.0
VEN0034,2023-07-31,Preferred Service Vendor 034,Preferred,8,4928,4.65,0,1.0
VEN0034,2023-08-07,Preferred Service Vendor 034,Preferred,8,4547,7.99,0,1.0
VEN0034,2023-08-14,Preferred Service Vendor 034,Preferred,8,3915,8.84,1,0.958
VEN0034,2023-08-21,Preferred Service Vendor 034,Preferred,8,3685,3.72,0,1.0
VEN0034,2023-08-28,Preferred Service Vendor 034,Preferred,8,5009,6.29,0,1.0
VEN0034,2023-09-04,Preferred Service Vendor 034,Preferred,8,3685,11.25,1,0.8375
VEN0034,2023-09-11,Preferred Service Vendor 034,Preferred,8,3893,9.09,1,0.9455
VEN0034,2023-09-18,Preferred Service Vendor 034,Preferred,8,3846,12.4,1,0.78
VEN0034,2023-09-25,Preferred Service Vendor 034,Preferred,8,6274,6.26,0,1.0
VEN0034,2023-10-02,Preferred Service Vendor 034,Preferred,8,4271,5.34,0,1.0
VEN0034,2023-10-09,Preferred Service Vendor 034,Preferred,8,4392,9.92,1,0.904
VEN0034,2023-10-16,Preferred Service Vendor 034,Preferred,8,3810,11.95,1,0.8025
VEN0034,2023-10-23,Preferred Service Vendor 034,Preferred,8,3883,8.06,1,0.997
VEN0034,2023-10-30,Preferred Service Vendor 034,Preferred,8,6515,10.64,1,0.868
VEN0034,2023-11-06,Preferred Service Vendor 034,Preferred,8,4164,5.13,0,1.0
VEN0034,2023-11-13,Preferred Service Vendor 034,Preferred,8,2955,9.94,1,0.903
VEN0034,2023-11-20,Preferred Service Vendor 034,Preferred,8,5988,11.28,1,0.836
VEN0034,2023-11-27,Preferred Service Vendor 034,Preferred,8,5227,13.64,1,0.718
VEN0034,2023-12-04,Preferred Service Vendor 034,Preferred,8,5469,9.46,1,0.927
VEN0034,2023-12-11,Preferred Service Vendor 034,Preferred,8,3561,8.93,1,0.9535
VEN0034,2023-12-18,Preferred Service Vendor 034,Preferred,8,2048,10.33,1,0.8835
VEN0034,2023-12-25,Preferred Service Vendor 034,Preferred,8,5064,8.09,1,0.9955
VEN0034,2024-01-01,Preferred Service Vendor 034,Preferred,8,3926,8.34,1,0.983
VEN0034,2024-01-08,Preferred Service Vendor 034,Preferred,8,2277,10.07,1,0.8965
VEN0034,2024-01-15,Preferred Service Vendor 034,Preferred,8,4375,10.57,1,0.8715
VEN0034,2024-01-22,Preferred Service Vendor 034,Preferred,8,2694,7.19,0,1.0
VEN0034,2024-01-29,Preferred Service Vendor 034,Preferred,8,3457,7.12,0,1.0
VEN0034,2024-02-05,Preferred Service Vendor 034,Preferred,8,8419,4.1,0,1.0
VEN0034,2024-02-12,Preferred Service Vendor 034,Preferred,8,3180,7.46,0,1.0
VEN0034,2024-02-19,Preferred Service Vendor 034,Preferred,8,4642,9.55,1,0.9225
VEN0034,2024-02-26,Preferred Service Vendor 034,Preferred,8,3526,6.66,0,1.0
VEN0034,2024-03-04,Preferred Service Vendor 034,Preferred,8,4829,8.58,1,0.971
VEN0034,2024-03-11,Preferred Service Vendor 034,Preferred,8,4574,11.35,1,0.8325
VEN0034,2024-03-18,Preferred Service Vendor 034,Preferred,8,5629,6.57,0,1.0
VEN0034,2024-03-25,Preferred Service Vendor 034,Preferred,8,5529,7.7,0,1.0
VEN0034,2024-04-01,Preferred Service Vendor 034,Preferred,8,2123,10.21,1,0.8895
VEN0034,2024-04-08,Preferred Service Vendor 034,Preferred,8,3237,5.31,0,1.0
VEN0034,2024-04-15,Preferred Service Vendor 034,Preferred,8,5857,11.95,1,0.8025
VEN0034,2024-04-22,Preferred Service Vendor 034,Preferred,8,3131,10.15,1,0.8925
VEN0034,2024-04-29,Preferred Service Vendor 034,Preferred,8,3061,5.56,0,1.0
VEN0034,2024-05-06,Preferred Service Vendor 034,Preferred,8,1646,8.92,1,0.954
VEN0034,2024-05-13,Preferred Service Vendor 034,Preferred,8,5129,5.15,0,1.0
VEN0034,2024-05-20,Preferred Service Vendor 034,Preferred,8,1967,10.81,1,0.8595
VEN0034,2024-05-27,Preferred Service Vendor 034,Preferred,8,4743,12.09,1,0.7955
VEN0034,2024-06-03,Preferred Service Vendor 034,Preferred,8,5742,11.29,1,0.8355
VEN0034,2024-06-10,Preferred Service Vendor 034,Preferred,8,5015,10.86,1,0.857
VEN0034,2024-06-17,Preferred Service Vendor 034,Preferred,8,3744,10.43,1,0.8785
VEN0034,2024-06-24,Preferred Service Vendor 034,Preferred,8,2741,11.34,1,0.833
VEN0034,2024-07-01,Preferred Service Vendor 034,Preferred,8,5973,7.4,0,1.0
VEN0034,2024-07-08,Preferred Service Vendor 034,Preferred,8,5954,8.99,1,0.9505
VEN0034,2024-07-15,Preferred Service Vendor 034,Preferred,8,2612,9.99,1,0.9005
VEN0034,2024-07-22,Preferred Service Vendor 034,Preferred,8,881,8.69,1,0.9655
VEN0034,2024-07-29,Preferred Service Vendor 034,Preferred,8,2844,10.06,1,0.897
VEN0034,2024-08-05,Preferred Service Vendor 034,Preferred,8,4962,12.22,1,0.789
VEN0034,2024-08-12,Preferred Service Vendor 034,Preferred,8,3068,6.42,0,1.0
VEN0034,2024-08-19,Preferred Service Vendor 034,Preferred,8,5166,9.93,1,0.9035
VEN0034,2024-08-26,Preferred Service Vendor 034,Preferred,8,3963,7.74,0,1.0
VEN0034,2024-09-02,Preferred Service Vendor 034,Preferred,8,3817,7.8,0,1.0
VEN0034,2024-09-09,Preferred Service Vendor 034,Preferred,8,5676,4.68,0,1.0
VEN0034,2024-09-16,Preferred Service Vendor 034,Preferred,8,4566,8.29,1,0.9855
VEN0034,2024-09-23,Preferred Service Vendor 034,Preferred,8,2474,6.27,0,1.0
VEN0034,2024-09-30,Preferred Service Vendor 034,Preferred,8,5312,9.85,1,0.9075
VEN0034,2024-10-07,Preferred Service Vendor 034,Preferred,8,3257,10.12,1,0.894
VEN0034,2024-10-14,Preferred Service Vendor 034,Preferred,8,6010,11.8,1,0.81
VEN0034,2024-10-21,Preferred Service Vendor 034,Preferred,8,4506,9.43,1,0.9285
VEN0034,2024-10-28,Preferred Service Vendor 034,Preferred,8,4645,12.3,1,0.785
VEN0034,2024-11-04,Preferred Service Vendor 034,Preferred,8,3667,4.27,0,1.0
VEN0034,2024-11-11,Preferred Service Vendor 034,Preferred,8,3405,11.98,1,0.801
VEN0034,2024-11-18,Preferred Service Vendor 034,Preferred,8,2291,11.54,1,0.823
VEN0034,2024-11-25,Preferred Service Vendor 034,Preferred,8,3507,11.47,1,0.8265
VEN0034,2024-12-02,Preferred Service Vendor 034,Preferred,8,3460,8.59,1,0.9705
VEN0034,2024-12-09,Preferred Service Vendor 034,Preferred,8,2942,10.44,1,0.878
VEN0034,2024-12-16,Preferred Service Vendor 034,Preferred,8,4477,8.15,1,0.9925
VEN0034,2024-12-23,Preferred Service Vendor 034,Preferred,8,4881,7.0,0,1.0
VEN0034,2024-12-30,Preferred Service Vendor 034,Preferred,8,2671,6.36,0,1.0
VEN0035,2023-01-02,Preferred Service Vendor 035,Preferred,8,4955,10.15,1,0.8925
VEN0035,2023-01-09,Preferred Service Vendor 035,Preferred,8,3753,6.65,0,1.0
VEN0035,2023-01-16,Preferred Service Vendor 035,Preferred,8,3421,11.96,1,0.802
VEN0035,2023-01-23,Preferred Service Vendor 035,Preferred,8,6328,8.3,1,0.985
VEN0035,2023-01-30,Preferred Service Vendor 035,Preferred,8,1418,10.59,1,0.8705
VEN0035,2023-02-06,Preferred Service Vendor 035,Preferred,8,3807,12.92,1,0.754
VEN0035,2023-02-13,Preferred Service Vendor 035,Preferred,8,3870,11.99,1,0.8005
VEN0035,2023-02-20,Preferred Service Vendor 035,Preferred,8,3322,13.6,1,0.72
VEN0035,2023-02-27,Preferred Service Vendor 035,Preferred,8,2315,6.08,0,1.0
VEN0035,2023-03-06,Preferred Service Vendor 035,Preferred,8,4449,8.55,1,0.9725
VEN0035,2023-03-13,Preferred Service Vendor 035,Preferred,8,4554,6.15,0,1.0
VEN0035,2023-03-20,Preferred Service Vendor 035,Preferred,8,3607,6.15,0,1.0
VEN0035,2023-03-27,Preferred Service Vendor 035,Preferred,8,3499,12.06,1,0.797
VEN0035,2023-04-03,Preferred Service Vendor 035,Preferred,8,6515,6.8,0,1.0
VEN0035,2023-04-10,Preferred Service Vendor 035,Preferred,8,3696,11.24,1,0.838
VEN0035,2023-04-17,Preferred Service Vendor 035,Preferred,8,2726,11.02,1,0.849
VEN0035,2023-04-24,Preferred Service Vendor 035,Preferred,8,5929,8.87,1,0.9565
VEN0035,2023-05-01,Preferred Service Vendor 035,Preferred,8,3247,10.45,1,0.8775
VEN0035,2023-05-08,Preferred Service Vendor 035,Preferred,8,4656,11.18,1,0.841
VEN0035,2023-05-15,Preferred Service Vendor 035,Preferred,8,957,7.9,0,1.0
VEN0035,2023-05-22,Preferred Service Vendor 035,Preferred,8,6348,9.28,1,0.936
VEN0035,2023-05-29,Preferred Service Vendor 035,Preferred,8,2500,11.58,1,0.821
VEN0035,2023-06-05,Preferred Service Vendor 035,Preferred,8,2138,10.78,1,0.861
VEN0035,2023-06-12,Preferred Service Vendor 035,Preferred,8,4300,5.82,0,1.0
VEN0035,2023-06-19,Preferred Service Vendor 035,Preferred,8,3972,5.92,0,1.0
VEN0035,2023-06-26,Preferred Service Vendor 035,Preferred,8,5092,7.61,0,1.0
VEN0035,2023-07-03,Preferred Service Vendor 035,Preferred,8,4926,8.19,1,0.9905
VEN0035,2023-07-10,Preferred Service Vendor 035,Preferred,8,3037,7.34,0,1.0
VEN0035,2023-07-17,Preferred Service Vendor 035,Preferred,8,4817,7.21,0,1.0
VEN0035,2023-07-24,Preferred Service Vendor 035,Preferred,8,2073,8.89,1,0.9555
VEN0035,2023-07-31,Preferred Service Vendor 035,Preferred,8,5909,9.84,1,0.908
VEN0035,2023-08-07,Preferred Service Vendor 035,Preferred,8,2138,6.07,0,1.0
VEN0035,2023-08-14,Preferred Service Vendor 035,Preferred,8,4874,8.25,1,0.9875
VEN0035,2023-08-21,Preferred Service Vendor 035,Preferred,8,5755,6.3,0,1.0
VEN0035,2023-08-28,Preferred Service Vendor 035,Preferred,8,4735,5.47,0,1.0
VEN0035,2023-09-04,Preferred Service Vendor 035,Preferred,8,5628,8.4,1,0.98
VEN0035,2023-09-11,Preferred Service Vendor 035,Preferred,8,4242,9.6,1,0.92
VEN0035,2023-09-18,Preferred Service Vendor 035,Preferred,8,2225,10.11,1,0.8945
VEN0035,2023-09-25,Preferred Service Vendor 035,Preferred,8,2755,7.73,0,1.0
VEN0035,2023-10-02,Preferred Service Vendor 035,Preferred,8,6159,5.8,0,1.0
VEN0035,2023-10-09,Preferred Service Vendor 035,Preferred,8,2358,10.38,1,0.881
VEN0035,2023-10-16,Preferred Service Vendor 035,Preferred,8,6051,9.08,1,0.946
VEN0035,2023-10-23,Preferred Service Vendor 035,Preferred,8,3735,9.13,1,0.9435
VEN0035,2023-10-30,Preferred Service Vendor 035,Preferred,8,5100,8.21,1,0.9895
VEN0035,2023-11-06,Preferred Service Vendor 035,Preferred,8,4423,10.14,1,0.893
VEN0035,2023-11-13,Preferred Service Vendor 035,Preferred,8,4177,5.27,0,1.0
VEN0035,2023-11-20,Preferred Service Vendor 035,Preferred,8,3442,6.43,0,1.0
VEN0035,2023-11-27,Preferred Service Vendor 035,Preferred,8,5140,9.67,1,0.9165
VEN0035,2023-12-04,Preferred Service Vendor 035,Preferred,8,4358,7.03,0,1.0
VEN0035,2023-12-11,Preferred Service Vendor 035,Preferred,8,4556,11.39,1,0.8305
VEN0035,2023-12-18,Preferred Service Vendor 035,Preferred,8,4820,12.85,1,0.7575
VEN0035,2023-12-25,Preferred Service Vendor 035,Preferred,8,3522,8.36,1,0.982
VEN0035,2024-01-01,Preferred Service Vendor 035,Preferred,8,4846,8.5,1,0.975
VEN0035,2024-01-08,Preferred Service Vendor 035,Preferred,8,3951,10.11,1,0.8945
VEN0035,2024-01-15,Preferred Service Vendor 035,Preferred,8,4836,7.35,0,1.0
VEN0035,2024-01-22,Preferred Service Vendor 035,Preferred,8,4250,11.0,1,0.85
VEN0035,2024-01-29,Preferred Service Vendor 035,Preferred,8,3504,10.09,1,0.8955
VEN0035,2024-02-05,Preferred Service Vendor 035,Preferred,8,3992,10.31,1,0.8845
VEN0035,2024-02-12,Preferred Service Vendor 035,Preferred,8,3944,5.54,0,1.0
VEN0035,2024-02-19,Preferred Service Vendor 035,Preferred,8,2180,12.45,1,0.7775
VEN0035,2024-02-26,Preferred Service Vendor 035,Preferred,8,4927,5.11,0,1.0
VEN0035,2024-03-04,Preferred Service Vendor 035,Preferred,8,2158,12.5,1,0.775
VEN0035,2024-03-11,Preferred Service Vendor 035,Preferred,8,4877,6.85,0,1.0
VEN0035,2024-03-18,Preferred Service Vendor 035,Preferred,8,5571,5.54,0,1.0
VEN0035,2024-03-25,Preferred Service Vendor 035,Preferred,8,5631,12.67,1,0.7665
VEN0035,2024-04-01,Preferred Service Vendor 035,Preferred,8,3929,7.03,0,1.0
VEN0035,2024-04-08,Preferred Service Vendor 035,Preferred,8,5350,5.82,0,1.0
VEN0035,2024-04-15,Preferred Service Vendor 035,Preferred,8,5732,8.15,1,0.9925
VEN0035,2024-04-22,Preferred Service Vendor 035,Preferred,8,3232,10.28,1,0.886
VEN0035,2024-04-29,Preferred Service Vendor 035,Preferred,8,4313,11.86,1,0.807
VEN0035,2024-05-06,Preferred Service Vendor 035,Preferred,8,3909,12.94,1,0.753
VEN0035,2024-05-13,Preferred Service Vendor 035,Preferred,8,4796,6.52,0,1.0
VEN0035,2024-05-20,Preferred Service Vendor 035,Preferred,8,4420,7.25,0,1.0
VEN0035,2024-05-27,Preferred Service Vendor 035,Preferred,8,6588,8.9,1,0.955
VEN0035,2024-06-03,Preferred Service Vendor 035,Preferred,8,4366,11.09,1,0.8455
VEN0035,2024-06-10,Preferred Service Vendor 035,Preferred,8,6187,8.63,1,0.9685
VEN0035,2024-06-17,Preferred Service Vendor 035,Preferred,8,3288,13.66,1,0.717
VEN0035,2024-06-24,Preferred Service Vendor 035,Preferred,8,5019,7.34,0,1.0
VEN0035,2024-07-01,Preferred Service Vendor 035,Preferred,8,2965,5.06,0,1.0
VEN0035,2024-07-08,Preferred Service Vendor 035,Preferred,8,5589,12.42,1,0.779
VEN0035,2024-07-15,Preferred Service Vendor 035,Preferred,8,1841,10.12,1,0.894
VEN0035,2024-07-22,Preferred Service Vendor 035,Preferred,8,3613,10.44,1,0.878
VEN0035,2024-07-29,Preferred Service Vendor 035,Preferred,8,4060,8.9,1,0.955
VEN0035,2024-08-05,Preferred Service Vendor 035,Preferred,8,3505,6.81,0,1.0
VEN0035,2024-08-12,Preferred Service Vendor 035,Preferred,8,7087,10.15,1,0.8925
VEN0035,2024-08-19,Preferred Service Vendor 035,Preferred,8,3739,6.8,0,1.0
VEN0035,2024-08-26,Preferred Service Vendor 035,Preferred,8,4528,6.29,0,1.0
VEN0035,2024-09-02,Preferred Service Vendor 035,Preferred,8,4771,10.19,1,0.8905
VEN0035,2024-09-09,Preferred Service Vendor 035,Preferred,8,5178,5.8,0,1.0
VEN0035,2024-09-16,Preferred Service Vendor 035,Preferred,8,3133,6.69,0,1.0
VEN0035,2024-09-23,Preferred Service Vendor 035,Preferred,8,6595,10.85,1,0.8575
VEN0035,2024-09-30,Preferred Service Vendor 035,Preferred,8,3548,10.86,1,0.857
VEN0035,2024-10-07,Preferred Service Vendor 035,Preferred,8,4380,7.14,0,1.0
VEN0035,2024-10-14,Preferred Service Vendor 035,Preferred,8,4033,6.64,0,1.0
VEN0035,2024-10-21,Preferred Service Vendor 035,Preferred,8,5087,7.59,0,1.0
VEN0035,2024-10-28,Preferred Service Vendor 035,Preferred,8,1977,8.83,1,0.9585
VEN0035,2024-11-04,Preferred Service Vendor 035,Preferred,8,5103,12.49,1,0.7755
VEN0035,2024-11-11,Preferred Service Vendor 035,Preferred,8,4681,6.29,0,1.0
VEN0035,2024-11-18,Preferred Service Vendor 035,Preferred,8,2255,11.85,1,0.8075
VEN0035,2024-11-25,Preferred Service Vendor 035,Preferred,8,3985,7.35,0,1.0
VEN0035,2024-12-02,Preferred Service Vendor 035,Preferred,8,2243,9.99,1,0.9005
VEN0035,2024-12-09,Preferred Service Vendor 035,Preferred,8,3741,9.0,1,0.95
VEN0035,2024-12-16,Preferred Service Vendor 035,Preferred,8,4215,8.29,1,0.9855
VEN0035,2024-12-23,Preferred Service Vendor 035,Preferred,8,2797,6.66,0,1.0
VEN0035,2024-12-30,Preferred Service Vendor 035,Preferred,8,5106,8.58,1,0.971
VEN0036,2023-01-02,Preferred Service Vendor 036,Standard,12,4544,18.23,1,0.6885
VEN0036,2023-01-09,Preferred Service Vendor 036,Standard,12,2771,17.52,1,0.724
VEN0036,2023-01-16,Preferred Service Vendor 036,Standard,12,1973,9.6,0,1.0
VEN0036,2023-01-23,Preferred Service Vendor 036,Standard,12,5477,8.88,0,1.0
VEN0036,2023-01-30,Preferred Service Vendor 036,Standard,12,5793,12.08,1,0.996
VEN0036,2023-02-06,Preferred Service Vendor 036,Standard,12,2695,14.63,1,0.8685
VEN0036,2023-02-13,Preferred Service Vendor 036,Standard,12,3081,13.33,1,0.9335
VEN0036,2023-02-20,Preferred Service Vendor 036,Standard,12,5595,15.18,1,0.841
VEN0036,2023-02-27,Preferred Service Vendor 036,Standard,12,2931,14.55,1,0.8725
VEN0036,2023-03-06,Preferred Service Vendor 036,Standard,12,6042,11.72,0,1.0
VEN0036,2023-03-13,Preferred Service Vendor 036,Standard,12,4994,7.33,0,1.0
VEN0036,2023-03-20,Preferred Service Vendor 036,Standard,12,4073,10.99,0,1.0
VEN0036,2023-03-27,Preferred Service Vendor 036,Standard,12,4643,17.6,1,0.72
VEN0036,2023-04-03,Preferred Service Vendor 036,Standard,12,3824,16.63,1,0.7685
VEN0036,2023-04-10,Preferred Service Vendor 036,Standard,12,4417,13.49,1,0.9255
VEN0036,2023-04-17,Preferred Service Vendor 036,Standard,12,5115,13.31,1,0.9345
VEN0036,2023-04-24,Preferred Service Vendor 036,Standard,12,2490,8.22,0,1.0
VEN0036,2023-05-01,Preferred Service Vendor 036,Standard,12,4927,11.13,0,1.0
VEN0036,2023-05-08,Preferred Service Vendor 036,Standard,12,6312,13.89,1,0.9055
VEN0036,2023-05-15,Preferred Service Vendor 036,Standard,12,5394,15.13,1,0.8435
VEN0036,2023-05-22,Preferred Service Vendor 036,Standard,12,5534,18.38,1,0.681
VEN0036,2023-05-29,Preferred Service Vendor 036,Standard,12,6277,10.23,0,1.0
VEN0036,2023-06-05,Preferred Service Vendor 036,Standard,12,6149,11.21,0,1.0
VEN0036,2023-06-12,Preferred Service Vendor 036,Standard,12,3311,6.95,0,1.0
VEN0036,2023-06-19,Preferred Service Vendor 036,Standard,12,4632,17.06,1,0.747
VEN0036,2023-06-26,Preferred Service Vendor 036,Standard,12,5275,18.9,1,0.655
VEN0036,2023-07-03,Preferred Service Vendor 036,Standard,12,2378,19.11,1,0.6445
VEN0036,2023-07-10,Preferred Service Vendor 036,Standard,12,3499,11.51,0,1.0
VEN0036,2023-07-17,Preferred Service Vendor 036,Standard,12,6052,17.5,1,0.725
VEN0036,2023-07-24,Preferred Service Vendor 036,Standard,12,3606,12.96,1,0.952
VEN0036,2023-07-31,Preferred Service Vendor 036,Standard,12,4290,17.27,1,0.7365
VEN0036,2023-08-07,Preferred Service Vendor 036,Standard,12,6906,18.72,1,0.664
VEN0036,2023-08-14,Preferred Service Vendor 036,Standard,12,2925,10.27,0,1.0
VEN0036,2023-08-21,Preferred Service Vendor 036,Standard,12,3978,18.52,1,0.674
VEN0036,2023-08-28,Preferred Service Vendor 036,Standard,12,3524,9.03,0,1.0
VEN0036,2023-09-04,Preferred Service Vendor 036,Standard,12,2265,17.66,1,0.717
VEN0036,2023-09-11,Preferred Service Vendor 036,Standard,12,2523,13.92,1,0.904
VEN0036,2023-09-18,Preferred Service Vendor 036,Standard,12,5281,8.34,0,1.0
VEN0036,2023-09-25,Preferred Service Vendor 036,Standard,12,3967,17.47,1,0.7265
VEN0036,2023-10-02,Preferred Service Vendor 036,Standard,12,4459,15.69,1,0.8155
VEN0036,2023-10-09,Preferred Service Vendor 036,Standard,12,5664,15.98,1,0.801
VEN0036,2023-10-16,Preferred Service Vendor 036,Standard,12,4083,8.4,0,1.0
VEN0036,2023-10-23,Preferred Service Vendor 036,Standard,12,3257,12.16,1,0.992
VEN0036,2023-10-30,Preferred Service Vendor 036,Standard,12,3187,12.48,1,0.976
VEN0036,2023-11-06,Preferred Service Vendor 036,Standard,12,5521,12.25,1,0.9875
VEN0036,2023-11-13,Preferred Service Vendor 036,Standard,12,3232,11.88,0,1.0
VEN0036,2023-11-20,Preferred Service Vendor 036,Standard,12,4291,9.26,0,1.0
VEN0036,2023-11-27,Preferred Service Vendor 036,Standard,12,4409,16.73,1,0.7635
VEN0036,2023-12-04,Preferred Service Vendor 036,Standard,12,3094,9.14,0,1.0
VEN0036,2023-12-11,Preferred Service Vendor 036,Standard,12,3086,16.17,1,0.7915
VEN0036,2023-12-18,Preferred Service Vendor 036,Standard,12,3746,9.9,0,1.0
VEN0036,2023-12-25,Preferred Service Vendor 036,Standard,12,3580,16.5,1,0.775
VEN0036,2024-01-01,Preferred Service Vendor 036,Standard,12,4605,19.53,1,0.6235
VEN0036,2024-01-08,Preferred Service Vendor 036,Standard,12,4856,9.36,0,1.0
VEN0036,2024-01-15,Preferred Service Vendor 036,Standard,12,3189,12.19,1,0.9905
VEN0036,2024-01-22,Preferred Service Vendor 036,Standard,12,4299,14.91,1,0.8545
VEN0036,2024-01-29,Preferred Service Vendor 036,Standard,12,6054,17.61,1,0.7195
VEN0036,2024-02-05,Preferred Service Vendor 036,Standard,12,4107,11.06,0,1.0
VEN0036,2024-02-12,Preferred Service Vendor 036,Standard,12,5565,9.67,0,1.0
VEN0036,2024-02-19,Preferred Service Vendor 036,Standard,12,3915,8.63,0,1.0
VEN0036,2024-02-26,Preferred Service Vendor 036,Standard,12,3508,10.13,0,1.0
VEN0036,2024-03-04,Preferred Service Vendor 036,Standard,12,4838,18.16,1,0.692
VEN0036,2024-03-11,Preferred Service Vendor 036,Standard,12,3755,18.13,1,0.6935
VEN0036,2024-03-18,Preferred Service Vendor 036,Standard,12,3115,18.35,1,0.6825
VEN0036,2024-03-25,Preferred Service Vendor 036,Standard,12,2939,9.67,0,1.0
VEN0036,2024-04-01,Preferred Service Vendor 036,Standard,12,5953,12.42,1,0.979
VEN0036,2024-04-08,Preferred Service Vendor 036,Standard,12,4813,12.35,1,0.9825
VEN0036,2024-04-15,Preferred Service Vendor 036,Standard,12,5317,11.64,0,1.0
VEN0036,2024-04-22,Preferred Service Vendor 036,Standard,12,3831,13.21,1,0.9395
VEN0036,2024-04-29,Preferred Service Vendor 036,Standard,12,5461,16.25,1,0.7875
VEN0036,2024-05-06,Preferred Service Vendor 036,Standard,12,3105,16.14,1,0.793
VEN0036,2024-05-13,Preferred Service Vendor 036,Standard,12,2702,11.49,0,1.0
VEN0036,2024-05-20,Preferred Service Vendor 036,Standard,12,4353,6.97,0,1.0
VEN0036,2024-05-27,Preferred Service Vendor 036,Standard,12,3385,12.51,1,0.9745
VEN0036,2024-06-03,Preferred Service Vendor 036,Standard,12,4825,16.93,1,0.7535
VEN0036,2024-06-10,Preferred Service Vendor 036,Standard,12,5270,15.27,1,0.8365
VEN0036,2024-06-17,Preferred Service Vendor 036,Standard,12,5012,15.56,1,0.822
VEN0036,2024-06-24,Preferred Service Vendor 036,Standard,12,1846,13.07,1,0.9465
VEN0036,2024-07-01,Preferred Service Vendor 036,Standard,12,4470,10.18,0,1.0
VEN0036,2024-07-08,Preferred Service Vendor 036,Standard,12,6846,7.74,0,1.0
VEN0036,2024-07-15,Preferred Service Vendor 036,Standard,12,7290,12.16,1,0.992
VEN0036,2024-07-22,Preferred Service Vendor 036,Standard,12,4122,9.22,0,1.0
VEN0036,2024-07-29,Preferred Service Vendor 036,Standard,12,6015,16.59,1,0.7705
VEN0036,2024-08-05,Preferred Service Vendor 036,Standard,12,6338,7.84,0,1.0
VEN0036,2024-08-12,Preferred Service Vendor 036,Standard,12,4131,16.81,1,0.7595
VEN0036,2024-08-19,Preferred Service Vendor 036,Standard,12,3466,18.52,1,0.674
VEN0036,2024-08-26,Preferred Service Vendor 036,Standard,12,2410,17.57,1,0.7215
VEN0036,2024-09-02,Preferred Service Vendor 036,Standard,12,4695,15.2,1,0.84
VEN0036,2024-09-09,Preferred Service Vendor 036,Standard,12,4658,18.44,1,0.678
VEN0036,2024-09-16,Preferred Service Vendor 036,Standard,12,1101,11.35,0,1.0
VEN0036,2024-09-23,Preferred Service Vendor 036,Standard,12,5552,17.58,1,0.721
VEN0036,2024-09-30,Preferred Service Vendor 036,Standard,12,3895,8.24,0,1.0
VEN0036,2024-10-07,Preferred Service Vendor 036,Standard,12,4967,7.54,0,1.0
VEN0036,2024-10-14,Preferred Service Vendor 036,Standard,12,4660,12.0,0,1.0
VEN0036,2024-10-21,Preferred Service Vendor 036,Standard,12,5474,11.25,0,1.0
VEN0036,2024-10-28,Preferred Service Vendor 036,Standard,12,792,8.33,0,1.0
VEN0036,2024-11-04,Preferred Service Vendor 036,Standard,12,4846,17.91,1,0.7045
VEN0036,2024-11-11,Preferred Service Vendor 036,Standard,12,5711,13.52,1,0.924
VEN0036,2024-11-18,Preferred Service Vendor 036,Standard,12,4687,10.87,0,1.0
VEN0036,2024-11-25,Preferred Service Vendor 036,Standard,12,2475,8.17,0,1.0
VEN0036,2024-12-02,Preferred Service Vendor 036,Standard,12,3755,16.41,1,0.7795
VEN0036,2024-12-09,Preferred Service Vendor 036,Standard,12,4719,19.25,1,0.6375
VEN0036,2024-12-16,Preferred Service Vendor 036,Standard,12,3777,17.22,1,0.739
VEN0036,2024-12-23,Preferred Service Vendor 036,Standard,12,5407,7.95,0,1.0
VEN0036,2024-12-30,Preferred Service Vendor 036,Standard,12,3927,15.03,1,0.8485
VEN0037,2023-01-02,Preferred Service Vendor 037,Preferred,2,3223,3.87,1,0.9065
VEN0037,2023-01-09,Preferred Service Vendor 037,Preferred,2,4230,2.46,1,0.977
VEN0037,2023-01-16,Preferred Service Vendor 037,Preferred,2,4762,2.71,1,0.9645
VEN0037,2023-01-23,Preferred Service Vendor 037,Preferred,2,4264,3.33,1,0.9335
VEN0037,2023-01-30,Preferred Service Vendor 037,Preferred,2,4541,1.47,0,1.0
VEN0037,2023-02-06,Preferred Service Vendor 037,Preferred,2,4257,3.88,1,0.906
VEN0037,2023-02-13,Preferred Service Vendor 037,Preferred,2,1543,1.43,0,1.0
VEN0037,2023-02-20,Preferred Service Vendor 037,Preferred,2,3123,3.11,1,0.9445
VEN0037,2023-02-27,Preferred Service Vendor 037,Preferred,2,5096,1.3,0,1.0
VEN0037,2023-03-06,Preferred Service Vendor 037,Preferred,2,3497,1.08,0,1.0
VEN0037,2023-03-13,Preferred Service Vendor 037,Preferred,2,4613,2.15,1,0.9925
VEN0037,2023-03-20,Preferred Service Vendor 037,Preferred,2,3079,3.9,1,0.905
VEN0037,2023-03-27,Preferred Service Vendor 037,Preferred,2,4923,2.23,1,0.9885
VEN0037,2023-04-03,Preferred Service Vendor 037,Preferred,2,5887,2.07,1,0.9965
VEN0037,2023-04-10,Preferred Service Vendor 037,Preferred,2,4498,1.52,0,1.0
VEN0037,2023-04-17,Preferred Service Vendor 037,Preferred,2,3864,2.43,1,0.9785
VEN0037,2023-04-24,Preferred Service Vendor 037,Preferred,2,2536,2.57,1,0.9715
VEN0037,2023-05-01,Preferred Service Vendor 037,Preferred,2,4587,1.43,0,1.0
VEN0037,2023-05-08,Preferred Service Vendor 037,Preferred,2,3367,1.18,0,1.0
VEN0037,2023-05-15,Preferred Service Vendor 037,Preferred,2,5447,1.29,0,1.0
VEN0037,2023-05-22,Preferred Service Vendor 037,Preferred,2,5332,2.3,1,0.985
VEN0037,2023-05-29,Preferred Service Vendor 037,Preferred,2,4965,2.57,1,0.9715
VEN0037,2023-06-05,Preferred Service Vendor 037,Preferred,2,4516,3.45,1,0.9275
VEN0037,2023-06-12,Preferred Service Vendor 037,Preferred,2,5367,4.1,1,0.895
VEN0037,2023-06-19,Preferred Service Vendor 037,Preferred,2,6309,3.58,1,0.921
VEN0037,2023-06-26,Preferred Service Vendor 037,Preferred,2,3722,2.79,1,0.9605
VEN0037,2023-07-03,Preferred Service Vendor 037,Preferred,2,3069,1.88,0,1.0
VEN0037,2023-07-10,Preferred Service Vendor 037,Preferred,2,2502,0.6,0,1.0
VEN0037,2023-07-17,Preferred Service Vendor 037,Preferred,2,5563,1.46,0,1.0
VEN0037,2023-07-24,Preferred Service Vendor 037,Preferred,2,4282,1.42,0,1.0
VEN0037,2023-07-31,Preferred Service Vendor 037,Preferred,2,3020,3.61,1,0.9195
VEN0037,2023-08-07,Preferred Service Vendor 037,Preferred,2,4613,1.61,0,1.0
VEN0037,2023-08-14,Preferred Service Vendor 037,Preferred,2,1820,1.81,0,1.0
VEN0037,2023-08-21,Preferred Service Vendor 037,Preferred,2,4201,2.36,1,0.982
VEN0037,2023-08-28,Preferred Service Vendor 037,Preferred,2,3422,2.82,1,0.959
VEN0037,2023-09-04,Preferred Service Vendor 037,Preferred,2,4277,1.8,0,1.0
VEN0037,2023-09-11,Preferred Service Vendor 037,Preferred,2,2764,3.04,1,0.948
VEN0037,2023-09-18,Preferred Service Vendor 037,Preferred,2,2750,3.09,1,0.9455
VEN0037,2023-09-25,Preferred Service Vendor 037,Preferred,2,4258,1.6,0,1.0
VEN0037,2023-10-02,Preferred Service Vendor 037,Preferred,2,6508,1.8,0,1.0
VEN0037,2023-10-09,Preferred Service Vendor 037,Preferred,2,2398,2.07,1,0.9965
VEN0037,2023-10-16,Preferred Service Vendor 037,Preferred,2,3444,1.67,0,1.0
VEN0037,2023-10-23,Preferred Service Vendor 037,Preferred,2,3303,1.63,0,1.0
VEN0037,2023-10-30,Preferred Service Vendor 037,Preferred,2,3861,2.72,1,0.964
VEN0037,2023-11-06,Preferred Service Vendor 037,Preferred,2,4816,2.43,1,0.9785
VEN0037,2023-11-13,Preferred Service Vendor 037,Preferred,2,5754,3.91,1,0.9045
VEN0037,2023-11-20,Preferred Service Vendor 037,Preferred,2,3398,2.43,1,0.9785
VEN0037,2023-11-27,Preferred Service Vendor 037,Preferred,2,2405,3.29,1,0.9355
VEN0037,2023-12-04,Preferred Service Vendor 037,Preferred,2,4270,1.48,0,1.0
VEN0037,2023-12-11,Preferred Service Vendor 037,Preferred,2,2593,2.0,0,1.0
VEN0037,2023-12-18,Preferred Service Vendor 037,Preferred,2,5303,2.5,1,0.975
VEN0037,2023-12-25,Preferred Service Vendor 037,Preferred,2,2702,1.95,0,1.0
VEN0037,2024-01-01,Preferred Service Vendor 037,Preferred,2,3178,1.39,0,1.0
VEN0037,2024-01-08,Preferred Service Vendor 037,Preferred,2,5400,2.89,1,0.9555
VEN0037,2024-01-15,Preferred Service Vendor 037,Preferred,2,1745,2.42,1,0.979
VEN0037,2024-01-22,Preferred Service Vendor 037,Preferred,2,4043,3.2,1,0.94
VEN0037,2024-01-29,Preferred Service Vendor 037,Preferred,2,5390,2.2,1,0.99
VEN0037,2024-02-05,Preferred Service Vendor 037,Preferred,2,2294,0.67,0,1.0
VEN0037,2024-02-12,Preferred Service Vendor 037,Preferred,2,4703,3.05,1,0.9475
VEN0037,2024-02-19,Preferred Service Vendor 037,Preferred,2,3489,0.97,0,1.0
VEN0037,2024-02-26,Preferred Service Vendor 037,Preferred,2,2920,2.8,1,0.96
VEN0037,2024-03-04,Preferred Service Vendor 037,Preferred,2,4693,4.56,1,0.872
VEN0037,2024-03-11,Preferred Service Vendor 037,Preferred,2,3822,1.66,0,1.0
VEN0037,2024-03-18,Preferred Service Vendor 037,Preferred,2,4683,1.76,0,1.0
VEN0037,2024-03-25,Preferred Service Vendor 037,Preferred,2,3145,3.45,1,0.9275
VEN0037,2024-04-01,Preferred Service Vendor 037,Preferred,2,2844,1.96,0,1.0
VEN0037,2024-04-08,Preferred Service Vendor 037,Preferred,2,4409,2.0,0,1.0
VEN0037,2024-04-15,Preferred Service Vendor 037,Preferred,2,2533,3.79,1,0.9105
VEN0037,2024-04-22,Preferred Service Vendor 037,Preferred,2,3557,0.69,0,1.0
VEN0037,2024-04-29,Preferred Service Vendor 037,Preferred,2,4387,3.31,1,0.9345
VEN0037,2024-05-06,Preferred Service Vendor 037,Preferred,2,5776,2.21,1,0.9895
VEN0037,2024-05-13,Preferred Service Vendor 037,Preferred,2,5295,3.55,1,0.9225
VEN0037,2024-05-20,Preferred Service Vendor 037,Preferred,2,3823,3.79,1,0.9105
VEN0037,2024-05-27,Preferred Service Vendor 037,Preferred,2,5292,2.22,1,0.989
VEN0037,2024-06-03,Preferred Service Vendor 037,Preferred,2,5101,2.73,1,0.9635
VEN0037,2024-06-10,Preferred Service Vendor 037,Preferred,2,3012,3.16,1,0.942
VEN0037,2024-06-17,Preferred Service Vendor 037,Preferred,2,3223,2.8,1,0.96
VEN0037,2024-06-24,Preferred Service Vendor 037,Preferred,2,4484,0.5,0,1.0
VEN0037,2024-07-01,Preferred Service Vendor 037,Preferred,2,3234,4.06,1,0.897
VEN0037,2024-07-08,Preferred Service Vendor 037,Preferred,2,5185,2.98,1,0.951
VEN0037,2024-07-15,Preferred Service Vendor 037,Preferred,2,3705,1.97,0,1.0
VEN0037,2024-07-22,Preferred Service Vendor 037,Preferred,2,3109,2.94,1,0.953
VEN0037,2024-07-29,Preferred Service Vendor 037,Preferred,2,4802,1.73,0,1.0
VEN0037,2024-08-05,Preferred Service Vendor 037,Preferred,2,5171,1.12,0,1.0
VEN0037,2024-08-12,Preferred Service Vendor 037,Preferred,2,3273,1.46,0,1.0
VEN0037,2024-08-19,Preferred Service Vendor 037,Preferred,2,4492,3.55,1,0.9225
VEN0037,2024-08-26,Preferred Service Vendor 037,Preferred,2,3100,2.68,1,0.966
VEN0037,2024-09-02,Preferred Service Vendor 037,Preferred,2,5114,1.69,0,1.0
VEN0037,2024-09-09,Preferred Service Vendor 037,Preferred,2,3493,0.59,0,1.0
VEN0037,2024-09-16,Preferred Service Vendor 037,Preferred,2,4275,4.03,1,0.8985
VEN0037,2024-09-23,Preferred Service Vendor 037,Preferred,2,5437,1.05,0,1.0
VEN0037,2024-09-30,Preferred Service Vendor 037,Preferred,2,6187,3.12,1,0.944
VEN0037,2024-10-07,Preferred Service Vendor 037,Preferred,2,4075,2.5,1,0.975
VEN0037,2024-10-14,Preferred Service Vendor 037,Preferred,2,3618,1.27,0,1.0
VEN0037,2024-10-21,Preferred Service Vendor 037,Preferred,2,2839,1.75,0,1.0
VEN0037,2024-10-28,Preferred Service Vendor 037,Preferred,2,752,2.04,1,0.998
VEN0037,2024-11-04,Preferred Service Vendor 037,Preferred,2,3417,3.99,1,0.9005
VEN0037,2024-11-11,Preferred Service Vendor 037,Preferred,2,3890,2.04,1,0.998
VEN0037,2024-11-18,Preferred Service Vendor 037,Preferred,2,5003,4.17,1,0.8915
VEN0037,2024-11-25,Preferred Service Vendor 037,Preferred,2,2535,2.8,1,0.96
VEN0037,2024-12-02,Preferred Service Vendor 037,Preferred,2,6143,1.81,0,1.0
VEN0037,2024-12-09,Preferred Service Vendor 037,Preferred,2,4783,2.34,1,0.983
VEN0037,2024-12-16,Preferred Service Vendor 037,Preferred,2,4479,1.09,0,1.0
VEN0037,2024-12-23,Preferred Service Vendor 037,Preferred,2,4894,1.96,0,1.0
VEN0037,2024-12-30,Preferred Service Vendor 037,Preferred,2,3584,3.45,1,0.9275
VEN0038,2023-01-02,Preferred Service Vendor 038,Standard,2,5231,1.37,0,1.0
VEN0038,2023-01-09,Preferred Service Vendor 038,Standard,2,5318,2.46,1,0.977
VEN0038,2023-01-16,Preferred Service Vendor 038,Standard,2,3336,2.35,1,0.9825
VEN0038,2023-01-23,Preferred Service Vendor 038,Standard,2,3224,3.08,1,0.946
VEN0038,2023-01-30,Preferred Service Vendor 038,Standard,2,5467,0.74,0,1.0
VEN0038,2023-02-06,Preferred Service Vendor 038,Standard,2,6266,1.43,0,1.0
VEN0038,2023-02-13,Preferred Service Vendor 038,Standard,2,4364,1.01,0,1.0
VEN0038,2023-02-20,Preferred Service Vendor 038,Standard,2,4244,1.19,0,1.0
VEN0038,2023-02-27,Preferred Service Vendor 038,Standard,2,5296,1.74,0,1.0
VEN0038,2023-03-06,Preferred Service Vendor 038,Standard,2,4882,1.53,0,1.0
VEN0038,2023-03-13,Preferred Service Vendor 038,Standard,2,4571,2.5,1,0.975
VEN0038,2023-03-20,Preferred Service Vendor 038,Standard,2,4536,2.25,1,0.9875
VEN0038,2023-03-27,Preferred Service Vendor 038,Standard,2,4137,1.59,0,1.0
VEN0038,2023-04-03,Preferred Service Vendor 038,Standard,2,3562,2.35,1,0.9825
VEN0038,2023-04-10,Preferred Service Vendor 038,Standard,2,3377,1.29,0,1.0
VEN0038,2023-04-17,Preferred Service Vendor 038,Standard,2,3958,1.21,0,1.0
VEN0038,2023-04-24,Preferred Service Vendor 038,Standard,2,2169,1.87,0,1.0
VEN0038,2023-05-01,Preferred Service Vendor 038,Standard,2,1825,3.12,1,0.944
VEN0038,2023-05-08,Preferred Service Vendor 038,Standard,2,3512,3.73,1,0.9135
VEN0038,2023-05-15,Preferred Service Vendor 038,Standard,2,4697,2.35,1,0.9825
VEN0038,2023-05-22,Preferred Service Vendor 038,Standard,2,5554,1.43,0,1.0
VEN0038,2023-05-29,Preferred Service Vendor 038,Standard,2,3738,0.87,0,1.0
VEN0038,2023-06-05,Preferred Service Vendor 038,Standard,2,4146,3.39,1,0.9305
VEN0038,2023-06-12,Preferred Service Vendor 038,Standard,2,5907,2.42,1,0.979
VEN0038,2023-06-19,Preferred Service Vendor 038,Standard,2,6047,3.6,1,0.92
VEN0038,2023-06-26,Preferred Service Vendor 038,Standard,2,3364,0.76,0,1.0
VEN0038,2023-07-03,Preferred Service Vendor 038,Standard,2,2805,2.06,1,0.997
VEN0038,2023-07-10,Preferred Service Vendor 038,Standard,2,2089,0.5,0,1.0
VEN0038,2023-07-17,Preferred Service Vendor 038,Standard,2,5536,1.61,0,1.0
VEN0038,2023-07-24,Preferred Service Vendor 038,Standard,2,1841,1.12,0,1.0
VEN0038,2023-07-31,Preferred Service Vendor 038,Standard,2,4068,1.57,0,1.0
VEN0038,2023-08-07,Preferred Service Vendor 038,Standard,2,5657,1.53,0,1.0
VEN0038,2023-08-14,Preferred Service Vendor 038,Standard,2,6543,3.33,1,0.9335
VEN0038,2023-08-21,Preferred Service Vendor 038,Standard,2,5095,1.52,0,1.0
VEN0038,2023-08-28,Preferred Service Vendor 038,Standard,2,3978,1.36,0,1.0
VEN0038,2023-09-04,Preferred Service Vendor 038,Standard,2,2031,3.07,1,0.9465
VEN0038,2023-09-11,Preferred Service Vendor 038,Standard,2,4817,0.91,0,1.0
VEN0038,2023-09-18,Preferred Service Vendor 038,Standard,2,4383,1.89,0,1.0
VEN0038,2023-09-25,Preferred Service Vendor 038,Standard,2,2949,1.28,0,1.0
VEN0038,2023-10-02,Preferred Service Vendor 038,Standard,2,2942,2.49,1,0.9755
VEN0038,2023-10-09,Preferred Service Vendor 038,Standard,2,1988,1.47,0,1.0
VEN0038,2023-10-16,Preferred Service Vendor 038,Standard,2,3356,2.54,1,0.973
VEN0038,2023-10-23,Preferred Service Vendor 038,Standard,2,3875,4.36,1,0.882
VEN0038,2023-10-30,Preferred Service Vendor 038,Standard,2,2548,3.64,1,0.918
VEN0038,2023-11-06,Preferred Service Vendor 038,Standard,2,4794,1.92,0,1.0
VEN0038,2023-11-13,Preferred Service Vendor 038,Standard,2,4100,2.87,1,0.9565
VEN0038,2023-11-20,Preferred Service Vendor 038,Standard,2,3284,1.37,0,1.0
VEN0038,2023-11-27,Preferred Service Vendor 038,Standard,2,4686,3.57,1,0.9215
VEN0038,2023-12-04,Preferred Service Vendor 038,Standard,2,2109,3.97,1,0.9015
VEN0038,2023-12-11,Preferred Service Vendor 038,Standard,2,5927,3.0,1,0.95
VEN0038,2023-12-18,Preferred Service Vendor 038,Standard,2,1880,1.67,0,1.0
VEN0038,2023-12-25,Preferred Service Vendor 038,Standard,2,3237,0.79,0,1.0
VEN0038,2024-01-01,Preferred Service Vendor 038,Standard,2,4862,2.73,1,0.9635
VEN0038,2024-01-08,Preferred Service Vendor 038,Standard,2,4868,1.64,0,1.0
VEN0038,2024-01-15,Preferred Service Vendor 038,Standard,2,5907,2.11,1,0.9945
VEN0038,2024-01-22,Preferred Service Vendor 038,Standard,2,5090,1.11,0,1.0
VEN0038,2024-01-29,Preferred Service Vendor 038,Standard,2,5657,2.04,1,0.998
VEN0038,2024-02-05,Preferred Service Vendor 038,Standard,2,3381,3.98,1,0.901
VEN0038,2024-02-12,Preferred Service Vendor 038,Standard,2,3957,3.13,1,0.9435
VEN0038,2024-02-19,Preferred Service Vendor 038,Standard,2,4685,3.84,1,0.908
VEN0038,2024-02-26,Preferred Service Vendor 038,Standard,2,3273,3.18,1,0.941
VEN0038,2024-03-04,Preferred Service Vendor 038,Standard,2,5977,0.5,0,1.0
VEN0038,2024-03-11,Preferred Service Vendor 038,Standard,2,4442,2.82,1,0.959
VEN0038,2024-03-18,Preferred Service Vendor 038,Standard,2,4013,1.87,0,1.0
VEN0038,2024-03-25,Preferred Service Vendor 038,Standard,2,4085,3.13,1,0.9435
VEN0038,2024-04-01,Preferred Service Vendor 038,Standard,2,4890,0.73,0,1.0
VEN0038,2024-04-08,Preferred Service Vendor 038,Standard,2,5036,2.3,1,0.985
VEN0038,2024-04-15,Preferred Service Vendor 038,Standard,2,4881,1.46,0,1.0
VEN0038,2024-04-22,Preferred Service Vendor 038,Standard,2,2417,3.38,1,0.931
VEN0038,2024-04-29,Preferred Service Vendor 038,Standard,2,4396,1.48,0,1.0
VEN0038,2024-05-06,Preferred Service Vendor 038,Standard,2,5924,3.08,1,0.946
VEN0038,2024-05-13,Preferred Service Vendor 038,Standard,2,4071,0.61,0,1.0
VEN0038,2024-05-20,Preferred Service Vendor 038,Standard,2,4645,3.08,1,0.946
VEN0038,2024-05-27,Preferred Service Vendor 038,Standard,2,5775,0.5,0,1.0
VEN0038,2024-06-03,Preferred Service Vendor 038,Standard,2,5378,3.03,1,0.9485
VEN0038,2024-06-10,Preferred Service Vendor 038,Standard,2,4618,0.5,0,1.0
VEN0038,2024-06-17,Preferred Service Vendor 038,Standard,2,3136,1.23,0,1.0
VEN0038,2024-06-24,Preferred Service Vendor 038,Standard,2,4020,2.04,1,0.998
VEN0038,2024-07-01,Preferred Service Vendor 038,Standard,2,3930,2.45,1,0.9775
VEN0038,2024-07-08,Preferred Service Vendor 038,Standard,2,3764,2.0,0,1.0
VEN0038,2024-07-15,Preferred Service Vendor 038,Standard,2,5322,2.85,1,0.9575
VEN0038,2024-07-22,Preferred Service Vendor 038,Standard,2,3240,0.7,0,1.0
VEN0038,2024-07-29,Preferred Service Vendor 038,Standard,2,4939,3.01,1,0.9495
VEN0038,2024-08-05,Preferred Service Vendor 038,Standard,2,2407,0.77,0,1.0
VEN0038,2024-08-12,Preferred Service Vendor 038,Standard,2,2703,4.41,1,0.8795
VEN0038,2024-08-19,Preferred Service Vendor 038,Standard,2,4882,1.41,0,1.0
VEN0038,2024-08-26,Preferred Service Vendor 038,Standard,2,855,1.76,0,1.0
VEN0038,2024-09-02,Preferred Service Vendor 038,Standard,2,5478,1.56,0,1.0
VEN0038,2024-09-09,Preferred Service Vendor 038,Standard,2,2832,1.26,0,1.0
VEN0038,2024-09-16,Preferred Service Vendor 038,Standard,2,3369,2.38,1,0.981
VEN0038,2024-09-23,Preferred Service Vendor 038,Standard,2,4545,1.69,0,1.0
VEN0038,2024-09-30,Preferred Service Vendor 038,Standard,2,4341,0.93,0,1.0
VEN0038,2024-10-07,Preferred Service Vendor 038,Standard,2,5286,3.41,1,0.9295
VEN0038,2024-10-14,Preferred Service Vendor 038,Standard,2,3854,1.58,0,1.0
VEN0038,2024-10-21,Preferred Service Vendor 038,Standard,2,4771,1.57,0,1.0
VEN0038,2024-10-28,Preferred Service Vendor 038,Standard,2,4663,2.37,1,0.9815
VEN0038,2024-11-04,Preferred Service Vendor 038,Standard,2,4518,3.04,1,0.948
VEN0038,2024-11-11,Preferred Service Vendor 038,Standard,2,4078,2.04,1,0.998
VEN0038,2024-11-18,Preferred Service Vendor 038,Standard,2,3770,1.69,0,1.0
VEN0038,2024-11-25,Preferred Service Vendor 038,Standard,2,4653,3.06,1,0.947
VEN0038,2024-12-02,Preferred Service Vendor 038,Standard,2,5113,2.83,1,0.9585
VEN0038,2024-12-09,Preferred Service Vendor 038,Standard,2,6634,3.43,1,0.9285
VEN0038,2024-12-16,Preferred Service Vendor 038,Standard,2,3873,1.56,0,1.0
VEN0038,2024-12-23,Preferred Service Vendor 038,Standard,2,3654,0.5,0,1.0
VEN0038,2024-12-30,Preferred Service Vendor 038,Standard,2,2057,1.04,0,1.0
VEN0039,2023-01-02,Preferred Service Vendor 039,Strategic,12,4468,10.22,0,1.0
VEN0039,2023-01-09,Preferred Service Vendor 039,Strategic,12,4975,11.44,0,1.0
VEN0039,2023-01-16,Preferred Service Vendor 039,Strategic,12,5008,16.32,1,0.784
VEN0039,2023-01-23,Preferred Service Vendor 039,Strategic,12,5540,8.43,0,1.0
VEN0039,2023-01-30,Preferred Service Vendor 039,Strategic,12,2649,11.34,0,1.0
VEN0039,2023-02-06,Preferred Service Vendor 039,Strategic,12,3218,10.02,0,1.0
VEN0039,2023-02-13,Preferred Service Vendor 039,Strategic,12,2535,19.34,1,0.633
VEN0039,2023-02-20,Preferred Service Vendor 039,Strategic,12,4218,17.52,1,0.724
VEN0039,2023-02-27,Preferred Service Vendor 039,Strategic,12,3395,17.41,1,0.7295
VEN0039,2023-03-06,Preferred Service Vendor 039,Strategic,12,3631,14.57,1,0.8715
VEN0039,2023-03-13,Preferred Service Vendor 039,Strategic,12,3161,13.82,1,0.909
VEN0039,2023-03-20,Preferred Service Vendor 039,Strategic,12,3222,10.95,0,1.0
VEN0039,2023-03-27,Preferred Service Vendor 039,Strategic,12,5213,14.5,1,0.875
VEN0039,2023-04-03,Preferred Service Vendor 039,Strategic,12,5462,13.33,1,0.9335
VEN0039,2023-04-10,Preferred Service Vendor 039,Strategic,12,5138,15.26,1,0.837
VEN0039,2023-04-17,Preferred Service Vendor 039,Strategic,12,4344,14.39,1,0.8805
VEN0039,2023-04-24,Preferred Service Vendor 039,Strategic,12,2513,11.54,0,1.0
VEN0039,2023-05-01,Preferred Service Vendor 039,Strategic,12,4158,8.89,0,1.0
VEN0039,2023-05-08,Preferred Service Vendor 039,Strategic,12,2937,16.11,1,0.7945
VEN0039,2023-05-15,Preferred Service Vendor 039,Strategic,12,4006,12.9,1,0.955
VEN0039,2023-05-22,Preferred Service Vendor 039,Strategic,12,3560,15.22,1,0.839
VEN0039,2023-05-29,Preferred Service Vendor 039,Strategic,12,2904,7.6,0,1.0
VEN0039,2023-06-05,Preferred Service Vendor 039,Strategic,12,5532,13.0,1,0.95
VEN0039,2023-06-12,Preferred Service Vendor 039,Strategic,12,3838,13.06,1,0.947
VEN0039,2023-06-19,Preferred Service Vendor 039,Strategic,12,4692,10.67,0,1.0
VEN0039,2023-06-26,Preferred Service Vendor 039,Strategic,12,3538,17.02,1,0.749
VEN0039,2023-07-03,Preferred Service Vendor 039,Strategic,12,2298,12.81,1,0.9595
VEN0039,2023-07-10,Preferred Service Vendor 039,Strategic,12,6329,9.25,0,1.0
VEN0039,2023-07-17,Preferred Service Vendor 039,Strategic,12,4640,13.88,1,0.906
VEN0039,2023-07-24,Preferred Service Vendor 039,Strategic,12,3690,14.8,1,0.86
VEN0039,2023-07-31,Preferred Service Vendor 039,Strategic,12,3491,18.38,1,0.681
VEN0039,2023-08-07,Preferred Service Vendor 039,Strategic,12,3572,15.72,1,0.814
VEN0039,2023-08-14,Preferred Service Vendor 039,Strategic,12,4699,19.44,1,0.628
VEN0039,2023-08-21,Preferred Service Vendor 039,Strategic,12,7254,17.71,1,0.7145
VEN0039,2023-08-28,Preferred Service Vendor 039,Strategic,12,5859,8.51,0,1.0
VEN0039,2023-09-04,Preferred Service Vendor 039,Strategic,12,5456,9.71,0,1.0
VEN0039,2023-09-11,Preferred Service Vendor 039,Strategic,12,6743,12.05,1,0.9975
VEN0039,2023-09-18,Preferred Service Vendor 039,Strategic,12,7079,15.77,1,0.8115
VEN0039,2023-09-25,Preferred Service Vendor 039,Strategic,12,3106,11.09,0,1.0
VEN0039,2023-10-02,Preferred Service Vendor 039,Strategic,12,2431,9.4,0,1.0
VEN0039,2023-10-09,Preferred Service Vendor 039,Strategic,12,5500,8.77,0,1.0
VEN0039,2023-10-16,Preferred Service Vendor 039,Strategic,12,2894,10.06,0,1.0
VEN0039,2023-10-23,Preferred Service Vendor 039,Strategic,12,3020,17.55,1,0.7225
VEN0039,2023-10-30,Preferred Service Vendor 039,Strategic,12,3850,19.52,1,0.624
VEN0039,2023-11-06,Preferred Service Vendor 039,Strategic,12,5385,8.28,0,1.0
VEN0039,2023-11-13,Preferred Service Vendor 039,Strategic,12,2390,12.39,1,0.9805
VEN0039,2023-11-20,Preferred Service Vendor 039,Strategic,12,2890,13.24,1,0.938
VEN0039,2023-11-27,Preferred Service Vendor 039,Strategic,12,2411,17.28,1,0.736
VEN0039,2023-12-04,Preferred Service Vendor 039,Strategic,12,4279,9.66,0,1.0
VEN0039,2023-12-11,Preferred Service Vendor 039,Strategic,12,3973,13.97,1,0.9015
VEN0039,2023-12-18,Preferred Service Vendor 039,Strategic,12,4250,14.15,1,0.8925
VEN0039,2023-12-25,Preferred Service Vendor 039,Strategic,12,4618,12.21,1,0.9895
VEN0039,2024-01-01,Preferred Service Vendor 039,Strategic,12,3005,16.16,1,0.792
VEN0039,2024-01-08,Preferred Service Vendor 039,Strategic,12,5689,17.19,1,0.7405
VEN0039,2024-01-15,Preferred Service Vendor 039,Strategic,12,1348,11.21,0,1.0
VEN0039,2024-01-22,Preferred Service Vendor 039,Strategic,12,4503,16.62,1,0.769
VEN0039,2024-01-29,Preferred Service Vendor 039,Strategic,12,4620,16.17,1,0.7915
VEN0039,2024-02-05,Preferred Service Vendor 039,Strategic,12,5567,16.27,1,0.7865
VEN0039,2024-02-12,Preferred Service Vendor 039,Strategic,12,3881,9.75,0,1.0
VEN0039,2024-02-19,Preferred Service Vendor 039,Strategic,12,6279,8.35,0,1.0
VEN0039,2024-02-26,Preferred Service Vendor 039,Strategic,12,4638,13.89,1,0.9055
VEN0039,2024-03-04,Preferred Service Vendor 039,Strategic,12,3927,12.9,1,0.955
VEN0039,2024-03-11,Preferred Service Vendor 039,Strategic,12,3038,13.35,1,0.9325
VEN0039,2024-03-18,Preferred Service Vendor 039,Strategic,12,4340,11.52,0,1.0
VEN0039,2024-03-25,Preferred Service Vendor 039,Strategic,12,4621,9.06,0,1.0
VEN0039,2024-04-01,Preferred Service Vendor 039,Strategic,12,5920,14.13,1,0.8935
VEN0039,2024-04-08,Preferred Service Vendor 039,Strategic,12,4231,11.95,0,1.0
VEN0039,2024-04-15,Preferred Service Vendor 039,Strategic,12,5078,10.48,0,1.0
VEN0039,2024-04-22,Preferred Service Vendor 039,Strategic,12,4495,15.06,1,0.847
VEN0039,2024-04-29,Preferred Service Vendor 039,Strategic,12,2745,15.4,1,0.83
VEN0039,2024-05-06,Preferred Service Vendor 039,Strategic,12,2872,9.12,0,1.0
VEN0039,2024-05-13,Preferred Service Vendor 039,Strategic,12,5046,16.55,1,0.7725
VEN0039,2024-05-20,Preferred Service Vendor 039,Strategic,12,3942,14.91,1,0.8545
VEN0039,2024-05-27,Preferred Service Vendor 039,Strategic,12,2104,9.42,0,1.0
VEN0039,2024-06-03,Preferred Service Vendor 039,Strategic,12,3308,17.87,1,0.7065
VEN0039,2024-06-10,Preferred Service Vendor 039,Strategic,12,3821,15.17,1,0.8415
VEN0039,2024-06-17,Preferred Service Vendor 039,Strategic,12,4218,13.94,1,0.903
VEN0039,2024-06-24,Preferred Service Vendor 039,Strategic,12,2868,15.7,1,0.815
VEN0039,2024-07-01,Preferred Service Vendor 039,Strategic,12,3974,14.97,1,0.8515
VEN0039,2024-07-08,Preferred Service Vendor 039,Strategic,12,4114,13.11,1,0.9445
VEN0039,2024-07-15,Preferred Service Vendor 039,Strategic,12,3385,9.11,0,1.0
VEN0039,2024-07-22,Preferred Service Vendor 039,Strategic,12,4194,16.97,1,0.7515
VEN0039,2024-07-29,Preferred Service Vendor 039,Strategic,12,4029,16.75,1,0.7625
VEN0039,2024-08-05,Preferred Service Vendor 039,Strategic,12,3413,12.03,1,0.9985
VEN0039,2024-08-12,Preferred Service Vendor 039,Strategic,12,6108,14.63,1,0.8685
VEN0039,2024-08-19,Preferred Service Vendor 039,Strategic,12,5223,9.39,0,1.0
VEN0039,2024-08-26,Preferred Service Vendor 039,Strategic,12,5621,13.45,1,0.9275
VEN0039,2024-09-02,Preferred Service Vendor 039,Strategic,12,4909,12.88,1,0.956
VEN0039,2024-09-09,Preferred Service Vendor 039,Strategic,12,6898,15.22,1,0.839
VEN0039,2024-09-16,Preferred Service Vendor 039,Strategic,12,4734,12.81,1,0.9595
VEN0039,2024-09-23,Preferred Service Vendor 039,Strategic,12,2567,11.47,0,1.0
VEN0039,2024-09-30,Preferred Service Vendor 039,Strategic,12,3657,14.91,1,0.8545
VEN0039,2024-10-07,Preferred Service Vendor 039,Strategic,12,3406,16.05,1,0.7975
VEN0039,2024-10-14,Preferred Service Vendor 039,Strategic,12,3493,14.33,1,0.8835
VEN0039,2024-10-21,Preferred Service Vendor 039,Strategic,12,3268,8.07,0,1.0
VEN0039,2024-10-28,Preferred Service Vendor 039,Strategic,12,3941,16.38,1,0.781
VEN0039,2024-11-04,Preferred Service Vendor 039,Strategic,12,3129,8.32,0,1.0
VEN0039,2024-11-11,Preferred Service Vendor 039,Strategic,12,1444,10.96,0,1.0
VEN0039,2024-11-18,Preferred Service Vendor 039,Strategic,12,2050,9.74,0,1.0
VEN0039,2024-11-25,Preferred Service Vendor 039,Strategic,12,2337,10.52,0,1.0
VEN0039,2024-12-02,Preferred Service Vendor 039,Strategic,12,4593,6.2,0,1.0
VEN0039,2024-12-09,Preferred Service Vendor 039,Strategic,12,4198,16.6,1,0.77
VEN0039,2024-12-16,Preferred Service Vendor 039,Strategic,12,3695,14.94,1,0.853
VEN0039,2024-12-23,Preferred Service Vendor 039,Strategic,12,3620,14.94,1,0.853
VEN0039,2024-12-30,Preferred Service Vendor 039,Strategic,12,5774,8.05,0,1.0
VEN0040,2023-01-02,Preferred Service Vendor 040,Standard,4,4164,6.0,1,0.9
VEN0040,2023-01-09,Preferred Service Vendor 040,Standard,4,3560,5.02,1,0.949
VEN0040,2023-01-16,Preferred Service Vendor 040,Standard,4,4096,5.51,1,0.9245
VEN0040,2023-01-23,Preferred Service Vendor 040,Standard,4,5775,4.05,1,0.9975
VEN0040,2023-01-30,Preferred Service Vendor 040,Standard,4,4773,3.59,0,1.0
VEN0040,2023-02-06,Preferred Service Vendor 040,Standard,4,1568,4.77,1,0.9615
VEN0040,2023-02-13,Preferred Service Vendor 040,Standard,4,6486,5.49,1,0.9255
VEN0040,2023-02-20,Preferred Service Vendor 040,Standard,4,6151,3.32,0,1.0
VEN0040,2023-02-27,Preferred Service Vendor 040,Standard,4,3510,4.87,1,0.9565
VEN0040,2023-03-06,Preferred Service Vendor 040,Standard,4,4649,1.91,0,1.0
VEN0040,2023-03-13,Preferred Service Vendor 040,Standard,4,3447,7.41,1,0.8295
VEN0040,2023-03-20,Preferred Service Vendor 040,Standard,4,3289,3.9,0,1.0
VEN0040,2023-03-27,Preferred Service Vendor 040,Standard,4,5079,4.37,1,0.9815
VEN0040,2023-04-03,Preferred Service Vendor 040,Standard,4,4404,5.6,1,0.92
VEN0040,2023-04-10,Preferred Service Vendor 040,Standard,4,2827,4.55,1,0.9725
VEN0040,2023-04-17,Preferred Service Vendor 040,Standard,4,4141,5.67,1,0.9165
VEN0040,2023-04-24,Preferred Service Vendor 040,Standard,4,3197,5.41,1,0.9295
VEN0040,2023-05-01,Preferred Service Vendor 040,Standard,4,3354,4.75,1,0.9625
VEN0040,2023-05-08,Preferred Service Vendor 040,Standard,4,3750,4.2,1,0.99
VEN0040,2023-05-15,Preferred Service Vendor 040,Standard,4,4476,4.97,1,0.9515
VEN0040,2023-05-22,Preferred Service Vendor 040,Standard,4,4502,4.94,1,0.953
VEN0040,2023-05-29,Preferred Service Vendor 040,Standard,4,4348,7.18,1,0.841
VEN0040,2023-06-05,Preferred Service Vendor 040,Standard,4,2704,3.87,0,1.0
VEN0040,2023-06-12,Preferred Service Vendor 040,Standard,4,4690,5.13,1,0.9435
VEN0040,2023-06-19,Preferred Service Vendor 040,Standard,4,3705,5.58,1,0.921
VEN0040,2023-06-26,Preferred Service Vendor 040,Standard,4,3109,5.63,1,0.9185
VEN0040,2023-07-03,Preferred Service Vendor 040,Standard,4,3983,5.73,1,0.9135
VEN0040,2023-07-10,Preferred Service Vendor 040,Standard,4,3834,3.34,0,1.0
VEN0040,2023-07-17,Preferred Service Vendor 040,Standard,4,6513,5.28,1,0.936
VEN0040,2023-07-24,Preferred Service Vendor 040,Standard,4,4539,4.85,1,0.9575
VEN0040,2023-07-31,Preferred Service Vendor 040,Standard,4,7053,3.79,0,1.0
VEN0040,2023-08-07,Preferred Service Vendor 040,Standard,4,4964,3.07,0,1.0
VEN0040,2023-08-14,Preferred Service Vendor 040,Standard,4,2751,6.83,1,0.8585
VEN0040,2023-08-21,Preferred Service Vendor 040,Standard,4,5740,2.96,0,1.0
VEN0040,2023-08-28,Preferred Service Vendor 040,Standard,4,2766,6.94,1,0.853
VEN0040,2023-09-04,Preferred Service Vendor 040,Standard,4,3543,3.24,0,1.0
VEN0040,2023-09-11,Preferred Service Vendor 040,Standard,4,4242,5.09,1,0.9455
VEN0040,2023-09-18,Preferred Service Vendor 040,Standard,4,3667,4.92,1,0.954
VEN0040,2023-09-25,Preferred Service Vendor 040,Standard,4,4613,2.89,0,1.0
VEN0040,2023-10-02,Preferred Service Vendor 040,Standard,4,4875,5.38,1,0.931
VEN0040,2023-10-09,Preferred Service Vendor 040,Standard,4,3725,2.52,0,1.0
VEN0040,2023-10-16,Preferred Service Vendor 040,Standard,4,4419,5.48,1,0.926
VEN0040,2023-10-23,Preferred Service Vendor 040,Standard,4,4666,1.79,0,1.0
VEN0040,2023-10-30,Preferred Service Vendor 040,Standard,4,3022,2.52,0,1.0
VEN0040,2023-11-06,Preferred Service Vendor 040,Standard,4,4191,4.58,1,0.971
VEN0040,2023-11-13,Preferred Service Vendor 040,Standard,4,3993,5.0,1,0.95
VEN0040,2023-11-20,Preferred Service Vendor 040,Standard,4,4006,4.61,1,0.9695
VEN0040,2023-11-27,Preferred Service Vendor 040,Standard,4,3102,2.98,0,1.0
VEN0040,2023-12-04,Preferred Service Vendor 040,Standard,4,7162,4.48,1,0.976
VEN0040,2023-12-11,Preferred Service Vendor 040,Standard,4,5371,5.16,1,0.942
VEN0040,2023-12-18,Preferred Service Vendor 040,Standard,4,4034,2.28,0,1.0
VEN0040,2023-12-25,Preferred Service Vendor 040,Standard,4,3909,3.32,0,1.0
VEN0040,2024-01-01,Preferred Service Vendor 040,Standard,4,4522,5.74,1,0.913
VEN0040,2024-01-08,Preferred Service Vendor 040,Standard,4,5191,3.88,0,1.0
VEN0040,2024-01-15,Preferred Service Vendor 040,Standard,4,5279,3.34,0,1.0
VEN0040,2024-01-22,Preferred Service Vendor 040,Standard,4,3981,4.9,1,0.955
VEN0040,2024-01-29,Preferred Service Vendor 040,Standard,4,3744,4.42,1,0.979
VEN0040,2024-02-05,Preferred Service Vendor 040,Standard,4,3306,7.61,1,0.8195
VEN0040,2024-02-12,Preferred Service Vendor 040,Standard,4,4773,4.09,1,0.9955
VEN0040,2024-02-19,Preferred Service Vendor 040,Standard,4,1987,3.37,0,1.0
VEN0040,2024-02-26,Preferred Service Vendor 040,Standard,4,3133,4.57,1,0.9715
VEN0040,2024-03-04,Preferred Service Vendor 040,Standard,4,4890,5.18,1,0.941
VEN0040,2024-03-11,Preferred Service Vendor 040,Standard,4,5382,3.05,0,1.0
VEN0040,2024-03-18,Preferred Service Vendor 040,Standard,4,3548,3.87,0,1.0
VEN0040,2024-03-25,Preferred Service Vendor 040,Standard,4,3213,4.66,1,0.967
VEN0040,2024-04-01,Preferred Service Vendor 040,Standard,4,3031,3.78,0,1.0
VEN0040,2024-04-08,Preferred Service Vendor 040,Standard,4,3168,4.87,1,0.9565
VEN0040,2024-04-15,Preferred Service Vendor 040,Standard,4,3954,5.45,1,0.9275
VEN0040,2024-04-22,Preferred Service Vendor 040,Standard,4,2583,2.35,0,1.0
VEN0040,2024-04-29,Preferred Service Vendor 040,Standard,4,6028,5.59,1,0.9205
VEN0040,2024-05-06,Preferred Service Vendor 040,Standard,4,3450,4.83,1,0.9585
VEN0040,2024-05-13,Preferred Service Vendor 040,Standard,4,4660,4.91,1,0.9545
VEN0040,2024-05-20,Preferred Service Vendor 040,Standard,4,5486,4.83,1,0.9585
VEN0040,2024-05-27,Preferred Service Vendor 040,Standard,4,1268,3.49,0,1.0
VEN0040,2024-06-03,Preferred Service Vendor 040,Standard,4,3505,3.78,0,1.0
VEN0040,2024-06-10,Preferred Service Vendor 040,Standard,4,3956,2.51,0,1.0
VEN0040,2024-06-17,Preferred Service Vendor 040,Standard,4,3044,1.96,0,1.0
VEN0040,2024-06-24,Preferred Service Vendor 040,Standard,4,4985,2.65,0,1.0
VEN0040,2024-07-01,Preferred Service Vendor 040,Standard,4,3815,3.65,0,1.0
VEN0040,2024-07-08,Preferred Service Vendor 040,Standard,4,2662,4.43,1,0.9785
VEN0040,2024-07-15,Preferred Service Vendor 040,Standard,4,5067,5.39,1,0.9305
VEN0040,2024-07-22,Preferred Service Vendor 040,Standard,4,3490,3.19,0,1.0
VEN0040,2024-07-29,Preferred Service Vendor 040,Standard,4,5116,6.17,1,0.8915
VEN0040,2024-08-05,Preferred Service Vendor 040,Standard,4,3379,4.1,1,0.995
VEN0040,2024-08-12,Preferred Service Vendor 040,Standard,4,5110,1.52,0,1.0
VEN0040,2024-08-19,Preferred Service Vendor 040,Standard,4,2987,4.84,1,0.958
VEN0040,2024-08-26,Preferred Service Vendor 040,Standard,4,4344,6.06,1,0.897
VEN0040,2024-09-02,Preferred Service Vendor 040,Standard,4,4643,5.9,1,0.905
VEN0040,2024-09-09,Preferred Service Vendor 040,Standard,4,5728,5.0,1,0.95
VEN0040,2024-09-16,Preferred Service Vendor 040,Standard,4,4131,4.53,1,0.9735
VEN0040,2024-09-23,Preferred Service Vendor 040,Standard,4,4643,2.6,0,1.0
VEN0040,2024-09-30,Preferred Service Vendor 040,Standard,4,2935,4.6,1,0.97
VEN0040,2024-10-07,Preferred Service Vendor 040,Standard,4,6669,3.81,0,1.0
VEN0040,2024-10-14,Preferred Service Vendor 040,Standard,4,3593,3.08,0,1.0
VEN0040,2024-10-21,Preferred Service Vendor 040,Standard,4,3919,4.76,1,0.962
VEN0040,2024-10-28,Preferred Service Vendor 040,Standard,4,4247,4.57,1,0.9715
VEN0040,2024-11-04,Preferred Service Vendor 040,Standard,4,3565,4.62,1,0.969
VEN0040,2024-11-11,Preferred Service Vendor 040,Standard,4,3058,3.35,0,1.0
VEN0040,2024-11-18,Preferred Service Vendor 040,Standard,4,5438,6.04,1,0.898
VEN0040,2024-11-25,Preferred Service Vendor 040,Standard,4,3787,4.58,1,0.971
VEN0040,2024-12-02,Preferred Service Vendor 040,Standard,4,5524,6.09,1,0.8955
VEN0040,2024-12-09,Preferred Service Vendor 040,Standard,4,4236,3.79,0,1.0
VEN0040,2024-12-16,Preferred Service Vendor 040,Standard,4,4066,5.24,1,0.938
VEN0040,2024-12-23,Preferred Service Vendor 040,Standard,4,3696,5.04,1,0.948
VEN0040,2024-12-30,Preferred Service Vendor 040,Standard,4,5084,4.63,1,0.9685
VEN0041,2023-01-02,Preferred Service Vendor 041,Preferred,24,5005,25.7,1,0.915
VEN0041,2023-01-09,Preferred Service Vendor 041,Preferred,24,3032,20.33,0,1.0
VEN0041,2023-01-16,Preferred Service Vendor 041,Preferred,24,3925,35.77,1,0.4115
VEN0041,2023-01-23,Preferred Service Vendor 041,Preferred,24,6257,23.16,0,1.0
VEN0041,2023-01-30,Preferred Service Vendor 041,Preferred,24,3598,17.45,0,1.0
VEN0041,2023-02-06,Preferred Service Vendor 041,Preferred,24,3044,24.06,1,0.997
VEN0041,2023-02-13,Preferred Service Vendor 041,Preferred,24,2868,27.57,1,0.8215
VEN0041,2023-02-20,Preferred Service Vendor 041,Preferred,24,3785,33.56,1,0.522
VEN0041,2023-02-27,Preferred Service Vendor 041,Preferred,24,3827,23.78,0,1.0
VEN0041,2023-03-06,Preferred Service Vendor 041,Preferred,24,4462,25.69,1,0.9155
VEN0041,2023-03-13,Preferred Service Vendor 041,Preferred,24,2964,36.28,1,0.386
VEN0041,2023-03-20,Preferred Service Vendor 041,Preferred,24,4133,31.51,1,0.6245
VEN0041,2023-03-27,Preferred Service Vendor 041,Preferred,24,3014,35.71,1,0.4145
VEN0041,2023-04-03,Preferred Service Vendor 041,Preferred,24,4531,22.93,0,1.0
VEN0041,2023-04-10,Preferred Service Vendor 041,Preferred,24,3579,15.69,0,1.0
VEN0041,2023-04-17,Preferred Service Vendor 041,Preferred,24,6112,20.45,0,1.0
VEN0041,2023-04-24,Preferred Service Vendor 041,Preferred,24,3827,24.21,1,0.9895
VEN0041,2023-05-01,Preferred Service Vendor 041,Preferred,24,5759,17.34,0,1.0
VEN0041,2023-05-08,Preferred Service Vendor 041,Preferred,24,5809,17.81,0,1.0
VEN0041,2023-05-15,Preferred Service Vendor 041,Preferred,24,5110,19.1,0,1.0
VEN0041,2023-05-22,Preferred Service Vendor 041,Preferred,24,5087,31.69,1,0.6155
VEN0041,2023-05-29,Preferred Service Vendor 041,Preferred,24,4792,28.81,1,0.7595
VEN0041,2023-06-05,Preferred Service Vendor 041,Preferred,24,3543,23.49,0,1.0
VEN0041,2023-06-12,Preferred Service Vendor 041,Preferred,24,4018,29.57,1,0.7215
VEN0041,2023-06-19,Preferred Service Vendor 041,Preferred,24,7792,35.0,1,0.45
VEN0041,2023-06-26,Preferred Service Vendor 041,Preferred,24,1049,16.58,0,1.0
VEN0041,2023-07-03,Preferred Service Vendor 041,Preferred,24,5078,31.26,1,0.637
VEN0041,2023-07-10,Preferred Service Vendor 041,Preferred,24,2386,32.82,1,0.559
VEN0041,2023-07-17,Preferred Service Vendor 041,Preferred,24,7220,27.57,1,0.8215
VEN0041,2023-07-24,Preferred Service Vendor 041,Preferred,24,3750,35.21,1,0.4395
VEN0041,2023-07-31,Preferred Service Vendor 041,Preferred,24,3648,35.08,1,0.446
VEN0041,2023-08-07,Preferred Service Vendor 041,Preferred,24,3928,32.35,1,0.5825
VEN0041,2023-08-14,Preferred Service Vendor 041,Preferred,24,2922,17.06,0,1.0
VEN0041,2023-08-21,Preferred Service Vendor 041,Preferred,24,4870,18.46,0,1.0
VEN0041,2023-08-28,Preferred Service Vendor 041,Preferred,24,1905,17.52,0,1.0
VEN0041,2023-09-04,Preferred Service Vendor 041,Preferred,24,3403,28.15,1,0.7925
VEN0041,2023-09-11,Preferred Service Vendor 041,Preferred,24,5797,26.68,1,0.866
VEN0041,2023-09-18,Preferred Service Vendor 041,Preferred,24,5635,20.43,0,1.0
VEN0041,2023-09-25,Preferred Service Vendor 041,Preferred,24,3816,28.29,1,0.7855
VEN0041,2023-10-02,Preferred Service Vendor 041,Preferred,24,5399,28.44,1,0.778
VEN0041,2023-10-09,Preferred Service Vendor 041,Preferred,24,7018,33.47,1,0.5265
VEN0041,2023-10-16,Preferred Service Vendor 041,Preferred,24,5191,28.94,1,0.753
VEN0041,2023-10-23,Preferred Service Vendor 041,Preferred,24,5786,29.62,1,0.719
VEN0041,2023-10-30,Preferred Service Vendor 041,Preferred,24,4274,19.78,0,1.0
VEN0041,2023-11-06,Preferred Service Vendor 041,Preferred,24,4194,27.42,1,0.829
VEN0041,2023-11-13,Preferred Service Vendor 041,Preferred,24,4649,24.14,1,0.993
VEN0041,2023-11-20,Preferred Service Vendor 041,Preferred,24,5801,33.24,1,0.538
VEN0041,2023-11-27,Preferred Service Vendor 041,Preferred,24,4565,36.02,1,0.399
VEN0041,2023-12-04,Preferred Service Vendor 041,Preferred,24,5260,23.33,0,1.0
VEN0041,2023-12-11,Preferred Service Vendor 041,Preferred,24,1848,18.22,0,1.0
VEN0041,2023-12-18,Preferred Service Vendor 041,Preferred,24,4163,34.28,1,0.486
VEN0041,2023-12-25,Preferred Service Vendor 041,Preferred,24,5896,32.45,1,0.5775
VEN0041,2024-01-01,Preferred Service Vendor 041,Preferred,24,3873,30.75,1,0.6625
VEN0041,2024-01-08,Preferred Service Vendor 041,Preferred,24,3112,37.04,1,0.35
VEN0041,2024-01-15,Preferred Service Vendor 041,Preferred,24,4132,21.58,0,1.0
VEN0041,2024-01-22,Preferred Service Vendor 041,Preferred,24,3851,21.33,0,1.0
VEN0041,2024-01-29,Preferred Service Vendor 041,Preferred,24,2702,27.54,1,0.823
VEN0041,2024-02-05,Preferred Service Vendor 041,Preferred,24,4721,26.44,1,0.878
VEN0041,2024-02-12,Preferred Service Vendor 041,Preferred,24,7840,36.08,1,0.396
VEN0041,2024-02-19,Preferred Service Vendor 041,Preferred,24,4031,26.22,1,0.889
VEN0041,2024-02-26,Preferred Service Vendor 041,Preferred,24,3312,31.77,1,0.6115
VEN0041,2024-03-04,Preferred Service Vendor 041,Preferred,24,5282,29.87,1,0.7065
VEN0041,2024-03-11,Preferred Service Vendor 041,Preferred,24,3225,18.03,0,1.0
VEN0041,2024-03-18,Preferred Service Vendor 041,Preferred,24,4220,22.42,0,1.0
VEN0041,2024-03-25,Preferred Service Vendor 041,Preferred,24,4098,26.32,1,0.884
VEN0041,2024-04-01,Preferred Service Vendor 041,Preferred,24,6326,26.29,1,0.8855
VEN0041,2024-04-08,Preferred Service Vendor 041,Preferred,24,4116,21.88,0,1.0
VEN0041,2024-04-15,Preferred Service Vendor 041,Preferred,24,5443,26.32,1,0.884
VEN0041,2024-04-22,Preferred Service Vendor 041,Preferred,24,1744,31.39,1,0.6305
VEN0041,2024-04-29,Preferred Service Vendor 041,Preferred,24,3712,25.43,1,0.9285
VEN0041,2024-05-06,Preferred Service Vendor 041,Preferred,24,3067,24.11,1,0.9945
VEN0041,2024-05-13,Preferred Service Vendor 041,Preferred,24,5320,25.96,1,0.902
VEN0041,2024-05-20,Preferred Service Vendor 041,Preferred,24,3753,18.24,0,1.0
VEN0041,2024-05-27,Preferred Service Vendor 041,Preferred,24,1465,19.98,0,1.0
VEN0041,2024-06-03,Preferred Service Vendor 041,Preferred,24,4980,27.59,1,0.8205
VEN0041,2024-06-10,Preferred Service Vendor 041,Preferred,24,5662,16.35,0,1.0
VEN0041,2024-06-17,Preferred Service Vendor 041,Preferred,24,2779,32.25,1,0.5875
VEN0041,2024-06-24,Preferred Service Vendor 041,Preferred,24,4410,31.21,1,0.6395
VEN0041,2024-07-01,Preferred Service Vendor 041,Preferred,24,3530,32.33,1,0.5835
VEN0041,2024-07-08,Preferred Service Vendor 041,Preferred,24,4203,24.25,1,0.9875
VEN0041,2024-07-15,Preferred Service Vendor 041,Preferred,24,4962,31.81,1,0.6095
VEN0041,2024-07-22,Preferred Service Vendor 041,Preferred,24,6040,17.69,0,1.0
VEN0041,2024-07-29,Preferred Service Vendor 041,Preferred,24,4244,36.1,1,0.395
VEN0041,2024-08-05,Preferred Service Vendor 041,Preferred,24,3821,20.88,0,1.0
VEN0041,2024-08-12,Preferred Service Vendor 041,Preferred,24,4392,20.66,0,1.0
VEN0041,2024-08-19,Preferred Service Vendor 041,Preferred,24,4417,26.79,1,0.8605
VEN0041,2024-08-26,Preferred Service Vendor 041,Preferred,24,5491,17.29,0,1.0
VEN0041,2024-09-02,Preferred Service Vendor 041,Preferred,24,4532,24.48,1,0.976
VEN0041,2024-09-09,Preferred Service Vendor 041,Preferred,24,5977,37.01,1,0.35
VEN0041,2024-09-16,Preferred Service Vendor 041,Preferred,24,5392,30.17,1,0.6915
VEN0041,2024-09-23,Preferred Service Vendor 041,Preferred,24,5814,18.11,0,1.0
VEN0041,2024-09-30,Preferred Service Vendor 041,Preferred,24,7630,23.31,0,1.0
VEN0041,2024-10-07,Preferred Service Vendor 041,Preferred,24,3687,22.86,0,1.0
VEN0041,2024-10-14,Preferred Service Vendor 041,Preferred,24,6331,31.72,1,0.614
VEN0041,2024-10-21,Preferred Service Vendor 041,Preferred,24,3534,33.15,1,0.5425
VEN0041,2024-10-28,Preferred Service Vendor 041,Preferred,24,3776,20.23,0,1.0
VEN0041,2024-11-04,Preferred Service Vendor 041,Preferred,24,4392,26.48,1,0.876
VEN0041,2024-11-11,Preferred Service Vendor 041,Preferred,24,4126,19.73,0,1.0
VEN0041,2024-11-18,Preferred Service Vendor 041,Preferred,24,4128,26.14,1,0.893
VEN0041,2024-11-25,Preferred Service Vendor 041,Preferred,24,5170,26.89,1,0.8555
VEN0041,2024-12-02,Preferred Service Vendor 041,Preferred,24,3426,33.05,1,0.5475
VEN0041,2024-12-09,Preferred Service Vendor 041,Preferred,24,4335,30.24,1,0.688
VEN0041,2024-12-16,Preferred Service Vendor 041,Preferred,24,3160,17.88,0,1.0
VEN0041,2024-12-23,Preferred Service Vendor 041,Preferred,24,4932,16.65,0,1.0
VEN0041,2024-12-30,Preferred Service Vendor 041,Preferred,24,5177,32.78,1,0.561
VEN0042,2023-01-02,Preferred Service Vendor 042,Standard,4,4135,2.61,0,1.0
VEN0042,2023-01-09,Preferred Service Vendor 042,Standard,4,5199,1.89,0,1.0
VEN0042,2023-01-16,Preferred Service Vendor 042,Standard,4,4533,2.38,0,1.0
VEN0042,2023-01-23,Preferred Service Vendor 042,Standard,4,3175,5.03,1,0.9485
VEN0042,2023-01-30,Preferred Service Vendor 042,Standard,4,5898,4.29,1,0.9855
VEN0042,2023-02-06,Preferred Service Vendor 042,Standard,4,3004,3.63,0,1.0
VEN0042,2023-02-13,Preferred Service Vendor 042,Standard,4,4245,5.3,1,0.935
VEN0042,2023-02-20,Preferred Service Vendor 042,Standard,4,5007,4.41,1,0.9795
VEN0042,2023-02-27,Preferred Service Vendor 042,Standard,4,5407,4.83,1,0.9585
VEN0042,2023-03-06,Preferred Service Vendor 042,Standard,4,1393,3.15,0,1.0
VEN0042,2023-03-13,Preferred Service Vendor 042,Standard,4,3689,5.71,1,0.9145
VEN0042,2023-03-20,Preferred Service Vendor 042,Standard,4,5346,6.41,1,0.8795
VEN0042,2023-03-27,Preferred Service Vendor 042,Standard,4,5419,2.12,0,1.0
VEN0042,2023-04-03,Preferred Service Vendor 042,Standard,4,2435,4.18,1,0.991
VEN0042,2023-04-10,Preferred Service Vendor 042,Standard,4,6265,3.75,0,1.0
VEN0042,2023-04-17,Preferred Service Vendor 042,Standard,4,2637,4.47,1,0.9765
VEN0042,2023-04-24,Preferred Service Vendor 042,Standard,4,3686,5.66,1,0.917
VEN0042,2023-05-01,Preferred Service Vendor 042,Standard,4,5933,3.43,0,1.0
VEN0042,2023-05-08,Preferred Service Vendor 042,Standard,4,6029,5.43,1,0.9285
VEN0042,2023-05-15,Preferred Service Vendor 042,Standard,4,3661,2.21,0,1.0
VEN0042,2023-05-22,Preferred Service Vendor 042,Standard,4,4796,6.35,1,0.8825
VEN0042,2023-05-29,Preferred Service Vendor 042,Standard,4,4558,4.6,1,0.97
VEN0042,2023-06-05,Preferred Service Vendor 042,Standard,4,3344,4.94,1,0.953
VEN0042,2023-06-12,Preferred Service Vendor 042,Standard,4,4197,5.38,1,0.931
VEN0042,2023-06-19,Preferred Service Vendor 042,Standard,4,5873,4.41,1,0.9795
VEN0042,2023-06-26,Preferred Service Vendor 042,Standard,4,3803,4.51,1,0.9745
VEN0042,2023-07-03,Preferred Service Vendor 042,Standard,4,3759,4.21,1,0.9895
VEN0042,2023-07-10,Preferred Service Vendor 042,Standard,4,2555,4.62,1,0.969
VEN0042,2023-07-17,Preferred Service Vendor 042,Standard,4,2543,2.94,0,1.0
VEN0042,2023-07-24,Preferred Service Vendor 042,Standard,4,5148,5.51,1,0.9245
VEN0042,2023-07-31,Preferred Service Vendor 042,Standard,4,2574,6.33,1,0.8835
VEN0042,2023-08-07,Preferred Service Vendor 042,Standard,4,3632,4.05,1,0.9975
VEN0042,2023-08-14,Preferred Service Vendor 042,Standard,4,3082,4.23,1,0.9885
VEN0042,2023-08-21,Preferred Service Vendor 042,Standard,4,3397,4.13,1,0.9935
VEN0042,2023-08-28,Preferred Service Vendor 042,Standard,4,3568,3.31,0,1.0
VEN0042,2023-09-04,Preferred Service Vendor 042,Standard,4,4381,5.61,1,0.9195
VEN0042,2023-09-11,Preferred Service Vendor 042,Standard,4,2572,5.44,1,0.928
VEN0042,2023-09-18,Preferred Service Vendor 042,Standard,4,2991,4.2,1,0.99
VEN0042,2023-09-25,Preferred Service Vendor 042,Standard,4,2590,5.2,1,0.94
VEN0042,2023-10-02,Preferred Service Vendor 042,Standard,4,5227,2.72,0,1.0
VEN0042,2023-10-09,Preferred Service Vendor 042,Standard,4,3994,5.62,1,0.919
VEN0042,2023-10-16,Preferred Service Vendor 042,Standard,4,3348,4.65,1,0.9675
VEN0042,2023-10-23,Preferred Service Vendor 042,Standard,4,1662,3.18,0,1.0
VEN0042,2023-10-30,Preferred Service Vendor 042,Standard,4,4554,5.72,1,0.914
VEN0042,2023-11-06,Preferred Service Vendor 042,Standard,4,4320,2.93,0,1.0
VEN0042,2023-11-13,Preferred Service Vendor 042,Standard,4,4861,4.88,1,0.956
VEN0042,2023-11-20,Preferred Service Vendor 042,Standard,4,4911,3.42,0,1.0
VEN0042,2023-11-27,Preferred Service Vendor 042,Standard,4,2095,3.52,0,1.0
VEN0042,2023-12-04,Preferred Service Vendor 042,Standard,4,3539,2.91,0,1.0
VEN0042,2023-12-11,Preferred Service Vendor 042,Standard,4,3572,3.48,0,1.0
VEN0042,2023-12-18,Preferred Service Vendor 042,Standard,4,3980,3.6,0,1.0
VEN0042,2023-12-25,Preferred Service Vendor 042,Standard,4,1538,4.87,1,0.9565
VEN0042,2024-01-01,Preferred Service Vendor 042,Standard,4,4648,3.16,0,1.0
VEN0042,2024-01-08,Preferred Service Vendor 042,Standard,4,4819,3.49,0,1.0
VEN0042,2024-01-15,Preferred Service Vendor 042,Standard,4,4753,2.9,0,1.0
VEN0042,2024-01-22,Preferred Service Vendor 042,Standard,4,5037,3.92,0,1.0
VEN0042,2024-01-29,Preferred Service Vendor 042,Standard,4,4233,0.56,0,1.0
VEN0042,2024-02-05,Preferred Service Vendor 042,Standard,4,5104,4.94,1,0.953
VEN0042,2024-02-12,Preferred Service Vendor 042,Standard,4,6526,5.83,1,0.9085
VEN0042,2024-02-19,Preferred Service Vendor 042,Standard,4,2108,2.13,0,1.0
VEN0042,2024-02-26,Preferred Service Vendor 042,Standard,4,4298,4.64,1,0.968
VEN0042,2024-03-04,Preferred Service Vendor 042,Standard,4,4294,2.94,0,1.0
VEN0042,2024-03-11,Preferred Service Vendor 042,Standard,4,3894,5.99,1,0.9005
VEN0042,2024-03-18,Preferred Service Vendor 042,Standard,4,4761,4.02,1,0.999
VEN0042,2024-03-25,Preferred Service Vendor 042,Standard,4,4381,2.96,0,1.0
VEN0042,2024-04-01,Preferred Service Vendor 042,Standard,4,4111,4.16,1,0.992
VEN0042,2024-04-08,Preferred Service Vendor 042,Standard,4,4774,5.67,1,0.9165
VEN0042,2024-04-15,Preferred Service Vendor 042,Standard,4,6199,6.79,1,0.8605
VEN0042,2024-04-22,Preferred Service Vendor 042,Standard,4,4977,2.98,0,1.0
VEN0042,2024-04-29,Preferred Service Vendor 042,Standard,4,4658,2.82,0,1.0
VEN0042,2024-05-06,Preferred Service Vendor 042,Standard,4,4017,4.98,1,0.951
VEN0042,2024-05-13,Preferred Service Vendor 042,Standard,4,5103,5.11,1,0.9445
VEN0042,2024-05-20,Preferred Service Vendor 042,Standard,4,3491,2.15,0,1.0
VEN0042,2024-05-27,Preferred Service Vendor 042,Standard,4,5673,5.58,1,0.921
VEN0042,2024-06-03,Preferred Service Vendor 042,Standard,4,3744,7.24,1,0.838
VEN0042,2024-06-10,Preferred Service Vendor 042,Standard,4,4067,3.22,0,1.0
VEN0042,2024-06-17,Preferred Service Vendor 042,Standard,4,2974,4.73,1,0.9635
VEN0042,2024-06-24,Preferred Service Vendor 042,Standard,4,4447,6.22,1,0.889
VEN0042,2024-07-01,Preferred Service Vendor 042,Standard,4,3482,5.59,1,0.9205
VEN0042,2024-07-08,Preferred Service Vendor 042,Standard,4,3021,4.38,1,0.981
VEN0042,2024-07-15,Preferred Service Vendor 042,Standard,4,2493,4.42,1,0.979
VEN0042,2024-07-22,Preferred Service Vendor 042,Standard,4,6315,2.41,0,1.0
VEN0042,2024-07-29,Preferred Service Vendor 042,Standard,4,3670,5.27,1,0.9365
VEN0042,2024-08-05,Preferred Service Vendor 042,Standard,4,6718,3.46,0,1.0
VEN0042,2024-08-12,Preferred Service Vendor 042,Standard,4,4044,6.95,1,0.8525
VEN0042,2024-08-19,Preferred Service Vendor 042,Standard,4,4806,6.21,1,0.8895
VEN0042,2024-08-26,Preferred Service Vendor 042,Standard,4,4982,4.87,1,0.9565
VEN0042,2024-09-02,Preferred Service Vendor 042,Standard,4,5674,3.82,0,1.0
VEN0042,2024-09-09,Preferred Service Vendor 042,Standard,4,3208,1.02,0,1.0
VEN0042,2024-09-16,Preferred Service Vendor 042,Standard,4,4563,2.98,0,1.0
VEN0042,2024-09-23,Preferred Service Vendor 042,Standard,4,4260,3.64,0,1.0
VEN0042,2024-09-30,Preferred Service Vendor 042,Standard,4,3128,3.25,0,1.0
VEN0042,2024-10-07,Preferred Service Vendor 042,Standard,4,5144,1.83,0,1.0
VEN0042,2024-10-14,Preferred Service Vendor 042,Standard,4,3053,5.29,1,0.9355
VEN0042,2024-10-21,Preferred Service Vendor 042,Standard,4,3597,6.02,1,0.899
VEN0042,2024-10-28,Preferred Service Vendor 042,Standard,4,2197,5.3,1,0.935
VEN0042,2024-11-04,Preferred Service Vendor 042,Standard,4,3395,4.14,1,0.993
VEN0042,2024-11-11,Preferred Service Vendor 042,Standard,4,3600,6.27,1,0.8865
VEN0042,2024-11-18,Preferred Service Vendor 042,Standard,4,5000,5.0,1,0.95
VEN0042,2024-11-25,Preferred Service Vendor 042,Standard,4,1010,5.92,1,0.904
VEN0042,2024-12-02,Preferred Service Vendor 042,Standard,4,4285,6.48,1,0.876
VEN0042,2024-12-09,Preferred Service Vendor 042,Standard,4,3199,3.17,0,1.0
VEN0042,2024-12-16,Preferred Service Vendor 042,Standard,4,3189,3.16,0,1.0
VEN0042,2024-12-23,Preferred Service Vendor 042,Standard,4,3176,2.91,0,1.0
VEN0042,2024-12-30,Preferred Service Vendor 042,Standard,4,4080,4.84,1,0.958
VEN0043,2023-01-02,Preferred Service Vendor 043,Preferred,8,3812,8.89,1,0.9555
VEN0043,2023-01-09,Preferred Service Vendor 043,Preferred,8,3270,13.07,1,0.7465
VEN0043,2023-01-16,Preferred Service Vendor 043,Preferred,8,6650,8.6,1,0.97
VEN0043,2023-01-23,Preferred Service Vendor 043,Preferred,8,4360,8.05,1,0.9975
VEN0043,2023-01-30,Preferred Service Vendor 043,Preferred,8,6390,7.35,0,1.0
VEN0043,2023-02-06,Preferred Service Vendor 043,Preferred,8,2934,4.5,0,1.0
VEN0043,2023-02-13,Preferred Service Vendor 043,Preferred,8,4302,10.76,1,0.862
VEN0043,2023-02-20,Preferred Service Vendor 043,Preferred,8,4431,10.68,1,0.866
VEN0043,2023-02-27,Preferred Service Vendor 043,Preferred,8,3991,9.99,1,0.9005
VEN0043,2023-03-06,Preferred Service Vendor 043,Preferred,8,2521,12.88,1,0.756
VEN0043,2023-03-13,Preferred Service Vendor 043,Preferred,8,3225,12.3,1,0.785
VEN0043,2023-03-20,Preferred Service Vendor 043,Preferred,8,3474,11.46,1,0.827
VEN0043,2023-03-27,Preferred Service Vendor 043,Preferred,8,3947,6.88,0,1.0
VEN0043,2023-04-03,Preferred Service Vendor 043,Preferred,8,4300,8.01,1,0.9995
VEN0043,2023-04-10,Preferred Service Vendor 043,Preferred,8,3120,6.58,0,1.0
VEN0043,2023-04-17,Preferred Service Vendor 043,Preferred,8,3820,11.13,1,0.8435
VEN0043,2023-04-24,Preferred Service Vendor 043,Preferred,8,4527,6.5,0,1.0
VEN0043,2023-05-01,Preferred Service Vendor 043,Preferred,8,2734,7.0,0,1.0
VEN0043,2023-05-08,Preferred Service Vendor 043,Preferred,8,7272,5.79,0,1.0
VEN0043,2023-05-15,Preferred Service Vendor 043,Preferred,8,3719,6.03,0,1.0
VEN0043,2023-05-22,Preferred Service Vendor 043,Preferred,8,5224,9.03,1,0.9485
VEN0043,2023-05-29,Preferred Service Vendor 043,Preferred,8,4402,4.69,0,1.0
VEN0043,2023-06-05,Preferred Service Vendor 043,Preferred,8,3600,6.27,0,1.0
VEN0043,2023-06-12,Preferred Service Vendor 043,Preferred,8,2726,11.78,1,0.811
VEN0043,2023-06-19,Preferred Service Vendor 043,Preferred,8,3940,9.33,1,0.9335
VEN0043,2023-06-26,Preferred Service Vendor 043,Preferred,8,5845,9.51,1,0.9245
VEN0043,2023-07-03,Preferred Service Vendor 043,Preferred,8,8439,11.11,1,0.8445
VEN0043,2023-07-10,Preferred Service Vendor 043,Preferred,8,3209,7.38,0,1.0
VEN0043,2023-07-17,Preferred Service Vendor 043,Preferred,8,4484,6.85,0,1.0
VEN0043,2023-07-24,Preferred Service Vendor 043,Preferred,8,3228,12.23,1,0.7885
VEN0043,2023-07-31,Preferred Service Vendor 043,Preferred,8,4361,8.65,1,0.9675
VEN0043,2023-08-07,Preferred Service Vendor 043,Preferred,8,4564,9.07,1,0.9465
VEN0043,2023-08-14,Preferred Service Vendor 043,Preferred,8,5435,9.86,1,0.907
VEN0043,2023-08-21,Preferred Service Vendor 043,Preferred,8,3371,8.22,1,0.989
VEN0043,2023-08-28,Preferred Service Vendor 043,Preferred,8,5089,11.82,1,0.809
VEN0043,2023-09-04,Preferred Service Vendor 043,Preferred,8,5808,7.5,0,1.0
VEN0043,2023-09-11,Preferred Service Vendor 043,Preferred,8,3007,10.85,1,0.8575
VEN0043,2023-09-18,Preferred Service Vendor 043,Preferred,8,4897,10.12,1,0.894
VEN0043,2023-09-25,Preferred Service Vendor 043,Preferred,8,5990,5.52,0,1.0
VEN0043,2023-10-02,Preferred Service Vendor 043,Preferred,8,2744,10.08,1,0.896
VEN0043,2023-10-09,Preferred Service Vendor 043,Preferred,8,3792,5.84,0,1.0
VEN0043,2023-10-16,Preferred Service Vendor 043,Preferred,8,4201,9.89,1,0.9055
VEN0043,2023-10-23,Preferred Service Vendor 043,Preferred,8,4818,8.01,1,0.9995
VEN0043,2023-10-30,Preferred Service Vendor 043,Preferred,8,2559,4.97,0,1.0
VEN0043,2023-11-06,Preferred Service Vendor 043,Preferred,8,5641,11.47,1,0.8265
VEN0043,2023-11-13,Preferred Service Vendor 043,Preferred,8,4884,12.42,1,0.779
VEN0043,2023-11-20,Preferred Service Vendor 043,Preferred,8,3511,11.22,1,0.839
VEN0043,2023-11-27,Preferred Service Vendor 043,Preferred,8,4145,7.36,0,1.0
VEN0043,2023-12-04,Preferred Service Vendor 043,Preferred,8,2662,9.79,1,0.9105
VEN0043,2023-12-11,Preferred Service Vendor 043,Preferred,8,4278,8.61,1,0.9695
VEN0043,2023-12-18,Preferred Service Vendor 043,Preferred,8,4372,11.98,1,0.801
VEN0043,2023-12-25,Preferred Service Vendor 043,Preferred,8,4067,12.47,1,0.7765
VEN0043,2024-01-01,Preferred Service Vendor 043,Preferred,8,5141,7.73,0,1.0
VEN0043,2024-01-08,Preferred Service Vendor 043,Preferred,8,4192,6.74,0,1.0
VEN0043,2024-01-15,Preferred Service Vendor 043,Preferred,8,5117,6.4,0,1.0
VEN0043,2024-01-22,Preferred Service Vendor 043,Preferred,8,4959,8.36,1,0.982
VEN0043,2024-01-29,Preferred Service Vendor 043,Preferred,8,4847,8.34,1,0.983
VEN0043,2024-02-05,Preferred Service Vendor 043,Preferred,8,1349,9.05,1,0.9475
VEN0043,2024-02-12,Preferred Service Vendor 043,Preferred,8,5098,11.45,1,0.8275
VEN0043,2024-02-19,Preferred Service Vendor 043,Preferred,8,4814,12.63,1,0.7685
VEN0043,2024-02-26,Preferred Service Vendor 043,Preferred,8,1714,7.69,0,1.0
VEN0043,2024-03-04,Preferred Service Vendor 043,Preferred,8,3867,8.87,1,0.9565
VEN0043,2024-03-11,Preferred Service Vendor 043,Preferred,8,4405,7.81,0,1.0
VEN0043,2024-03-18,Preferred Service Vendor 043,Preferred,8,4231,7.03,0,1.0
VEN0043,2024-03-25,Preferred Service Vendor 043,Preferred,8,2890,9.86,1,0.907
VEN0043,2024-04-01,Preferred Service Vendor 043,Preferred,8,4320,8.08,1,0.996
VEN0043,2024-04-08,Preferred Service Vendor 043,Preferred,8,4541,12.69,1,0.7655
VEN0043,2024-04-15,Preferred Service Vendor 043,Preferred,8,4545,10.62,1,0.869
VEN0043,2024-04-22,Preferred Service Vendor 043,Preferred,8,5857,10.78,1,0.861
VEN0043,2024-04-29,Preferred Service Vendor 043,Preferred,8,3306,4.2,0,1.0
VEN0043,2024-05-06,Preferred Service Vendor 043,Preferred,8,3546,8.16,1,0.992
VEN0043,2024-05-13,Preferred Service Vendor 043,Preferred,8,3915,9.88,1,0.906
VEN0043,2024-05-20,Preferred Service Vendor 043,Preferred,8,3236,9.68,1,0.916
VEN0043,2024-05-27,Preferred Service Vendor 043,Preferred,8,6398,10.14,1,0.893
VEN0043,2024-06-03,Preferred Service Vendor 043,Preferred,8,4566,11.7,1,0.815
VEN0043,2024-06-10,Preferred Service Vendor 043,Preferred,8,6420,8.25,1,0.9875
VEN0043,2024-06-17,Preferred Service Vendor 043,Preferred,8,4204,11.22,1,0.839
VEN0043,2024-06-24,Preferred Service Vendor 043,Preferred,8,4823,10.23,1,0.8885
VEN0043,2024-07-01,Preferred Service Vendor 043,Preferred,8,5373,10.57,1,0.8715
VEN0043,2024-07-08,Preferred Service Vendor 043,Preferred,8,5929,11.8,1,0.81
VEN0043,2024-07-15,Preferred Service Vendor 043,Preferred,8,5948,5.51,0,1.0
VEN0043,2024-07-22,Preferred Service Vendor 043,Preferred,8,5648,12.42,1,0.779
VEN0043,2024-07-29,Preferred Service Vendor 043,Preferred,8,4328,10.53,1,0.8735
VEN0043,2024-08-05,Preferred Service Vendor 043,Preferred,8,2458,8.67,1,0.9665
VEN0043,2024-08-12,Preferred Service Vendor 043,Preferred,8,4556,7.78,0,1.0
VEN0043,2024-08-19,Preferred Service Vendor 043,Preferred,8,2555,12.75,1,0.7625
VEN0043,2024-08-26,Preferred Service Vendor 043,Preferred,8,3084,9.74,1,0.913
VEN0043,2024-09-02,Preferred Service Vendor 043,Preferred,8,3300,13.16,1,0.742
VEN0043,2024-09-09,Preferred Service Vendor 043,Preferred,8,3118,7.67,0,1.0
VEN0043,2024-09-16,Preferred Service Vendor 043,Preferred,8,3496,6.45,0,1.0
VEN0043,2024-09-23,Preferred Service Vendor 043,Preferred,8,3403,4.76,0,1.0
VEN0043,2024-09-30,Preferred Service Vendor 043,Preferred,8,4148,7.39,0,1.0
VEN0043,2024-10-07,Preferred Service Vendor 043,Preferred,8,5639,7.68,0,1.0
VEN0043,2024-10-14,Preferred Service Vendor 043,Preferred,8,3652,13.61,1,0.7195
VEN0043,2024-10-21,Preferred Service Vendor 043,Preferred,8,3533,10.34,1,0.883
VEN0043,2024-10-28,Preferred Service Vendor 043,Preferred,8,4829,8.65,1,0.9675
VEN0043,2024-11-04,Preferred Service Vendor 043,Preferred,8,4932,11.79,1,0.8105
VEN0043,2024-11-11,Preferred Service Vendor 043,Preferred,8,5746,8.09,1,0.9955
VEN0043,2024-11-18,Preferred Service Vendor 043,Preferred,8,5607,9.26,1,0.937
VEN0043,2024-11-25,Preferred Service Vendor 043,Preferred,8,3348,7.86,0,1.0
VEN0043,2024-12-02,Preferred Service Vendor 043,Preferred,8,1483,11.04,1,0.848
VEN0043,2024-12-09,Preferred Service Vendor 043,Preferred,8,2554,11.97,1,0.8015
VEN0043,2024-12-16,Preferred Service Vendor 043,Preferred,8,4281,7.2,0,1.0
VEN0043,2024-12-23,Preferred Service Vendor 043,Preferred,8,3496,12.03,1,0.7985
VEN0043,2024-12-30,Preferred Service Vendor 043,Preferred,8,5295,9.78,1,0.911
VEN0044,2023-01-02,Preferred Service Vendor 044,Preferred,2,4147,2.5,1,0.975
VEN0044,2023-01-09,Preferred Service Vendor 044,Preferred,2,4945,1.12,0,1.0
VEN0044,2023-01-16,Preferred Service Vendor 044,Preferred,2,3326,3.18,1,0.941
VEN0044,2023-01-23,Preferred Service Vendor 044,Preferred,2,3399,3.33,1,0.9335
VEN0044,2023-01-30,Preferred Service Vendor 044,Preferred,2,3935,2.12,1,0.994
VEN0044,2023-02-06,Preferred Service Vendor 044,Preferred,2,4656,2.82,1,0.959
VEN0044,2023-02-13,Preferred Service Vendor 044,Preferred,2,2197,1.18,0,1.0
VEN0044,2023-02-20,Preferred Service Vendor 044,Preferred,2,3018,3.53,1,0.9235
VEN0044,2023-02-27,Preferred Service Vendor 044,Preferred,2,3858,1.99,0,1.0
VEN0044,2023-03-06,Preferred Service Vendor 044,Preferred,2,3836,3.02,1,0.949
VEN0044,2023-03-13,Preferred Service Vendor 044,Preferred,2,5758,0.5,0,1.0
VEN0044,2023-03-20,Preferred Service Vendor 044,Preferred,2,4131,3.1,1,0.945
VEN0044,2023-03-27,Preferred Service Vendor 044,Preferred,2,3960,0.68,0,1.0
VEN0044,2023-04-03,Preferred Service Vendor 044,Preferred,2,1512,1.96,0,1.0
VEN0044,2023-04-10,Preferred Service Vendor 044,Preferred,2,4485,2.94,1,0.953
VEN0044,2023-04-17,Preferred Service Vendor 044,Preferred,2,4901,2.3,1,0.985
VEN0044,2023-04-24,Preferred Service Vendor 044,Preferred,2,5221,1.41,0,1.0
VEN0044,2023-05-01,Preferred Service Vendor 044,Preferred,2,5315,0.5,0,1.0
VEN0044,2023-05-08,Preferred Service Vendor 044,Preferred,2,3000,3.65,1,0.9175
VEN0044,2023-05-15,Preferred Service Vendor 044,Preferred,2,1228,3.51,1,0.9245
VEN0044,2023-05-22,Preferred Service Vendor 044,Preferred,2,6832,0.92,0,1.0
VEN0044,2023-05-29,Preferred Service Vendor 044,Preferred,2,3557,3.18,1,0.941
VEN0044,2023-06-05,Preferred Service Vendor 044,Preferred,2,6556,3.18,1,0.941
VEN0044,2023-06-12,Preferred Service Vendor 044,Preferred,2,3139,0.5,0,1.0
VEN0044,2023-06-19,Preferred Service Vendor 044,Preferred,2,3578,4.4,1,0.88
VEN0044,2023-06-26,Preferred Service Vendor 044,Preferred,2,3240,2.65,1,0.9675
VEN0044,2023-07-03,Preferred Service Vendor 044,Preferred,2,3736,0.6,0,1.0
VEN0044,2023-07-10,Preferred Service Vendor 044,Preferred,2,3569,2.96,1,0.952
VEN0044,2023-07-17,Preferred Service Vendor 044,Preferred,2,6730,2.38,1,0.981
VEN0044,2023-07-24,Preferred Service Vendor 044,Preferred,2,5049,0.87,0,1.0
VEN0044,2023-07-31,Preferred Service Vendor 044,Preferred,2,4076,2.45,1,0.9775
VEN0044,2023-08-07,Preferred Service Vendor 044,Preferred,2,3806,1.31,0,1.0
VEN0044,2023-08-14,Preferred Service Vendor 044,Preferred,2,4030,0.9,0,1.0
VEN0044,2023-08-21,Preferred Service Vendor 044,Preferred,2,5885,1.04,0,1.0
VEN0044,2023-08-28,Preferred Service Vendor 044,Preferred,2,1165,1.07,0,1.0
VEN0044,2023-09-04,Preferred Service Vendor 044,Preferred,2,4734,2.59,1,0.9705
VEN0044,2023-09-11,Preferred Service Vendor 044,Preferred,2,5669,3.77,1,0.9115
VEN0044,2023-09-18,Preferred Service Vendor 044,Preferred,2,4730,4.06,1,0.897
VEN0044,2023-09-25,Preferred Service Vendor 044,Preferred,2,4789,2.67,1,0.9665
VEN0044,2023-10-02,Preferred Service Vendor 044,Preferred,2,3631,3.65,1,0.9175
VEN0044,2023-10-09,Preferred Service Vendor 044,Preferred,2,4799,1.15,0,1.0
VEN0044,2023-10-16,Preferred Service Vendor 044,Preferred,2,4927,1.18,0,1.0
VEN0044,2023-10-23,Preferred Service Vendor 044,Preferred,2,3693,1.35,0,1.0
VEN0044,2023-10-30,Preferred Service Vendor 044,Preferred,2,3496,2.41,1,0.9795
VEN0044,2023-11-06,Preferred Service Vendor 044,Preferred,2,1525,1.74,0,1.0
VEN0044,2023-11-13,Preferred Service Vendor 044,Preferred,2,5687,1.62,0,1.0
VEN0044,2023-11-20,Preferred Service Vendor 044,Preferred,2,4106,1.51,0,1.0
VEN0044,2023-11-27,Preferred Service Vendor 044,Preferred,2,3086,4.35,1,0.8825
VEN0044,2023-12-04,Preferred Service Vendor 044,Preferred,2,6083,1.27,0,1.0
VEN0044,2023-12-11,Preferred Service Vendor 044,Preferred,2,2736,0.72,0,1.0
VEN0044,2023-12-18,Preferred Service Vendor 044,Preferred,2,1446,2.39,1,0.9805
VEN0044,2023-12-25,Preferred Service Vendor 044,Preferred,2,3594,1.22,0,1.0
VEN0044,2024-01-01,Preferred Service Vendor 044,Preferred,2,4470,2.17,1,0.9915
VEN0044,2024-01-08,Preferred Service Vendor 044,Preferred,2,4117,2.76,1,0.962
VEN0044,2024-01-15,Preferred Service Vendor 044,Preferred,2,4345,3.54,1,0.923
VEN0044,2024-01-22,Preferred Service Vendor 044,Preferred,2,5012,2.41,1,0.9795
VEN0044,2024-01-29,Preferred Service Vendor 044,Preferred,2,5382,3.02,1,0.949
VEN0044,2024-02-05,Preferred Service Vendor 044,Preferred,2,4085,0.5,0,1.0
VEN0044,2024-02-12,Preferred Service Vendor 044,Preferred,2,5050,0.92,0,1.0
VEN0044,2024-02-19,Preferred Service Vendor 044,Preferred,2,4493,3.53,1,0.9235
VEN0044,2024-02-26,Preferred Service Vendor 044,Preferred,2,4305,0.9,0,1.0
VEN0044,2024-03-04,Preferred Service Vendor 044,Preferred,2,3416,1.28,0,1.0
VEN0044,2024-03-11,Preferred Service Vendor 044,Preferred,2,2256,2.48,1,0.976
VEN0044,2024-03-18,Preferred Service Vendor 044,Preferred,2,3815,2.85,1,0.9575
VEN0044,2024-03-25,Preferred Service Vendor 044,Preferred,2,6760,2.96,1,0.952
VEN0044,2024-04-01,Preferred Service Vendor 044,Preferred,2,4661,2.16,1,0.992
VEN0044,2024-04-08,Preferred Service Vendor 044,Preferred,2,4819,2.0,0,1.0
VEN0044,2024-04-15,Preferred Service Vendor 044,Preferred,2,2130,1.5,0,1.0
VEN0044,2024-04-22,Preferred Service Vendor 044,Preferred,2,3041,2.27,1,0.9865
VEN0044,2024-04-29,Preferred Service Vendor 044,Preferred,2,5804,2.16,1,0.992
VEN0044,2024-05-06,Preferred Service Vendor 044,Preferred,2,4838,2.63,1,0.9685
VEN0044,2024-05-13,Preferred Service Vendor 044,Preferred,2,4988,1.57,0,1.0
VEN0044,2024-05-20,Preferred Service Vendor 044,Preferred,2,4754,2.54,1,0.973
VEN0044,2024-05-27,Preferred Service Vendor 044,Preferred,2,3836,3.02,1,0.949
VEN0044,2024-06-03,Preferred Service Vendor 044,Preferred,2,4491,3.44,1,0.928
VEN0044,2024-06-10,Preferred Service Vendor 044,Preferred,2,5158,3.26,1,0.937
VEN0044,2024-06-17,Preferred Service Vendor 044,Preferred,2,4550,2.27,1,0.9865
VEN0044,2024-06-24,Preferred Service Vendor 044,Preferred,2,3434,3.85,1,0.9075
VEN0044,2024-07-01,Preferred Service Vendor 044,Preferred,2,3418,1.9,0,1.0
VEN0044,2024-07-08,Preferred Service Vendor 044,Preferred,2,4039,1.1,0,1.0
VEN0044,2024-07-15,Preferred Service Vendor 044,Preferred,2,4285,1.74,0,1.0
VEN0044,2024-07-22,Preferred Service Vendor 044,Preferred,2,3645,0.8,0,1.0
VEN0044,2024-07-29,Preferred Service Vendor 044,Preferred,2,3563,2.61,1,0.9695
VEN0044,2024-08-05,Preferred Service Vendor 044,Preferred,2,3048,3.1,1,0.945
VEN0044,2024-08-12,Preferred Service Vendor 044,Preferred,2,5202,2.76,1,0.962
VEN0044,2024-08-19,Preferred Service Vendor 044,Preferred,2,5899,1.51,0,1.0
VEN0044,2024-08-26,Preferred Service Vendor 044,Preferred,2,3257,0.58,0,1.0
VEN0044,2024-09-02,Preferred Service Vendor 044,Preferred,2,2879,1.99,0,1.0
VEN0044,2024-09-09,Preferred Service Vendor 044,Preferred,2,5221,1.75,0,1.0
VEN0044,2024-09-16,Preferred Service Vendor 044,Preferred,2,2872,1.55,0,1.0
VEN0044,2024-09-23,Preferred Service Vendor 044,Preferred,2,2680,2.15,1,0.9925
VEN0044,2024-09-30,Preferred Service Vendor 044,Preferred,2,2974,2.29,1,0.9855
VEN0044,2024-10-07,Preferred Service Vendor 044,Preferred,2,6510,1.41,0,1.0
VEN0044,2024-10-14,Preferred Service Vendor 044,Preferred,2,3773,1.41,0,1.0
VEN0044,2024-10-21,Preferred Service Vendor 044,Preferred,2,4782,1.09,0,1.0
VEN0044,2024-10-28,Preferred Service Vendor 044,Preferred,2,5308,1.39,0,1.0
VEN0044,2024-11-04,Preferred Service Vendor 044,Preferred,2,5966,1.95,0,1.0
VEN0044,2024-11-11,Preferred Service Vendor 044,Preferred,2,3653,2.0,0,1.0
VEN0044,2024-11-18,Preferred Service Vendor 044,Preferred,2,3725,1.05,0,1.0
VEN0044,2024-11-25,Preferred Service Vendor 044,Preferred,2,4703,0.8,0,1.0
VEN0044,2024-12-02,Preferred Service Vendor 044,Preferred,2,5677,2.32,1,0.984
VEN0044,2024-12-09,Preferred Service Vendor 044,Preferred,2,5224,1.57,0,1.0
VEN0044,2024-12-16,Preferred Service Vendor 044,Preferred,2,4908,2.42,1,0.979
VEN0044,2024-12-23,Preferred Service Vendor 044,Preferred,2,4523,3.88,1,0.906
VEN0044,2024-12-30,Preferred Service Vendor 044,Preferred,2,6072,1.32,0,1.0
VEN0045,2023-01-02,Preferred Service Vendor 045,Preferred,8,5047,11.0,1,0.85
VEN0045,2023-01-09,Preferred Service Vendor 045,Preferred,8,2605,8.63,1,0.9685
VEN0045,2023-01-16,Preferred Service Vendor 045,Preferred,8,2837,9.92,1,0.904
VEN0045,2023-01-23,Preferred Service Vendor 045,Preferred,8,4490,9.27,1,0.9365
VEN0045,2023-01-30,Preferred Service Vendor 045,Preferred,8,3635,5.79,0,1.0
VEN0045,2023-02-06,Preferred Service Vendor 045,Preferred,8,5451,5.55,0,1.0
VEN0045,2023-02-13,Preferred Service Vendor 045,Preferred,8,3732,8.19,1,0.9905
VEN0045,2023-02-20,Preferred Service Vendor 045,Preferred,8,5576,11.16,1,0.842
VEN0045,2023-02-27,Preferred Service Vendor 045,Preferred,8,5084,5.5,0,1.0
VEN0045,2023-03-06,Preferred Service Vendor 045,Preferred,8,6036,7.63,0,1.0
VEN0045,2023-03-13,Preferred Service Vendor 045,Preferred,8,5351,7.82,0,1.0
VEN0045,2023-03-20,Preferred Service Vendor 045,Preferred,8,3726,13.55,1,0.7225
VEN0045,2023-03-27,Preferred Service Vendor 045,Preferred,8,2900,11.89,1,0.8055
VEN0045,2023-04-03,Preferred Service Vendor 045,Preferred,8,2854,9.19,1,0.9405
VEN0045,2023-04-10,Preferred Service Vendor 045,Preferred,8,4088,5.23,0,1.0
VEN0045,2023-04-17,Preferred Service Vendor 045,Preferred,8,5009,12.4,1,0.78
VEN0045,2023-04-24,Preferred Service Vendor 045,Preferred,8,5310,11.9,1,0.805
VEN0045,2023-05-01,Preferred Service Vendor 045,Preferred,8,4126,10.69,1,0.8655
VEN0045,2023-05-08,Preferred Service Vendor 045,Preferred,8,3811,9.77,1,0.9115
VEN0045,2023-05-15,Preferred Service Vendor 045,Preferred,8,1995,7.2,0,1.0
VEN0045,2023-05-22,Preferred Service Vendor 045,Preferred,8,2935,10.6,1,0.87
VEN0045,2023-05-29,Preferred Service Vendor 045,Preferred,8,4788,5.67,0,1.0
VEN0045,2023-06-05,Preferred Service Vendor 045,Preferred,8,3786,11.37,1,0.8315
VEN0045,2023-06-12,Preferred Service Vendor 045,Preferred,8,4607,7.3,0,1.0
VEN0045,2023-06-19,Preferred Service Vendor 045,Preferred,8,4452,10.05,1,0.8975
VEN0045,2023-06-26,Preferred Service Vendor 045,Preferred,8,4011,5.03,0,1.0
VEN0045,2023-07-03,Preferred Service Vendor 045,Preferred,8,4648,13.46,1,0.727
VEN0045,2023-07-10,Preferred Service Vendor 045,Preferred,8,4480,8.67,1,0.9665
VEN0045,2023-07-17,Preferred Service Vendor 045,Preferred,8,2558,12.39,1,0.7805
VEN0045,2023-07-24,Preferred Service Vendor 045,Preferred,8,4728,7.9,0,1.0
VEN0045,2023-07-31,Preferred Service Vendor 045,Preferred,8,1691,8.69,1,0.9655
VEN0045,2023-08-07,Preferred Service Vendor 045,Preferred,8,6154,8.06,1,0.997
VEN0045,2023-08-14,Preferred Service Vendor 045,Preferred,8,4523,8.39,1,0.9805
VEN0045,2023-08-21,Preferred Service Vendor 045,Preferred,8,4256,10.36,1,0.882
VEN0045,2023-08-28,Preferred Service Vendor 045,Preferred,8,5393,12.06,1,0.797
VEN0045,2023-09-04,Preferred Service Vendor 045,Preferred,8,4228,7.33,0,1.0
VEN0045,2023-09-11,Preferred Service Vendor 045,Preferred,8,4148,9.7,1,0.915
VEN0045,2023-09-18,Preferred Service Vendor 045,Preferred,8,3466,11.85,1,0.8075
VEN0045,2023-09-25,Preferred Service Vendor 045,Preferred,8,4540,8.86,1,0.957
VEN0045,2023-10-02,Preferred Service Vendor 045,Preferred,8,6644,10.24,1,0.888
VEN0045,2023-10-09,Preferred Service Vendor 045,Preferred,8,4039,10.11,1,0.8945
VEN0045,2023-10-16,Preferred Service Vendor 045,Preferred,8,3085,10.87,1,0.8565
VEN0045,2023-10-23,Preferred Service Vendor 045,Preferred,8,4441,6.56,0,1.0
VEN0045,2023-10-30,Preferred Service Vendor 045,Preferred,8,5345,9.47,1,0.9265
VEN0045,2023-11-06,Preferred Service Vendor 045,Preferred,8,3313,10.86,1,0.857
VEN0045,2023-11-13,Preferred Service Vendor 045,Preferred,8,4223,6.73,0,1.0
VEN0045,2023-11-20,Preferred Service Vendor 045,Preferred,8,1850,10.28,1,0.886
VEN0045,2023-11-27,Preferred Service Vendor 045,Preferred,8,4564,11.92,1,0.804
VEN0045,2023-12-04,Preferred Service Vendor 045,Preferred,8,3035,6.35,0,1.0
VEN0045,2023-12-11,Preferred Service Vendor 045,Preferred,8,3313,9.89,1,0.9055
VEN0045,2023-12-18,Preferred Service Vendor 045,Preferred,8,4517,7.69,0,1.0
VEN0045,2023-12-25,Preferred Service Vendor 045,Preferred,8,1748,11.56,1,0.822
VEN0045,2024-01-01,Preferred Service Vendor 045,Preferred,8,5304,5.39,0,1.0
VEN0045,2024-01-08,Preferred Service Vendor 045,Preferred,8,5016,6.82,0,1.0
VEN0045,2024-01-15,Preferred Service Vendor 045,Preferred,8,3572,11.66,1,0.817
VEN0045,2024-01-22,Preferred Service Vendor 045,Preferred,8,3620,8.86,1,0.957
VEN0045,2024-01-29,Preferred Service Vendor 045,Preferred,8,5706,8.25,1,0.9875
VEN0045,2024-02-05,Preferred Service Vendor 045,Preferred,8,5111,10.58,1,0.871
VEN0045,2024-02-12,Preferred Service Vendor 045,Preferred,8,2382,11.55,1,0.8225
VEN0045,2024-02-19,Preferred Service Vendor 045,Preferred,8,2310,7.27,0,1.0
VEN0045,2024-02-26,Preferred Service Vendor 045,Preferred,8,5576,10.88,1,0.856
VEN0045,2024-03-04,Preferred Service Vendor 045,Preferred,8,500,10.54,1,0.873
VEN0045,2024-03-11,Preferred Service Vendor 045,Preferred,8,5170,4.26,0,1.0
VEN0045,2024-03-18,Preferred Service Vendor 045,Preferred,8,5841,9.88,1,0.906
VEN0045,2024-03-25,Preferred Service Vendor 045,Preferred,8,2393,11.14,1,0.843
VEN0045,2024-04-01,Preferred Service Vendor 045,Preferred,8,4292,7.32,0,1.0
VEN0045,2024-04-08,Preferred Service Vendor 045,Preferred,8,4124,10.41,1,0.8795
VEN0045,2024-04-15,Preferred Service Vendor 045,Preferred,8,3495,11.56,1,0.822
VEN0045,2024-04-22,Preferred Service Vendor 045,Preferred,8,4425,4.08,0,1.0
VEN0045,2024-04-29,Preferred Service Vendor 045,Preferred,8,2998,11.7,1,0.815
VEN0045,2024-05-06,Preferred Service Vendor 045,Preferred,8,5325,11.9,1,0.805
VEN0045,2024-05-13,Preferred Service Vendor 045,Preferred,8,4617,9.39,1,0.9305
VEN0045,2024-05-20,Preferred Service Vendor 045,Preferred,8,3784,11.93,1,0.8035
VEN0045,2024-05-27,Preferred Service Vendor 045,Preferred,8,5242,12.69,1,0.7655
VEN0045,2024-06-03,Preferred Service Vendor 045,Preferred,8,3551,11.55,1,0.8225
VEN0045,2024-06-10,Preferred Service Vendor 045,Preferred,8,4435,8.71,1,0.9645
VEN0045,2024-06-17,Preferred Service Vendor 045,Preferred,8,5056,8.53,1,0.9735
VEN0045,2024-06-24,Preferred Service Vendor 045,Preferred,8,3692,5.26,0,1.0
VEN0045,2024-07-01,Preferred Service Vendor 045,Preferred,8,2997,7.25,0,1.0
VEN0045,2024-07-08,Preferred Service Vendor 045,Preferred,8,4367,9.7,1,0.915
VEN0045,2024-07-15,Preferred Service Vendor 045,Preferred,8,5017,4.6,0,1.0
VEN0045,2024-07-22,Preferred Service Vendor 045,Preferred,8,4990,9.93,1,0.9035
VEN0045,2024-07-29,Preferred Service Vendor 045,Preferred,8,1953,6.52,0,1.0
VEN0045,2024-08-05,Preferred Service Vendor 045,Preferred,8,4895,11.89,1,0.8055
VEN0045,2024-08-12,Preferred Service Vendor 045,Preferred,8,5020,6.12,0,1.0
VEN0045,2024-08-19,Preferred Service Vendor 045,Preferred,8,5339,10.03,1,0.8985
VEN0045,2024-08-26,Preferred Service Vendor 045,Preferred,8,3276,11.45,1,0.8275
VEN0045,2024-09-02,Preferred Service Vendor 045,Preferred,8,6430,9.56,1,0.922
VEN0045,2024-09-09,Preferred Service Vendor 045,Preferred,8,4570,6.99,0,1.0
VEN0045,2024-09-16,Preferred Service Vendor 045,Preferred,8,5266,8.05,1,0.9975
VEN0045,2024-09-23,Preferred Service Vendor 045,Preferred,8,3743,13.45,1,0.7275
VEN0045,2024-09-30,Preferred Service Vendor 045,Preferred,8,4963,8.12,1,0.994
VEN0045,2024-10-07,Preferred Service Vendor 045,Preferred,8,4491,10.25,1,0.8875
VEN0045,2024-10-14,Preferred Service Vendor 045,Preferred,8,2567,6.14,0,1.0
VEN0045,2024-10-21,Preferred Service Vendor 045,Preferred,8,5279,5.69,0,1.0
VEN0045,2024-10-28,Preferred Service Vendor 045,Preferred,8,2618,7.62,0,1.0
VEN0045,2024-11-04,Preferred Service Vendor 045,Preferred,8,3859,11.93,1,0.8035
VEN0045,2024-11-11,Preferred Service Vendor 045,Preferred,8,4949,9.96,1,0.902
VEN0045,2024-11-18,Preferred Service Vendor 045,Preferred,8,5418,10.44,1,0.878
VEN0045,2024-11-25,Preferred Service Vendor 045,Preferred,8,2432,7.89,0,1.0
VEN0045,2024-12-02,Preferred Service Vendor 045,Preferred,8,4850,7.52,0,1.0
VEN0045,2024-12-09,Preferred Service Vendor 045,Preferred,8,3072,10.01,1,0.8995
VEN0045,2024-12-16,Preferred Service Vendor 045,Preferred,8,3625,7.76,0,1.0
VEN0045,2024-12-23,Preferred Service Vendor 045,Preferred,8,2352,7.74,0,1.0
VEN0045,2024-12-30,Preferred Service Vendor 045,Preferred,8,5526,6.74,0,1.0
VEN0046,2023-01-02,Preferred Service Vendor 046,Preferred,12,2841,14.85,1,0.8575
VEN0046,2023-01-09,Preferred Service Vendor 046,Preferred,12,4064,13.39,1,0.9305
VEN0046,2023-01-16,Preferred Service Vendor 046,Preferred,12,4520,14.91,1,0.8545
VEN0046,2023-01-23,Preferred Service Vendor 046,Preferred,12,3620,15.59,1,0.8205
VEN0046,2023-01-30,Preferred Service Vendor 046,Preferred,12,4594,17.46,1,0.727
VEN0046,2023-02-06,Preferred Service Vendor 046,Preferred,12,4468,17.19,1,0.7405
VEN0046,2023-02-13,Preferred Service Vendor 046,Preferred,12,5559,11.98,0,1.0
VEN0046,2023-02-20,Preferred Service Vendor 046,Preferred,12,4723,12.55,1,0.9725
VEN0046,2023-02-27,Preferred Service Vendor 046,Preferred,12,3817,15.98,1,0.801
VEN0046,2023-03-06,Preferred Service Vendor 046,Preferred,12,4480,12.15,1,0.9925
VEN0046,2023-03-13,Preferred Service Vendor 046,Preferred,12,4641,10.5,0,1.0
VEN0046,2023-03-20,Preferred Service Vendor 046,Preferred,12,4006,10.83,0,1.0
VEN0046,2023-03-27,Preferred Service Vendor 046,Preferred,12,3134,14.33,1,0.8835
VEN0046,2023-04-03,Preferred Service Vendor 046,Preferred,12,5666,17.97,1,0.7015
VEN0046,2023-04-10,Preferred Service Vendor 046,Preferred,12,6254,13.21,1,0.9395
VEN0046,2023-04-17,Preferred Service Vendor 046,Preferred,12,5293,13.52,1,0.924
VEN0046,2023-04-24,Preferred Service Vendor 046,Preferred,12,5478,7.27,0,1.0
VEN0046,2023-05-01,Preferred Service Vendor 046,Preferred,12,6324,12.27,1,0.9865
VEN0046,2023-05-08,Preferred Service Vendor 046,Preferred,12,500,15.94,1,0.803
VEN0046,2023-05-15,Preferred Service Vendor 046,Preferred,12,3154,15.48,1,0.826
VEN0046,2023-05-22,Preferred Service Vendor 046,Preferred,12,4051,8.99,0,1.0
VEN0046,2023-05-29,Preferred Service Vendor 046,Preferred,12,3221,7.64,0,1.0
VEN0046,2023-06-05,Preferred Service Vendor 046,Preferred,12,5059,12.34,1,0.983
VEN0046,2023-06-12,Preferred Service Vendor 046,Preferred,12,6180,18.57,1,0.6715
VEN0046,2023-06-19,Preferred Service Vendor 046,Preferred,12,3533,9.05,0,1.0
VEN0046,2023-06-26,Preferred Service Vendor 046,Preferred,12,6210,12.08,1,0.996
VEN0046,2023-07-03,Preferred Service Vendor 046,Preferred,12,4994,15.4,1,0.83
VEN0046,2023-07-10,Preferred Service Vendor 046,Preferred,12,4277,10.9,0,1.0
VEN0046,2023-07-17,Preferred Service Vendor 046,Preferred,12,2719,11.43,0,1.0
VEN0046,2023-07-24,Preferred Service Vendor 046,Preferred,12,1734,14.68,1,0.866
VEN0046,2023-07-31,Preferred Service Vendor 046,Preferred,12,3210,10.97,0,1.0
VEN0046,2023-08-07,Preferred Service Vendor 046,Preferred,12,2785,10.4,0,1.0
VEN0046,2023-08-14,Preferred Service Vendor 046,Preferred,12,4874,11.3,0,1.0
VEN0046,2023-08-21,Preferred Service Vendor 046,Preferred,12,3447,8.08,0,1.0
VEN0046,2023-08-28,Preferred Service Vendor 046,Preferred,12,4567,15.35,1,0.8325
VEN0046,2023-09-04,Preferred Service Vendor 046,Preferred,12,7096,7.9,0,1.0
VEN0046,2023-09-11,Preferred Service Vendor 046,Preferred,12,5192,17.74,1,0.713
VEN0046,2023-09-18,Preferred Service Vendor 046,Preferred,12,3628,11.69,0,1.0
VEN0046,2023-09-25,Preferred Service Vendor 046,Preferred,12,2983,15.71,1,0.8145
VEN0046,2023-10-02,Preferred Service Vendor 046,Preferred,12,3055,12.32,1,0.984
VEN0046,2023-10-09,Preferred Service Vendor 046,Preferred,12,4705,15.94,1,0.803
VEN0046,2023-10-16,Preferred Service Vendor 046,Preferred,12,6226,10.26,0,1.0
VEN0046,2023-10-23,Preferred Service Vendor 046,Preferred,12,4313,14.39,1,0.8805
VEN0046,2023-10-30,Preferred Service Vendor 046,Preferred,12,3083,11.03,0,1.0
VEN0046,2023-11-06,Preferred Service Vendor 046,Preferred,12,3829,14.36,1,0.882
VEN0046,2023-11-13,Preferred Service Vendor 046,Preferred,12,4657,9.05,0,1.0
VEN0046,2023-11-20,Preferred Service Vendor 046,Preferred,12,7048,17.08,1,0.746
VEN0046,2023-11-27,Preferred Service Vendor 046,Preferred,12,4388,13.36,1,0.932
VEN0046,2023-12-04,Preferred Service Vendor 046,Preferred,12,6435,16.18,1,0.791
VEN0046,2023-12-11,Preferred Service Vendor 046,Preferred,12,2708,10.75,0,1.0
VEN0046,2023-12-18,Preferred Service Vendor 046,Preferred,12,3747,8.57,0,1.0
VEN0046,2023-12-25,Preferred Service Vendor 046,Preferred,12,2616,14.2,1,0.89
VEN0046,2024-01-01,Preferred Service Vendor 046,Preferred,12,5606,10.89,0,1.0
VEN0046,2024-01-08,Preferred Service Vendor 046,Preferred,12,3369,17.04,1,0.748
VEN0046,2024-01-15,Preferred Service Vendor 046,Preferred,12,4614,16.64,1,0.768
VEN0046,2024-01-22,Preferred Service Vendor 046,Preferred,12,5679,10.66,0,1.0
VEN0046,2024-01-29,Preferred Service Vendor 046,Preferred,12,5087,10.93,0,1.0
VEN0046,2024-02-05,Preferred Service Vendor 046,Preferred,12,3445,9.55,0,1.0
VEN0046,2024-02-12,Preferred Service Vendor 046,Preferred,12,3517,13.84,1,0.908
VEN0046,2024-02-19,Preferred Service Vendor 046,Preferred,12,4399,14.2,1,0.89
VEN0046,2024-02-26,Preferred Service Vendor 046,Preferred,12,2893,10.86,0,1.0
VEN0046,2024-03-04,Preferred Service Vendor 046,Preferred,12,2774,16.93,1,0.7535
VEN0046,2024-03-11,Preferred Service Vendor 046,Preferred,12,4396,13.78,1,0.911
VEN0046,2024-03-18,Preferred Service Vendor 046,Preferred,12,4277,15.01,1,0.8495
VEN0046,2024-03-25,Preferred Service Vendor 046,Preferred,12,5896,14.95,1,0.8525
VEN0046,2024-04-01,Preferred Service Vendor 046,Preferred,12,2944,14.31,1,0.8845
VEN0046,2024-04-08,Preferred Service Vendor 046,Preferred,12,5294,15.29,1,0.8355
VEN0046,2024-04-15,Preferred Service Vendor 046,Preferred,12,4577,10.02,0,1.0
VEN0046,2024-04-22,Preferred Service Vendor 046,Preferred,12,5820,15.91,1,0.8045
VEN0046,2024-04-29,Preferred Service Vendor 046,Preferred,12,5356,14.57,1,0.8715
VEN0046,2024-05-06,Preferred Service Vendor 046,Preferred,12,4517,13.64,1,0.918
VEN0046,2024-05-13,Preferred Service Vendor 046,Preferred,12,3450,17.85,1,0.7075
VEN0046,2024-05-20,Preferred Service Vendor 046,Preferred,12,4384,9.69,0,1.0
VEN0046,2024-05-27,Preferred Service Vendor 046,Preferred,12,4252,16.13,1,0.7935
VEN0046,2024-06-03,Preferred Service Vendor 046,Preferred,12,3288,16.43,1,0.7785
VEN0046,2024-06-10,Preferred Service Vendor 046,Preferred,12,3370,10.14,0,1.0
VEN0046,2024-06-17,Preferred Service Vendor 046,Preferred,12,5007,18.05,1,0.6975
VEN0046,2024-06-24,Preferred Service Vendor 046,Preferred,12,3977,12.29,1,0.9855
VEN0046,2024-07-01,Preferred Service Vendor 046,Preferred,12,4019,8.35,0,1.0
VEN0046,2024-07-08,Preferred Service Vendor 046,Preferred,12,5229,9.89,0,1.0
VEN0046,2024-07-15,Preferred Service Vendor 046,Preferred,12,4664,16.32,1,0.784
VEN0046,2024-07-22,Preferred Service Vendor 046,Preferred,12,3009,17.79,1,0.7105
VEN0046,2024-07-29,Preferred Service Vendor 046,Preferred,12,2550,16.15,1,0.7925
VEN0046,2024-08-05,Preferred Service Vendor 046,Preferred,12,5014,8.87,0,1.0
VEN0046,2024-08-12,Preferred Service Vendor 046,Preferred,12,2960,10.98,0,1.0
VEN0046,2024-08-19,Preferred Service Vendor 046,Preferred,12,4718,12.3,1,0.985
VEN0046,2024-08-26,Preferred Service Vendor 046,Preferred,12,4325,16.27,1,0.7865
VEN0046,2024-09-02,Preferred Service Vendor 046,Preferred,12,6087,16.7,1,0.765
VEN0046,2024-09-09,Preferred Service Vendor 046,Preferred,12,3616,16.09,1,0.7955
VEN0046,2024-09-16,Preferred Service Vendor 046,Preferred,12,4248,13.41,1,0.9295
VEN0046,2024-09-23,Preferred Service Vendor 046,Preferred,12,5026,12.21,1,0.9895
VEN0046,2024-09-30,Preferred Service Vendor 046,Preferred,12,6609,9.71,0,1.0
VEN0046,2024-10-07,Preferred Service Vendor 046,Preferred,12,1962,8.06,0,1.0
VEN0046,2024-10-14,Preferred Service Vendor 046,Preferred,12,4102,13.37,1,0.9315
VEN0046,2024-10-21,Preferred Service Vendor 046,Preferred,12,2698,13.02,1,0.949
VEN0046,2024-10-28,Preferred Service Vendor 046,Preferred,12,4927,17.43,1,0.7285
VEN0046,2024-11-04,Preferred Service Vendor 046,Preferred,12,5411,16.67,1,0.7665
VEN0046,2024-11-11,Preferred Service Vendor 046,Preferred,12,4875,15.51,1,0.8245
VEN0046,2024-11-18,Preferred Service Vendor 046,Preferred,12,4541,17.21,1,0.7395
VEN0046,2024-11-25,Preferred Service Vendor 046,Preferred,12,3327,16.56,1,0.772
VEN0046,2024-12-02,Preferred Service Vendor 046,Preferred,12,4011,12.09,1,0.9955
VEN0046,2024-12-09,Preferred Service Vendor 046,Preferred,12,4257,8.77,0,1.0
VEN0046,2024-12-16,Preferred Service Vendor 046,Preferred,12,2584,9.22,0,1.0
VEN0046,2024-12-23,Preferred Service Vendor 046,Preferred,12,3931,15.07,1,0.8465
VEN0046,2024-12-30,Preferred Service Vendor 046,Preferred,12,4947,14.81,1,0.8595
VEN0047,2023-01-02,Preferred Service Vendor 047,Preferred,4,3752,2.4,0,1.0
VEN0047,2023-01-09,Preferred Service Vendor 047,Preferred,4,4434,3.3,0,1.0
VEN0047,2023-01-16,Preferred Service Vendor 047,Preferred,4,5307,5.45,1,0.9275
VEN0047,2023-01-23,Preferred Service Vendor 047,Preferred,4,2809,5.59,1,0.9205
VEN0047,2023-01-30,Preferred Service Vendor 047,Preferred,4,6104,5.03,1,0.9485
VEN0047,2023-02-06,Preferred Service Vendor 047,Preferred,4,8119,4.37,1,0.9815
VEN0047,2023-02-13,Preferred Service Vendor 047,Preferred,4,5293,3.39,0,1.0
VEN0047,2023-02-20,Preferred Service Vendor 047,Preferred,4,6913,4.78,1,0.961
VEN0047,2023-02-27,Preferred Service Vendor 047,Preferred,4,4027,2.03,0,1.0
VEN0047,2023-03-06,Preferred Service Vendor 047,Preferred,4,5823,4.95,1,0.9525
VEN0047,2023-03-13,Preferred Service Vendor 047,Preferred,4,4928,3.28,0,1.0
VEN0047,2023-03-20,Preferred Service Vendor 047,Preferred,4,3736,3.0,0,1.0
VEN0047,2023-03-27,Preferred Service Vendor 047,Preferred,4,4726,4.09,1,0.9955
VEN0047,2023-04-03,Preferred Service Vendor 047,Preferred,4,3794,3.3,0,1.0
VEN0047,2023-04-10,Preferred Service Vendor 047,Preferred,4,4382,5.01,1,0.9495
VEN0047,2023-04-17,Preferred Service Vendor 047,Preferred,4,3581,5.11,1,0.9445
VEN0047,2023-04-24,Preferred Service Vendor 047,Preferred,4,4238,3.29,0,1.0
VEN0047,2023-05-01,Preferred Service Vendor 047,Preferred,4,4553,4.75,1,0.9625
VEN0047,2023-05-08,Preferred Service Vendor 047,Preferred,4,4380,3.17,0,1.0
VEN0047,2023-05-15,Preferred Service Vendor 047,Preferred,4,4157,5.13,1,0.9435
VEN0047,2023-05-22,Preferred Service Vendor 047,Preferred,4,3924,4.71,1,0.9645
VEN0047,2023-05-29,Preferred Service Vendor 047,Preferred,4,3601,1.15,0,1.0
VEN0047,2023-06-05,Preferred Service Vendor 047,Preferred,4,5511,6.24,1,0.888
VEN0047,2023-06-12,Preferred Service Vendor 047,Preferred,4,3207,4.34,1,0.983
VEN0047,2023-06-19,Preferred Service Vendor 047,Preferred,4,4040,3.18,0,1.0
VEN0047,2023-06-26,Preferred Service Vendor 047,Preferred,4,5239,4.75,1,0.9625
VEN0047,2023-07-03,Preferred Service Vendor 047,Preferred,4,2354,6.64,1,0.868
VEN0047,2023-07-10,Preferred Service Vendor 047,Preferred,4,3910,3.78,0,1.0
VEN0047,2023-07-17,Preferred Service Vendor 047,Preferred,4,4416,2.78,0,1.0
VEN0047,2023-07-24,Preferred Service Vendor 047,Preferred,4,5282,3.74,0,1.0
VEN0047,2023-07-31,Preferred Service Vendor 047,Preferred,4,7079,5.73,1,0.9135
VEN0047,2023-08-07,Preferred Service Vendor 047,Preferred,4,3494,5.44,1,0.928
VEN0047,2023-08-14,Preferred Service Vendor 047,Preferred,4,1946,2.55,0,1.0
VEN0047,2023-08-21,Preferred Service Vendor 047,Preferred,4,3875,3.46,0,1.0
VEN0047,2023-08-28,Preferred Service Vendor 047,Preferred,4,6873,3.37,0,1.0
VEN0047,2023-09-04,Preferred Service Vendor 047,Preferred,4,5239,6.0,1,0.9
VEN0047,2023-09-11,Preferred Service Vendor 047,Preferred,4,3277,4.67,1,0.9665
VEN0047,2023-09-18,Preferred Service Vendor 047,Preferred,4,6003,6.1,1,0.895
VEN0047,2023-09-25,Preferred Service Vendor 047,Preferred,4,3503,3.65,0,1.0
VEN0047,2023-10-02,Preferred Service Vendor 047,Preferred,4,4998,5.67,1,0.9165
VEN0047,2023-10-09,Preferred Service Vendor 047,Preferred,4,4718,3.37,0,1.0
VEN0047,2023-10-16,Preferred Service Vendor 047,Preferred,4,3832,3.86,0,1.0
VEN0047,2023-10-23,Preferred Service Vendor 047,Preferred,4,4260,3.91,0,1.0
VEN0047,2023-10-30,Preferred Service Vendor 047,Preferred,4,3567,3.82,0,1.0
VEN0047,2023-11-06,Preferred Service Vendor 047,Preferred,4,5410,5.92,1,0.904
VEN0047,2023-11-13,Preferred Service Vendor 047,Preferred,4,4628,4.89,1,0.9555
VEN0047,2023-11-20,Preferred Service Vendor 047,Preferred,4,4218,4.85,1,0.9575
VEN0047,2023-11-27,Preferred Service Vendor 047,Preferred,4,3689,5.0,1,0.95
VEN0047,2023-12-04,Preferred Service Vendor 047,Preferred,4,6890,4.32,1,0.984
VEN0047,2023-12-11,Preferred Service Vendor 047,Preferred,4,4370,3.45,0,1.0
VEN0047,2023-12-18,Preferred Service Vendor 047,Preferred,4,4041,5.21,1,0.9395
VEN0047,2023-12-25,Preferred Service Vendor 047,Preferred,4,3971,4.07,1,0.9965
VEN0047,2024-01-01,Preferred Service Vendor 047,Preferred,4,1621,7.36,1,0.832
VEN0047,2024-01-08,Preferred Service Vendor 047,Preferred,4,2826,2.88,0,1.0
VEN0047,2024-01-15,Preferred Service Vendor 047,Preferred,4,5278,5.29,1,0.9355
VEN0047,2024-01-22,Preferred Service Vendor 047,Preferred,4,2023,5.68,1,0.916
VEN0047,2024-01-29,Preferred Service Vendor 047,Preferred,4,3095,5.89,1,0.9055
VEN0047,2024-02-05,Preferred Service Vendor 047,Preferred,4,6539,5.49,1,0.9255
VEN0047,2024-02-12,Preferred Service Vendor 047,Preferred,4,4053,6.92,1,0.854
VEN0047,2024-02-19,Preferred Service Vendor 047,Preferred,4,5421,6.38,1,0.881
VEN0047,2024-02-26,Preferred Service Vendor 047,Preferred,4,2741,5.38,1,0.931
VEN0047,2024-03-04,Preferred Service Vendor 047,Preferred,4,2579,3.92,0,1.0
VEN0047,2024-03-11,Preferred Service Vendor 047,Preferred,4,4103,2.12,0,1.0
VEN0047,2024-03-18,Preferred Service Vendor 047,Preferred,4,2866,6.61,1,0.8695
VEN0047,2024-03-25,Preferred Service Vendor 047,Preferred,4,6340,5.27,1,0.9365
VEN0047,2024-04-01,Preferred Service Vendor 047,Preferred,4,4654,2.93,0,1.0
VEN0047,2024-04-08,Preferred Service Vendor 047,Preferred,4,3589,4.47,1,0.9765
VEN0047,2024-04-15,Preferred Service Vendor 047,Preferred,4,6057,4.26,1,0.987
VEN0047,2024-04-22,Preferred Service Vendor 047,Preferred,4,4389,3.03,0,1.0
VEN0047,2024-04-29,Preferred Service Vendor 047,Preferred,4,4120,3.03,0,1.0
VEN0047,2024-05-06,Preferred Service Vendor 047,Preferred,4,4940,5.6,1,0.92
VEN0047,2024-05-13,Preferred Service Vendor 047,Preferred,4,2211,4.76,1,0.962
VEN0047,2024-05-20,Preferred Service Vendor 047,Preferred,4,2102,6.09,1,0.8955
VEN0047,2024-05-27,Preferred Service Vendor 047,Preferred,4,4280,4.93,1,0.9535
VEN0047,2024-06-03,Preferred Service Vendor 047,Preferred,4,5016,3.83,0,1.0
VEN0047,2024-06-10,Preferred Service Vendor 047,Preferred,4,4684,5.1,1,0.945
VEN0047,2024-06-17,Preferred Service Vendor 047,Preferred,4,5247,4.18,1,0.991
VEN0047,2024-06-24,Preferred Service Vendor 047,Preferred,4,4914,5.84,1,0.908
VEN0047,2024-07-01,Preferred Service Vendor 047,Preferred,4,4535,3.89,0,1.0
VEN0047,2024-07-08,Preferred Service Vendor 047,Preferred,4,5741,2.59,0,1.0
VEN0047,2024-07-15,Preferred Service Vendor 047,Preferred,4,2483,3.46,0,1.0
VEN0047,2024-07-22,Preferred Service Vendor 047,Preferred,4,5272,3.59,0,1.0
VEN0047,2024-07-29,Preferred Service Vendor 047,Preferred,4,5085,2.47,0,1.0
VEN0047,2024-08-05,Preferred Service Vendor 047,Preferred,4,4244,4.53,1,0.9735
VEN0047,2024-08-12,Preferred Service Vendor 047,Preferred,4,4190,4.58,1,0.971
VEN0047,2024-08-19,Preferred Service Vendor 047,Preferred,4,5706,5.66,1,0.917
VEN0047,2024-08-26,Preferred Service Vendor 047,Preferred,4,4344,2.17,0,1.0
VEN0047,2024-09-02,Preferred Service Vendor 047,Preferred,4,4735,3.55,0,1.0
VEN0047,2024-09-09,Preferred Service Vendor 047,Preferred,4,4529,3.82,0,1.0
VEN0047,2024-09-16,Preferred Service Vendor 047,Preferred,4,4199,5.04,1,0.948
VEN0047,2024-09-23,Preferred Service Vendor 047,Preferred,4,4442,3.52,0,1.0
VEN0047,2024-09-30,Preferred Service Vendor 047,Preferred,4,5204,4.21,1,0.9895
VEN0047,2024-10-07,Preferred Service Vendor 047,Preferred,4,5073,3.59,0,1.0
VEN0047,2024-10-14,Preferred Service Vendor 047,Preferred,4,4058,3.66,0,1.0
VEN0047,2024-10-21,Preferred Service Vendor 047,Preferred,4,500,4.96,1,0.952
VEN0047,2024-10-28,Preferred Service Vendor 047,Preferred,4,5372,6.34,1,0.883
VEN0047,2024-11-04,Preferred Service Vendor 047,Preferred,4,4169,3.0,0,1.0
VEN0047,2024-11-11,Preferred Service Vendor 047,Preferred,4,3529,3.27,0,1.0
VEN0047,2024-11-18,Preferred Service Vendor 047,Preferred,4,5495,4.45,1,0.9775
VEN0047,2024-11-25,Preferred Service Vendor 047,Preferred,4,4044,4.35,1,0.9825
VEN0047,2024-12-02,Preferred Service Vendor 047,Preferred,4,5544,1.96,0,1.0
VEN0047,2024-12-09,Preferred Service Vendor 047,Preferred,4,3480,3.26,0,1.0
VEN0047,2024-12-16,Preferred Service Vendor 047,Preferred,4,2524,4.22,1,0.989
VEN0047,2024-12-23,Preferred Service Vendor 047,Preferred,4,4534,4.82,1,0.959
VEN0047,2024-12-30,Preferred Service Vendor 047,Preferred,4,3695,4.16,1,0.992
VEN0048,2023-01-02,Preferred Service Vendor 048,Preferred,8,4526,8.71,1,0.9645
VEN0048,2023-01-09,Preferred Service Vendor 048,Preferred,8,2001,6.66,0,1.0
VEN0048,2023-01-16,Preferred Service Vendor 048,Preferred,8,3711,6.24,0,1.0
VEN0048,2023-01-23,Preferred Service Vendor 048,Preferred,8,5248,10.63,1,0.8685
VEN0048,2023-01-30,Preferred Service Vendor 048,Preferred,8,3558,3.55,0,1.0
VEN0048,2023-02-06,Preferred Service Vendor 048,Preferred,8,4332,12.97,1,0.7515
VEN0048,2023-02-13,Preferred Service Vendor 048,Preferred,8,4481,9.53,1,0.9235
VEN0048,2023-02-20,Preferred Service Vendor 048,Preferred,8,5603,6.0,0,1.0
VEN0048,2023-02-27,Preferred Service Vendor 048,Preferred,8,4321,5.16,0,1.0
VEN0048,2023-03-06,Preferred Service Vendor 048,Preferred,8,4152,9.3,1,0.935
VEN0048,2023-03-13,Preferred Service Vendor 048,Preferred,8,4817,11.1,1,0.845
VEN0048,2023-03-20,Preferred Service Vendor 048,Preferred,8,3680,7.71,0,1.0
VEN0048,2023-03-27,Preferred Service Vendor 048,Preferred,8,4585,11.64,1,0.818
VEN0048,2023-04-03,Preferred Service Vendor 048,Preferred,8,1359,4.96,0,1.0
VEN0048,2023-04-10,Preferred Service Vendor 048,Preferred,8,6039,9.59,1,0.9205
VEN0048,2023-04-17,Preferred Service Vendor 048,Preferred,8,3140,6.96,0,1.0
VEN0048,2023-04-24,Preferred Service Vendor 048,Preferred,8,3690,11.52,1,0.824
VEN0048,2023-05-01,Preferred Service Vendor 048,Preferred,8,4854,6.27,0,1.0
VEN0048,2023-05-08,Preferred Service Vendor 048,Preferred,8,3885,7.72,0,1.0
VEN0048,2023-05-15,Preferred Service Vendor 048,Preferred,8,3524,6.45,0,1.0
VEN0048,2023-05-22,Preferred Service Vendor 048,Preferred,8,4155,9.97,1,0.9015
VEN0048,2023-05-29,Preferred Service Vendor 048,Preferred,8,2768,8.13,1,0.9935
VEN0048,2023-06-05,Preferred Service Vendor 048,Preferred,8,3701,10.34,1,0.883
VEN0048,2023-06-12,Preferred Service Vendor 048,Preferred,8,3496,10.78,1,0.861
VEN0048,2023-06-19,Preferred Service Vendor 048,Preferred,8,4677,7.16,0,1.0
VEN0048,2023-06-26,Preferred Service Vendor 048,Preferred,8,4647,6.56,0,1.0
VEN0048,2023-07-03,Preferred Service Vendor 048,Preferred,8,5027,5.46,0,1.0
VEN0048,2023-07-10,Preferred Service Vendor 048,Preferred,8,3236,14.18,1,0.691
VEN0048,2023-07-17,Preferred Service Vendor 048,Preferred,8,4661,10.35,1,0.8825
VEN0048,2023-07-24,Preferred Service Vendor 048,Preferred,8,3787,9.28,1,0.936
VEN0048,2023-07-31,Preferred Service Vendor 048,Preferred,8,4270,10.78,1,0.861
VEN0048,2023-08-07,Preferred Service Vendor 048,Preferred,8,2396,7.57,0,1.0
VEN0048,2023-08-14,Preferred Service Vendor 048,Preferred,8,5457,9.66,1,0.917
VEN0048,2023-08-21,Preferred Service Vendor 048,Preferred,8,5368,7.59,0,1.0
VEN0048,2023-08-28,Preferred Service Vendor 048,Preferred,8,4224,10.93,1,0.8535
VEN0048,2023-09-04,Preferred Service Vendor 048,Preferred,8,2368,8.3,1,0.985
VEN0048,2023-09-11,Preferred Service Vendor 048,Preferred,8,3651,8.11,1,0.9945
VEN0048,2023-09-18,Preferred Service Vendor 048,Preferred,8,3063,9.88,1,0.906
VEN0048,2023-09-25,Preferred Service Vendor 048,Preferred,8,3590,10.75,1,0.8625
VEN0048,2023-10-02,Preferred Service Vendor 048,Preferred,8,4778,5.52,0,1.0
VEN0048,2023-10-09,Preferred Service Vendor 048,Preferred,8,3455,8.31,1,0.9845
VEN0048,2023-10-16,Preferred Service Vendor 048,Preferred,8,5151,9.7,1,0.915
VEN0048,2023-10-23,Preferred Service Vendor 048,Preferred,8,4097,10.55,1,0.8725
VEN0048,2023-10-30,Preferred Service Vendor 048,Preferred,8,4445,10.08,1,0.896
VEN0048,2023-11-06,Preferred Service Vendor 048,Preferred,8,4037,12.76,1,0.762
VEN0048,2023-11-13,Preferred Service Vendor 048,Preferred,8,4412,9.18,1,0.941
VEN0048,2023-11-20,Preferred Service Vendor 048,Preferred,8,5288,6.99,0,1.0
VEN0048,2023-11-27,Preferred Service Vendor 048,Preferred,8,3299,10.27,1,0.8865
VEN0048,2023-12-04,Preferred Service Vendor 048,Preferred,8,3890,9.68,1,0.916
VEN0048,2023-12-11,Preferred Service Vendor 048,Preferred,8,6132,8.61,1,0.9695
VEN0048,2023-12-18,Preferred Service Vendor 048,Preferred,8,5517,13.23,1,0.7385
VEN0048,2023-12-25,Preferred Service Vendor 048,Preferred,8,4711,13.58,1,0.721
VEN0048,2024-01-01,Preferred Service Vendor 048,Preferred,8,5515,9.2,1,0.94
VEN0048,2024-01-08,Preferred Service Vendor 048,Preferred,8,3835,4.82,0,1.0
VEN0048,2024-01-15,Preferred Service Vendor 048,Preferred,8,5311,9.09,1,0.9455
VEN0048,2024-01-22,Preferred Service Vendor 048,Preferred,8,6253,6.9,0,1.0
VEN0048,2024-01-29,Preferred Service Vendor 048,Preferred,8,5170,7.01,0,1.0
VEN0048,2024-02-05,Preferred Service Vendor 048,Preferred,8,5471,8.81,1,0.9595
VEN0048,2024-02-12,Preferred Service Vendor 048,Preferred,8,4683,6.29,0,1.0
VEN0048,2024-02-19,Preferred Service Vendor 048,Preferred,8,6675,8.18,1,0.991
VEN0048,2024-02-26,Preferred Service Vendor 048,Preferred,8,3597,6.97,0,1.0
VEN0048,2024-03-04,Preferred Service Vendor 048,Preferred,8,5255,8.67,1,0.9665
VEN0048,2024-03-11,Preferred Service Vendor 048,Preferred,8,4894,11.61,1,0.8195
VEN0048,2024-03-18,Preferred Service Vendor 048,Preferred,8,2242,10.11,1,0.8945
VEN0048,2024-03-25,Preferred Service Vendor 048,Preferred,8,3793,10.08,1,0.896
VEN0048,2024-04-01,Preferred Service Vendor 048,Preferred,8,5041,9.53,1,0.9235
VEN0048,2024-04-08,Preferred Service Vendor 048,Preferred,8,2904,10.14,1,0.893
VEN0048,2024-04-15,Preferred Service Vendor 048,Preferred,8,5358,7.33,0,1.0
VEN0048,2024-04-22,Preferred Service Vendor 048,Preferred,8,4638,10.86,1,0.857
VEN0048,2024-04-29,Preferred Service Vendor 048,Preferred,8,3339,9.84,1,0.908
VEN0048,2024-05-06,Preferred Service Vendor 048,Preferred,8,5321,8.86,1,0.957
VEN0048,2024-05-13,Preferred Service Vendor 048,Preferred,8,2606,5.98,0,1.0
VEN0048,2024-05-20,Preferred Service Vendor 048,Preferred,8,4360,10.31,1,0.8845
VEN0048,2024-05-27,Preferred Service Vendor 048,Preferred,8,6403,10.47,1,0.8765
VEN0048,2024-06-03,Preferred Service Vendor 048,Preferred,8,2785,10.89,1,0.8555
VEN0048,2024-06-10,Preferred Service Vendor 048,Preferred,8,4997,4.99,0,1.0
VEN0048,2024-06-17,Preferred Service Vendor 048,Preferred,8,4601,11.44,1,0.828
VEN0048,2024-06-24,Preferred Service Vendor 048,Preferred,8,4671,11.54,1,0.823
VEN0048,2024-07-01,Preferred Service Vendor 048,Preferred,8,4134,8.44,1,0.978
VEN0048,2024-07-08,Preferred Service Vendor 048,Preferred,8,3820,8.44,1,0.978
VEN0048,2024-07-15,Preferred Service Vendor 048,Preferred,8,5076,7.67,0,1.0
VEN0048,2024-07-22,Preferred Service Vendor 048,Preferred,8,5864,11.54,1,0.823
VEN0048,2024-07-29,Preferred Service Vendor 048,Preferred,8,4721,8.9,1,0.955
VEN0048,2024-08-05,Preferred Service Vendor 048,Preferred,8,4482,7.24,0,1.0
VEN0048,2024-08-12,Preferred Service Vendor 048,Preferred,8,5677,7.28,0,1.0
VEN0048,2024-08-19,Preferred Service Vendor 048,Preferred,8,4096,8.16,1,0.992
VEN0048,2024-08-26,Preferred Service Vendor 048,Preferred,8,5510,10.47,1,0.8765
VEN0048,2024-09-02,Preferred Service Vendor 048,Preferred,8,5289,5.95,0,1.0
VEN0048,2024-09-09,Preferred Service Vendor 048,Preferred,8,3957,7.39,0,1.0
VEN0048,2024-09-16,Preferred Service Vendor 048,Preferred,8,5438,11.85,1,0.8075
VEN0048,2024-09-23,Preferred Service Vendor 048,Preferred,8,7743,9.5,1,0.925
VEN0048,2024-09-30,Preferred Service Vendor 048,Preferred,8,4992,12.5,1,0.775
VEN0048,2024-10-07,Preferred Service Vendor 048,Preferred,8,3089,12.83,1,0.7585
VEN0048,2024-10-14,Preferred Service Vendor 048,Preferred,8,4057,5.68,0,1.0
VEN0048,2024-10-21,Preferred Service Vendor 048,Preferred,8,5000,9.81,1,0.9095
VEN0048,2024-10-28,Preferred Service Vendor 048,Preferred,8,2811,13.08,1,0.746
VEN0048,2024-11-04,Preferred Service Vendor 048,Preferred,8,2706,9.79,1,0.9105
VEN0048,2024-11-11,Preferred Service Vendor 048,Preferred,8,4121,7.67,0,1.0
VEN0048,2024-11-18,Preferred Service Vendor 048,Preferred,8,3085,11.82,1,0.809
VEN0048,2024-11-25,Preferred Service Vendor 048,Preferred,8,2737,5.48,0,1.0
VEN0048,2024-12-02,Preferred Service Vendor 048,Preferred,8,4200,6.42,0,1.0
VEN0048,2024-12-09,Preferred Service Vendor 048,Preferred,8,3432,10.84,1,0.858
VEN0048,2024-12-16,Preferred Service Vendor 048,Preferred,8,3896,5.66,0,1.0
VEN0048,2024-12-23,Preferred Service Vendor 048,Preferred,8,6380,8.24,1,0.988
VEN0048,2024-12-30,Preferred Service Vendor 048,Preferred,8,4714,5.56,0,1.0
VEN0049,2023-01-02,Preferred Service Vendor 049,Strategic,4,3728,6.73,1,0.8635
VEN0049,2023-01-09,Preferred Service Vendor 049,Strategic,4,3982,4.6,1,0.97
VEN0049,2023-01-16,Preferred Service Vendor 049,Strategic,4,2363,3.25,0,1.0
VEN0049,2023-01-23,Preferred Service Vendor 049,Strategic,4,3030,6.48,1,0.876
VEN0049,2023-01-30,Preferred Service Vendor 049,Strategic,4,5041,3.27,0,1.0
VEN0049,2023-02-06,Preferred Service Vendor 049,Strategic,4,1130,4.56,1,0.972
VEN0049,2023-02-13,Preferred Service Vendor 049,Strategic,4,4039,4.24,1,0.988
VEN0049,2023-02-20,Preferred Service Vendor 049,Strategic,4,4696,4.36,1,0.982
VEN0049,2023-02-27,Preferred Service Vendor 049,Strategic,4,5815,5.87,1,0.9065
VEN0049,2023-03-06,Preferred Service Vendor 049,Strategic,4,4379,2.95,0,1.0
VEN0049,2023-03-13,Preferred Service Vendor 049,Strategic,4,5499,3.66,0,1.0
VEN0049,2023-03-20,Preferred Service Vendor 049,Strategic,4,4507,3.21,0,1.0
VEN0049,2023-03-27,Preferred Service Vendor 049,Strategic,4,5514,6.33,1,0.8835
VEN0049,2023-04-03,Preferred Service Vendor 049,Strategic,4,4374,6.28,1,0.886
VEN0049,2023-04-10,Preferred Service Vendor 049,Strategic,4,3884,3.19,0,1.0
VEN0049,2023-04-17,Preferred Service Vendor 049,Strategic,4,2967,6.65,1,0.8675
VEN0049,2023-04-24,Preferred Service Vendor 049,Strategic,4,4076,3.38,0,1.0
VEN0049,2023-05-01,Preferred Service Vendor 049,Strategic,4,3083,3.27,0,1.0
VEN0049,2023-05-08,Preferred Service Vendor 049,Strategic,4,2572,6.62,1,0.869
VEN0049,2023-05-15,Preferred Service Vendor 049,Strategic,4,5694,3.95,0,1.0
VEN0049,2023-05-22,Preferred Service Vendor 049,Strategic,4,3383,4.2,1,0.99
VEN0049,2023-05-29,Preferred Service Vendor 049,Strategic,4,1476,5.05,1,0.9475
VEN0049,2023-06-05,Preferred Service Vendor 049,Strategic,4,3783,5.6,1,0.92
VEN0049,2023-06-12,Preferred Service Vendor 049,Strategic,4,4422,4.61,1,0.9695
VEN0049,2023-06-19,Preferred Service Vendor 049,Strategic,4,6346,3.11,0,1.0
VEN0049,2023-06-26,Preferred Service Vendor 049,Strategic,4,2455,3.3,0,1.0
VEN0049,2023-07-03,Preferred Service Vendor 049,Strategic,4,4299,6.03,1,0.8985
VEN0049,2023-07-10,Preferred Service Vendor 049,Strategic,4,5341,3.29,0,1.0
VEN0049,2023-07-17,Preferred Service Vendor 049,Strategic,4,2981,5.92,1,0.904
VEN0049,2023-07-24,Preferred Service Vendor 049,Strategic,4,4817,5.16,1,0.942
VEN0049,2023-07-31,Preferred Service Vendor 049,Strategic,4,5795,3.61,0,1.0
VEN0049,2023-08-07,Preferred Service Vendor 049,Strategic,4,5112,5.05,1,0.9475
VEN0049,2023-08-14,Preferred Service Vendor 049,Strategic,4,4111,3.37,0,1.0
VEN0049,2023-08-21,Preferred Service Vendor 049,Strategic,4,2460,3.88,0,1.0
VEN0049,2023-08-28,Preferred Service Vendor 049,Strategic,4,5056,3.19,0,1.0
VEN0049,2023-09-04,Preferred Service Vendor 049,Strategic,4,2065,6.98,1,0.851
VEN0049,2023-09-11,Preferred Service Vendor 049,Strategic,4,4268,6.27,1,0.8865
VEN0049,2023-09-18,Preferred Service Vendor 049,Strategic,4,5476,5.21,1,0.9395
VEN0049,2023-09-25,Preferred Service Vendor 049,Strategic,4,3373,2.69,0,1.0
VEN0049,2023-10-02,Preferred Service Vendor 049,Strategic,4,5368,3.58,0,1.0
VEN0049,2023-10-09,Preferred Service Vendor 049,Strategic,4,3983,3.58,0,1.0
VEN0049,2023-10-16,Preferred Service Vendor 049,Strategic,4,5044,2.65,0,1.0
VEN0049,2023-10-23,Preferred Service Vendor 049,Strategic,4,5982,4.98,1,0.951
VEN0049,2023-10-30,Preferred Service Vendor 049,Strategic,4,4988,3.67,0,1.0
VEN0049,2023-11-06,Preferred Service Vendor 049,Strategic,4,5234,4.73,1,0.9635
VEN0049,2023-11-13,Preferred Service Vendor 049,Strategic,4,4933,6.48,1,0.876
VEN0049,2023-11-20,Preferred Service Vendor 049,Strategic,4,4403,4.5,1,0.975
VEN0049,2023-11-27,Preferred Service Vendor 049,Strategic,4,2525,4.91,1,0.9545
VEN0049,2023-12-04,Preferred Service Vendor 049,Strategic,4,4093,1.82,0,1.0
VEN0049,2023-12-11,Preferred Service Vendor 049,Strategic,4,4644,2.01,0,1.0
VEN0049,2023-12-18,Preferred Service Vendor 049,Strategic,4,3976,4.24,1,0.988
VEN0049,2023-12-25,Preferred Service Vendor 049,Strategic,4,4988,5.93,1,0.9035
VEN0049,2024-01-01,Preferred Service Vendor 049,Strategic,4,4270,5.78,1,0.911
VEN0049,2024-01-08,Preferred Service Vendor 049,Strategic,4,4992,2.82,0,1.0
VEN0049,2024-01-15,Preferred Service Vendor 049,Strategic,4,3821,4.6,1,0.97
VEN0049,2024-01-22,Preferred Service Vendor 049,Strategic,4,4717,3.7,0,1.0
VEN0049,2024-01-29,Preferred Service Vendor 049,Strategic,4,6036,2.7,0,1.0
VEN0049,2024-02-05,Preferred Service Vendor 049,Strategic,4,4443,2.19,0,1.0
VEN0049,2024-02-12,Preferred Service Vendor 049,Strategic,4,4694,4.85,1,0.9575
VEN0049,2024-02-19,Preferred Service Vendor 049,Strategic,4,2631,6.14,1,0.893
VEN0049,2024-02-26,Preferred Service Vendor 049,Strategic,4,4725,3.53,0,1.0
VEN0049,2024-03-04,Preferred Service Vendor 049,Strategic,4,3646,4.37,1,0.9815
VEN0049,2024-03-11,Preferred Service Vendor 049,Strategic,4,3684,3.95,0,1.0
VEN0049,2024-03-18,Preferred Service Vendor 049,Strategic,4,3954,3.31,0,1.0
VEN0049,2024-03-25,Preferred Service Vendor 049,Strategic,4,6575,5.49,1,0.9255
VEN0049,2024-04-01,Preferred Service Vendor 049,Strategic,4,2520,6.07,1,0.8965
VEN0049,2024-04-08,Preferred Service Vendor 049,Strategic,4,2462,5.16,1,0.942
VEN0049,2024-04-15,Preferred Service Vendor 049,Strategic,4,3055,3.41,0,1.0
VEN0049,2024-04-22,Preferred Service Vendor 049,Strategic,4,6219,4.21,1,0.9895
VEN0049,2024-04-29,Preferred Service Vendor 049,Strategic,4,2889,4.78,1,0.961
VEN0049,2024-05-06,Preferred Service Vendor 049,Strategic,4,4689,2.04,0,1.0
VEN0049,2024-05-13,Preferred Service Vendor 049,Strategic,4,3283,3.12,0,1.0
VEN0049,2024-05-20,Preferred Service Vendor 049,Strategic,4,2464,4.56,1,0.972
VEN0049,2024-05-27,Preferred Service Vendor 049,Strategic,4,2639,4.06,1,0.997
VEN0049,2024-06-03,Preferred Service Vendor 049,Strategic,4,3966,3.17,0,1.0
VEN0049,2024-06-10,Preferred Service Vendor 049,Strategic,4,1652,2.42,0,1.0
VEN0049,2024-06-17,Preferred Service Vendor 049,Strategic,4,4451,3.55,0,1.0
VEN0049,2024-06-24,Preferred Service Vendor 049,Strategic,4,5038,5.47,1,0.9265
VEN0049,2024-07-01,Preferred Service Vendor 049,Strategic,4,5866,5.09,1,0.9455
VEN0049,2024-07-08,Preferred Service Vendor 049,Strategic,4,1640,3.68,0,1.0
VEN0049,2024-07-15,Preferred Service Vendor 049,Strategic,4,5183,3.67,0,1.0
VEN0049,2024-07-22,Preferred Service Vendor 049,Strategic,4,4706,3.5,0,1.0
VEN0049,2024-07-29,Preferred Service Vendor 049,Strategic,4,6322,3.98,0,1.0
VEN0049,2024-08-05,Preferred Service Vendor 049,Strategic,4,4889,3.29,0,1.0
VEN0049,2024-08-12,Preferred Service Vendor 049,Strategic,4,5078,3.36,0,1.0
VEN0049,2024-08-19,Preferred Service Vendor 049,Strategic,4,5194,3.44,0,1.0
VEN0049,2024-08-26,Preferred Service Vendor 049,Strategic,4,3034,2.91,0,1.0
VEN0049,2024-09-02,Preferred Service Vendor 049,Strategic,4,3413,2.78,0,1.0
VEN0049,2024-09-09,Preferred Service Vendor 049,Strategic,4,5247,6.67,1,0.8665
VEN0049,2024-09-16,Preferred Service Vendor 049,Strategic,4,2563,4.71,1,0.9645
VEN0049,2024-09-23,Preferred Service Vendor 049,Strategic,4,3290,5.38,1,0.931
VEN0049,2024-09-30,Preferred Service Vendor 049,Strategic,4,4029,5.44,1,0.928
VEN0049,2024-10-07,Preferred Service Vendor 049,Strategic,4,4585,6.57,1,0.8715
VEN0049,2024-10-14,Preferred Service Vendor 049,Strategic,4,4643,3.45,0,1.0
VEN0049,2024-10-21,Preferred Service Vendor 049,Strategic,4,3242,5.26,1,0.937
VEN0049,2024-10-28,Preferred Service Vendor 049,Strategic,4,4418,5.12,1,0.944
VEN0049,2024-11-04,Preferred Service Vendor 049,Strategic,4,6056,4.47,1,0.9765
VEN0049,2024-11-11,Preferred Service Vendor 049,Strategic,4,5670,3.08,0,1.0
VEN0049,2024-11-18,Preferred Service Vendor 049,Strategic,4,3505,2.54,0,1.0
VEN0049,2024-11-25,Preferred Service Vendor 049,Strategic,4,3085,2.49,0,1.0
VEN0049,2024-12-02,Preferred Service Vendor 049,Strategic,4,3719,4.79,1,0.9605
VEN0049,2024-12-09,Preferred Service Vendor 049,Strategic,4,4278,3.13,0,1.0
VEN0049,2024-12-16,Preferred Service Vendor 049,Strategic,4,4130,6.39,1,0.8805
VEN0049,2024-12-23,Preferred Service Vendor 049,Strategic,4,2588,5.88,1,0.906
VEN0049,2024-12-30,Preferred Service Vendor 049,Strategic,4,4256,4.9,1,0.955
VEN0050,2023-01-02,Preferred Service Vendor 050,Strategic,2,3755,2.42,1,0.979
VEN0050,2023-01-09,Preferred Service Vendor 050,Strategic,2,3488,0.97,0,1.0
VEN0050,2023-01-16,Preferred Service Vendor 050,Strategic,2,4060,0.84,0,1.0
VEN0050,2023-01-23,Preferred Service Vendor 050,Strategic,2,2796,2.4,1,0.98
VEN0050,2023-01-30,Preferred Service Vendor 050,Strategic,2,5328,3.9,1,0.905
VEN0050,2023-02-06,Preferred Service Vendor 050,Strategic,2,4806,2.62,1,0.969
VEN0050,2023-02-13,Preferred Service Vendor 050,Strategic,2,4588,2.17,1,0.9915
VEN0050,2023-02-20,Preferred Service Vendor 050,Strategic,2,4079,1.58,0,1.0
VEN0050,2023-02-27,Preferred Service Vendor 050,Strategic,2,4339,4.38,1,0.881
VEN0050,2023-03-06,Preferred Service Vendor 050,Strategic,2,5318,1.44,0,1.0
VEN0050,2023-03-13,Preferred Service Vendor 050,Strategic,2,5324,1.5,0,1.0
VEN0050,2023-03-20,Preferred Service Vendor 050,Strategic,2,4758,3.27,1,0.9365
VEN0050,2023-03-27,Preferred Service Vendor 050,Strategic,2,4119,1.51,0,1.0
VEN0050,2023-04-03,Preferred Service Vendor 050,Strategic,2,4664,0.5,0,1.0
VEN0050,2023-04-10,Preferred Service Vendor 050,Strategic,2,4475,1.63,0,1.0
VEN0050,2023-04-17,Preferred Service Vendor 050,Strategic,2,3788,0.5,0,1.0
VEN0050,2023-04-24,Preferred Service Vendor 050,Strategic,2,4787,2.03,1,0.9985
VEN0050,2023-05-01,Preferred Service Vendor 050,Strategic,2,4716,3.33,1,0.9335
VEN0050,2023-05-08,Preferred Service Vendor 050,Strategic,2,3356,3.3,1,0.935
VEN0050,2023-05-15,Preferred Service Vendor 050,Strategic,2,5719,0.56,0,1.0
VEN0050,2023-05-22,Preferred Service Vendor 050,Strategic,2,4481,2.99,1,0.9505
VEN0050,2023-05-29,Preferred Service Vendor 050,Strategic,2,5197,3.28,1,0.936
VEN0050,2023-06-05,Preferred Service Vendor 050,Strategic,2,4023,1.39,0,1.0
VEN0050,2023-06-12,Preferred Service Vendor 050,Strategic,2,3941,1.8,0,1.0
VEN0050,2023-06-19,Preferred Service Vendor 050,Strategic,2,6035,1.39,0,1.0
VEN0050,2023-06-26,Preferred Service Vendor 050,Strategic,2,4743,2.62,1,0.969
VEN0050,2023-07-03,Preferred Service Vendor 050,Strategic,2,4234,2.14,1,0.993
VEN0050,2023-07-10,Preferred Service Vendor 050,Strategic,2,3498,3.02,1,0.949
VEN0050,2023-07-17,Preferred Service Vendor 050,Strategic,2,4535,2.21,1,0.9895
VEN0050,2023-07-24,Preferred Service Vendor 050,Strategic,2,1133,2.04,1,0.998
VEN0050,2023-07-31,Preferred Service Vendor 050,Strategic,2,3303,2.03,1,0.9985
VEN0050,2023-08-07,Preferred Service Vendor 050,Strategic,2,6249,2.1,1,0.995
VEN0050,2023-08-14,Preferred Service Vendor 050,Strategic,2,4329,0.5,0,1.0
VEN0050,2023-08-21,Preferred Service Vendor 050,Strategic,2,3465,1.99,0,1.0
VEN0050,2023-08-28,Preferred Service Vendor 050,Strategic,2,3957,1.96,0,1.0
VEN0050,2023-09-04,Preferred Service Vendor 050,Strategic,2,3891,2.2,1,0.99
VEN0050,2023-09-11,Preferred Service Vendor 050,Strategic,2,3952,1.03,0,1.0
VEN0050,2023-09-18,Preferred Service Vendor 050,Strategic,2,4357,2.76,1,0.962
VEN0050,2023-09-25,Preferred Service Vendor 050,Strategic,2,3341,2.21,1,0.9895
VEN0050,2023-10-02,Preferred Service Vendor 050,Strategic,2,4192,1.98,0,1.0
VEN0050,2023-10-09,Preferred Service Vendor 050,Strategic,2,5647,2.57,1,0.9715
VEN0050,2023-10-16,Preferred Service Vendor 050,Strategic,2,3122,4.15,1,0.8925
VEN0050,2023-10-23,Preferred Service Vendor 050,Strategic,2,2182,1.97,0,1.0
VEN0050,2023-10-30,Preferred Service Vendor 050,Strategic,2,4710,0.67,0,1.0
VEN0050,2023-11-06,Preferred Service Vendor 050,Strategic,2,3195,2.07,1,0.9965
VEN0050,2023-11-13,Preferred Service Vendor 050,Strategic,2,4276,2.54,1,0.973
VEN0050,2023-11-20,Preferred Service Vendor 050,Strategic,2,2702,2.57,1,0.9715
VEN0050,2023-11-27,Preferred Service Vendor 050,Strategic,2,4115,2.21,1,0.9895
VEN0050,2023-12-04,Preferred Service Vendor 050,Strategic,2,5634,2.39,1,0.9805
VEN0050,2023-12-11,Preferred Service Vendor 050,Strategic,2,4864,1.4,0,1.0
VEN0050,2023-12-18,Preferred Service Vendor 050,Strategic,2,3627,0.66,0,1.0
VEN0050,2023-12-25,Preferred Service Vendor 050,Strategic,2,6759,1.87,0,1.0
VEN0050,2024-01-01,Preferred Service Vendor 050,Strategic,2,4247,1.73,0,1.0
VEN0050,2024-01-08,Preferred Service Vendor 050,Strategic,2,2772,2.62,1,0.969
VEN0050,2024-01-15,Preferred Service Vendor 050,Strategic,2,2116,3.49,1,0.9255
VEN0050,2024-01-22,Preferred Service Vendor 050,Strategic,2,1758,3.29,1,0.9355
VEN0050,2024-01-29,Preferred Service Vendor 050,Strategic,2,5012,1.4,0,1.0
VEN0050,2024-02-05,Preferred Service Vendor 050,Strategic,2,2991,3.57,1,0.9215
VEN0050,2024-02-12,Preferred Service Vendor 050,Strategic,2,3529,3.15,1,0.9425
VEN0050,2024-02-19,Preferred Service Vendor 050,Strategic,2,2357,2.54,1,0.973
VEN0050,2024-02-26,Preferred Service Vendor 050,Strategic,2,2965,1.92,0,1.0
VEN0050,2024-03-04,Preferred Service Vendor 050,Strategic,2,4989,1.07,0,1.0
VEN0050,2024-03-11,Preferred Service Vendor 050,Strategic,2,2867,4.28,1,0.886
VEN0050,2024-03-18,Preferred Service Vendor 050,Strategic,2,3074,1.5,0,1.0
VEN0050,2024-03-25,Preferred Service Vendor 050,Strategic,2,3479,1.92,0,1.0
VEN0050,2024-04-01,Preferred Service Vendor 050,Strategic,2,4366,1.28,0,1.0
VEN0050,2024-04-08,Preferred Service Vendor 050,Strategic,2,3084,2.26,1,0.987
VEN0050,2024-04-15,Preferred Service Vendor 050,Strategic,2,4504,0.67,0,1.0
VEN0050,2024-04-22,Preferred Service Vendor 050,Strategic,2,5894,0.5,0,1.0
VEN0050,2024-04-29,Preferred Service Vendor 050,Strategic,2,3577,2.56,1,0.972
VEN0050,2024-05-06,Preferred Service Vendor 050,Strategic,2,3976,1.52,0,1.0
VEN0050,2024-05-13,Preferred Service Vendor 050,Strategic,2,4509,1.27,0,1.0
VEN0050,2024-05-20,Preferred Service Vendor 050,Strategic,2,4046,1.88,0,1.0
VEN0050,2024-05-27,Preferred Service Vendor 050,Strategic,2,4201,2.19,1,0.9905
VEN0050,2024-06-03,Preferred Service Vendor 050,Strategic,2,2283,2.33,1,0.9835
VEN0050,2024-06-10,Preferred Service Vendor 050,Strategic,2,5084,3.08,1,0.946
VEN0050,2024-06-17,Preferred Service Vendor 050,Strategic,2,4266,2.49,1,0.9755
VEN0050,2024-06-24,Preferred Service Vendor 050,Strategic,2,3396,1.97,0,1.0
VEN0050,2024-07-01,Preferred Service Vendor 050,Strategic,2,6277,2.13,1,0.9935
VEN0050,2024-07-08,Preferred Service Vendor 050,Strategic,2,6733,2.3,1,0.985
VEN0050,2024-07-15,Preferred Service Vendor 050,Strategic,2,3174,1.69,0,1.0
VEN0050,2024-07-22,Preferred Service Vendor 050,Strategic,2,5359,1.98,0,1.0
VEN0050,2024-07-29,Preferred Service Vendor 050,Strategic,2,3061,2.05,1,0.9975
VEN0050,2024-08-05,Preferred Service Vendor 050,Strategic,2,4225,4.25,1,0.8875
VEN0050,2024-08-12,Preferred Service Vendor 050,Strategic,2,5763,1.84,0,1.0
VEN0050,2024-08-19,Preferred Service Vendor 050,Strategic,2,3700,1.8,0,1.0
VEN0050,2024-08-26,Preferred Service Vendor 050,Strategic,2,3234,3.77,1,0.9115
VEN0050,2024-09-02,Preferred Service Vendor 050,Strategic,2,5177,1.71,0,1.0
VEN0050,2024-09-09,Preferred Service Vendor 050,Strategic,2,4326,2.63,1,0.9685
VEN0050,2024-09-16,Preferred Service Vendor 050,Strategic,2,4469,1.29,0,1.0
VEN0050,2024-09-23,Preferred Service Vendor 050,Strategic,2,3668,2.13,1,0.9935
VEN0050,2024-09-30,Preferred Service Vendor 050,Strategic,2,4055,0.61,0,1.0
VEN0050,2024-10-07,Preferred Service Vendor 050,Strategic,2,4450,2.92,1,0.954
VEN0050,2024-10-14,Preferred Service Vendor 050,Strategic,2,3944,3.19,1,0.9405
VEN0050,2024-10-21,Preferred Service Vendor 050,Strategic,2,3400,2.93,1,0.9535
VEN0050,2024-10-28,Preferred Service Vendor 050,Strategic,2,1323,1.82,0,1.0
VEN0050,2024-11-04,Preferred Service Vendor 050,Strategic,2,5110,4.42,1,0.879
VEN0050,2024-11-11,Preferred Service Vendor 050,Strategic,2,4982,2.74,1,0.963
VEN0050,2024-11-18,Preferred Service Vendor 050,Strategic,2,5108,3.4,1,0.93
VEN0050,2024-11-25,Preferred Service Vendor 050,Strategic,2,4297,3.67,1,0.9165
VEN0050,2024-12-02,Preferred Service Vendor 050,Strategic,2,2614,3.13,1,0.9435
VEN0050,2024-12-09,Preferred Service Vendor 050,Strategic,2,2592,0.5,0,1.0
VEN0050,2024-12-16,Preferred Service Vendor 050,Strategic,2,5726,2.22,1,0.989
VEN0050,2024-12-23,Preferred Service Vendor 050,Strategic,2,3224,1.88,0,1.0
VEN0050,2024-12-30,Preferred Service Vendor 050,Strategic,2,4602,3.31,1,0.9345
VEN0051,2023-01-02,Preferred Service Vendor 051,Strategic,2,5256,2.14,1,0.993
VEN0051,2023-01-09,Preferred Service Vendor 051,Strategic,2,3416,1.52,0,1.0
VEN0051,2023-01-16,Preferred Service Vendor 051,Strategic,2,5234,2.99,1,0.9505
VEN0051,2023-01-23,Preferred Service Vendor 051,Strategic,2,4764,2.34,1,0.983
VEN0051,2023-01-30,Preferred Service Vendor 051,Strategic,2,1875,0.66,0,1.0
VEN0051,2023-02-06,Preferred Service Vendor 051,Strategic,2,3511,1.39,0,1.0
VEN0051,2023-02-13,Preferred Service Vendor 051,Strategic,2,2773,2.21,1,0.9895
VEN0051,2023-02-20,Preferred Service Vendor 051,Strategic,2,5070,2.86,1,0.957
VEN0051,2023-02-27,Preferred Service Vendor 051,Strategic,2,5223,4.07,1,0.8965
VEN0051,2023-03-06,Preferred Service Vendor 051,Strategic,2,5090,1.29,0,1.0
VEN0051,2023-03-13,Preferred Service Vendor 051,Strategic,2,3606,0.5,0,1.0
VEN0051,2023-03-20,Preferred Service Vendor 051,Strategic,2,3320,2.82,1,0.959
VEN0051,2023-03-27,Preferred Service Vendor 051,Strategic,2,4956,2.48,1,0.976
VEN0051,2023-04-03,Preferred Service Vendor 051,Strategic,2,3877,1.3,0,1.0
VEN0051,2023-04-10,Preferred Service Vendor 051,Strategic,2,2401,2.69,1,0.9655
VEN0051,2023-04-17,Preferred Service Vendor 051,Strategic,2,5115,3.89,1,0.9055
VEN0051,2023-04-24,Preferred Service Vendor 051,Strategic,2,4010,1.75,0,1.0
VEN0051,2023-05-01,Preferred Service Vendor 051,Strategic,2,3324,1.9,0,1.0
VEN0051,2023-05-08,Preferred Service Vendor 051,Strategic,2,4300,1.11,0,1.0
VEN0051,2023-05-15,Preferred Service Vendor 051,Strategic,2,2797,1.67,0,1.0
VEN0051,2023-05-22,Preferred Service Vendor 051,Strategic,2,4982,1.9,0,1.0
VEN0051,2023-05-29,Preferred Service Vendor 051,Strategic,2,3397,1.54,0,1.0
VEN0051,2023-06-05,Preferred Service Vendor 051,Strategic,2,3370,2.91,1,0.9545
VEN0051,2023-06-12,Preferred Service Vendor 051,Strategic,2,5154,1.53,0,1.0
VEN0051,2023-06-19,Preferred Service Vendor 051,Strategic,2,1422,4.04,1,0.898
VEN0051,2023-06-26,Preferred Service Vendor 051,Strategic,2,6331,2.28,1,0.986
VEN0051,2023-07-03,Preferred Service Vendor 051,Strategic,2,5132,3.47,1,0.9265
VEN0051,2023-07-10,Preferred Service Vendor 051,Strategic,2,5707,3.01,1,0.9495
VEN0051,2023-07-17,Preferred Service Vendor 051,Strategic,2,4231,2.67,1,0.9665
VEN0051,2023-07-24,Preferred Service Vendor 051,Strategic,2,2274,4.42,1,0.879
VEN0051,2023-07-31,Preferred Service Vendor 051,Strategic,2,2804,0.79,0,1.0
VEN0051,2023-08-07,Preferred Service Vendor 051,Strategic,2,4476,3.88,1,0.906
VEN0051,2023-08-14,Preferred Service Vendor 051,Strategic,2,4748,1.45,0,1.0
VEN0051,2023-08-21,Preferred Service Vendor 051,Strategic,2,5431,3.38,1,0.931
VEN0051,2023-08-28,Preferred Service Vendor 051,Strategic,2,3742,3.44,1,0.928
VEN0051,2023-09-04,Preferred Service Vendor 051,Strategic,2,5351,0.75,0,1.0
VEN0051,2023-09-11,Preferred Service Vendor 051,Strategic,2,2931,0.98,0,1.0
VEN0051,2023-09-18,Preferred Service Vendor 051,Strategic,2,3595,2.98,1,0.951
VEN0051,2023-09-25,Preferred Service Vendor 051,Strategic,2,4729,1.48,0,1.0
VEN0051,2023-10-02,Preferred Service Vendor 051,Strategic,2,4802,1.97,0,1.0
VEN0051,2023-10-09,Preferred Service Vendor 051,Strategic,2,3339,2.46,1,0.977
VEN0051,2023-10-16,Preferred Service Vendor 051,Strategic,2,1498,2.16,1,0.992
VEN0051,2023-10-23,Preferred Service Vendor 051,Strategic,2,4846,3.04,1,0.948
VEN0051,2023-10-30,Preferred Service Vendor 051,Strategic,2,2575,2.02,1,0.999
VEN0051,2023-11-06,Preferred Service Vendor 051,Strategic,2,3653,2.34,1,0.983
VEN0051,2023-11-13,Preferred Service Vendor 051,Strategic,2,5893,1.01,0,1.0
VEN0051,2023-11-20,Preferred Service Vendor 051,Strategic,2,4841,2.85,1,0.9575
VEN0051,2023-11-27,Preferred Service Vendor 051,Strategic,2,2551,2.99,1,0.9505
VEN0051,2023-12-04,Preferred Service Vendor 051,Strategic,2,6258,1.34,0,1.0
VEN0051,2023-12-11,Preferred Service Vendor 051,Strategic,2,3327,3.01,1,0.9495
VEN0051,2023-12-18,Preferred Service Vendor 051,Strategic,2,3625,1.51,0,1.0
VEN0051,2023-12-25,Preferred Service Vendor 051,Strategic,2,3077,0.68,0,1.0
VEN0051,2024-01-01,Preferred Service Vendor 051,Strategic,2,3499,4.25,1,0.8875
VEN0051,2024-01-08,Preferred Service Vendor 051,Strategic,2,4911,3.18,1,0.941
VEN0051,2024-01-15,Preferred Service Vendor 051,Strategic,2,5387,2.06,1,0.997
VEN0051,2024-01-22,Preferred Service Vendor 051,Strategic,2,4717,2.59,1,0.9705
VEN0051,2024-01-29,Preferred Service Vendor 051,Strategic,2,5320,2.26,1,0.987
VEN0051,2024-02-05,Preferred Service Vendor 051,Strategic,2,6182,0.5,0,1.0
VEN0051,2024-02-12,Preferred Service Vendor 051,Strategic,2,3387,1.35,0,1.0
VEN0051,2024-02-19,Preferred Service Vendor 051,Strategic,2,4411,1.76,0,1.0
VEN0051,2024-02-26,Preferred Service Vendor 051,Strategic,2,5337,1.06,0,1.0
VEN0051,2024-03-04,Preferred Service Vendor 051,Strategic,2,1510,2.71,1,0.9645
VEN0051,2024-03-11,Preferred Service Vendor 051,Strategic,2,4578,3.19,1,0.9405
VEN0051,2024-03-18,Preferred Service Vendor 051,Strategic,2,4459,3.3,1,0.935
VEN0051,2024-03-25,Preferred Service Vendor 051,Strategic,2,4097,1.03,0,1.0
VEN0051,2024-04-01,Preferred Service Vendor 051,Strategic,2,4901,3.84,1,0.908
VEN0051,2024-04-08,Preferred Service Vendor 051,Strategic,2,6294,2.58,1,0.971
VEN0051,2024-04-15,Preferred Service Vendor 051,Strategic,2,4285,1.77,0,1.0
VEN0051,2024-04-22,Preferred Service Vendor 051,Strategic,2,5519,3.02,1,0.949
VEN0051,2024-04-29,Preferred Service Vendor 051,Strategic,2,5171,3.83,1,0.9085
VEN0051,2024-05-06,Preferred Service Vendor 051,Strategic,2,5665,2.72,1,0.964
VEN0051,2024-05-13,Preferred Service Vendor 051,Strategic,2,4098,1.91,0,1.0
VEN0051,2024-05-20,Preferred Service Vendor 051,Strategic,2,5277,3.52,1,0.924
VEN0051,2024-05-27,Preferred Service Vendor 051,Strategic,2,2830,0.5,0,1.0
VEN0051,2024-06-03,Preferred Service Vendor 051,Strategic,2,2969,2.14,1,0.993
VEN0051,2024-06-10,Preferred Service Vendor 051,Strategic,2,4834,0.5,0,1.0
VEN0051,2024-06-17,Preferred Service Vendor 051,Strategic,2,5982,2.94,1,0.953
VEN0051,2024-06-24,Preferred Service Vendor 051,Strategic,2,1626,2.58,1,0.971
VEN0051,2024-07-01,Preferred Service Vendor 051,Strategic,2,3316,2.21,1,0.9895
VEN0051,2024-07-08,Preferred Service Vendor 051,Strategic,2,3249,2.41,1,0.9795
VEN0051,2024-07-15,Preferred Service Vendor 051,Strategic,2,5080,1.13,0,1.0
VEN0051,2024-07-22,Preferred Service Vendor 051,Strategic,2,5058,2.66,1,0.967
VEN0051,2024-07-29,Preferred Service Vendor 051,Strategic,2,3008,2.57,1,0.9715
VEN0051,2024-08-05,Preferred Service Vendor 051,Strategic,2,2822,2.46,1,0.977
VEN0051,2024-08-12,Preferred Service Vendor 051,Strategic,2,3968,3.65,1,0.9175
VEN0051,2024-08-19,Preferred Service Vendor 051,Strategic,2,2711,0.5,0,1.0
VEN0051,2024-08-26,Preferred Service Vendor 051,Strategic,2,3763,1.78,0,1.0
VEN0051,2024-09-02,Preferred Service Vendor 051,Strategic,2,3211,1.81,0,1.0
VEN0051,2024-09-09,Preferred Service Vendor 051,Strategic,2,2017,2.4,1,0.98
VEN0051,2024-09-16,Preferred Service Vendor 051,Strategic,2,3146,2.03,1,0.9985
VEN0051,2024-09-23,Preferred Service Vendor 051,Strategic,2,3505,2.38,1,0.981
VEN0051,2024-09-30,Preferred Service Vendor 051,Strategic,2,3870,1.42,0,1.0
VEN0051,2024-10-07,Preferred Service Vendor 051,Strategic,2,6430,2.17,1,0.9915
VEN0051,2024-10-14,Preferred Service Vendor 051,Strategic,2,5034,1.58,0,1.0
VEN0051,2024-10-21,Preferred Service Vendor 051,Strategic,2,5777,3.64,1,0.918
VEN0051,2024-10-28,Preferred Service Vendor 051,Strategic,2,4665,2.7,1,0.965
VEN0051,2024-11-04,Preferred Service Vendor 051,Strategic,2,2474,2.61,1,0.9695
VEN0051,2024-11-11,Preferred Service Vendor 051,Strategic,2,2844,3.78,1,0.911
VEN0051,2024-11-18,Preferred Service Vendor 051,Strategic,2,1778,1.58,0,1.0
VEN0051,2024-11-25,Preferred Service Vendor 051,Strategic,2,3621,0.5,0,1.0
VEN0051,2024-12-02,Preferred Service Vendor 051,Strategic,2,3221,2.27,1,0.9865
VEN0051,2024-12-09,Preferred Service Vendor 051,Strategic,2,5305,3.69,1,0.9155
VEN0051,2024-12-16,Preferred Service Vendor 051,Strategic,2,2716,0.5,0,1.0
VEN0051,2024-12-23,Preferred Service Vendor 051,Strategic,2,6989,4.36,1,0.882
VEN0051,2024-12-30,Preferred Service Vendor 051,Strategic,2,4284,2.59,1,0.9705
VEN0052,2023-01-02,Preferred Service Vendor 052,Strategic,12,3774,14.06,1,0.897
VEN0052,2023-01-09,Preferred Service Vendor 052,Strategic,12,3506,13.94,1,0.903
VEN0052,2023-01-16,Preferred Service Vendor 052,Strategic,12,3898,15.27,1,0.8365
VEN0052,2023-01-23,Preferred Service Vendor 052,Strategic,12,3464,11.55,0,1.0
VEN0052,2023-01-30,Preferred Service Vendor 052,Strategic,12,3852,16.19,1,0.7905
VEN0052,2023-02-06,Preferred Service Vendor 052,Strategic,12,4876,11.3,0,1.0
VEN0052,2023-02-13,Preferred Service Vendor 052,Strategic,12,2885,11.3,0,1.0
VEN0052,2023-02-20,Preferred Service Vendor 052,Strategic,12,1582,17.13,1,0.7435
VEN0052,2023-02-27,Preferred Service Vendor 052,Strategic,12,3673,15.11,1,0.8445
VEN0052,2023-03-06,Preferred Service Vendor 052,Strategic,12,5014,15.92,1,0.804
VEN0052,2023-03-13,Preferred Service Vendor 052,Strategic,12,3789,11.19,0,1.0
VEN0052,2023-03-20,Preferred Service Vendor 052,Strategic,12,1803,9.3,0,1.0
VEN0052,2023-03-27,Preferred Service Vendor 052,Strategic,12,6681,12.19,1,0.9905
VEN0052,2023-04-03,Preferred Service Vendor 052,Strategic,12,4441,15.36,1,0.832
VEN0052,2023-04-10,Preferred Service Vendor 052,Strategic,12,3286,16.99,1,0.7505
VEN0052,2023-04-17,Preferred Service Vendor 052,Strategic,12,4556,9.61,0,1.0
VEN0052,2023-04-24,Preferred Service Vendor 052,Strategic,12,2231,15.17,1,0.8415
VEN0052,2023-05-01,Preferred Service Vendor 052,Strategic,12,2860,14.14,1,0.893
VEN0052,2023-05-08,Preferred Service Vendor 052,Strategic,12,2544,20.01,1,0.5995
VEN0052,2023-05-15,Preferred Service Vendor 052,Strategic,12,4465,9.64,0,1.0
VEN0052,2023-05-22,Preferred Service Vendor 052,Strategic,12,5057,14.57,1,0.8715
VEN0052,2023-05-29,Preferred Service Vendor 052,Strategic,12,5126,17.79,1,0.7105
VEN0052,2023-06-05,Preferred Service Vendor 052,Strategic,12,5306,14.21,1,0.8895
VEN0052,2023-06-12,Preferred Service Vendor 052,Strategic,12,3271,15.14,1,0.843
VEN0052,2023-06-19,Preferred Service Vendor 052,Strategic,12,5861,14.82,1,0.859
VEN0052,2023-06-26,Preferred Service Vendor 052,Strategic,12,5231,9.65,0,1.0
VEN0052,2023-07-03,Preferred Service Vendor 052,Strategic,12,3202,12.34,1,0.983
VEN0052,2023-07-10,Preferred Service Vendor 052,Strategic,12,5341,17.75,1,0.7125
VEN0052,2023-07-17,Preferred Service Vendor 052,Strategic,12,4764,15.82,1,0.809
VEN0052,2023-07-24,Preferred Service Vendor 052,Strategic,12,5168,16.47,1,0.7765
VEN0052,2023-07-31,Preferred Service Vendor 052,Strategic,12,3886,14.36,1,0.882
VEN0052,2023-08-07,Preferred Service Vendor 052,Strategic,12,5192,17.97,1,0.7015
VEN0052,2023-08-14,Preferred Service Vendor 052,Strategic,12,5512,16.4,1,0.78
VEN0052,2023-08-21,Preferred Service Vendor 052,Strategic,12,5224,10.3,0,1.0
VEN0052,2023-08-28,Preferred Service Vendor 052,Strategic,12,3482,10.81,0,1.0
VEN0052,2023-09-04,Preferred Service Vendor 052,Strategic,12,2867,10.58,0,1.0
VEN0052,2023-09-11,Preferred Service Vendor 052,Strategic,12,5447,16.32,1,0.784
VEN0052,2023-09-18,Preferred Service Vendor 052,Strategic,12,3039,14.28,1,0.886
VEN0052,2023-09-25,Preferred Service Vendor 052,Strategic,12,4319,9.99,0,1.0
VEN0052,2023-10-02,Preferred Service Vendor 052,Strategic,12,2120,11.56,0,1.0
VEN0052,2023-10-09,Preferred Service Vendor 052,Strategic,12,5782,14.07,1,0.8965
VEN0052,2023-10-16,Preferred Service Vendor 052,Strategic,12,3596,12.66,1,0.967
VEN0052,2023-10-23,Preferred Service Vendor 052,Strategic,12,4533,9.28,0,1.0
VEN0052,2023-10-30,Preferred Service Vendor 052,Strategic,12,4779,11.06,0,1.0
VEN0052,2023-11-06,Preferred Service Vendor 052,Strategic,12,4062,18.33,1,0.6835
VEN0052,2023-11-13,Preferred Service Vendor 052,Strategic,12,4211,17.7,1,0.715
VEN0052,2023-11-20,Preferred Service Vendor 052,Strategic,12,3539,16.11,1,0.7945
VEN0052,2023-11-27,Preferred Service Vendor 052,Strategic,12,4188,16.04,1,0.798
VEN0052,2023-12-04,Preferred Service Vendor 052,Strategic,12,1960,17.48,1,0.726
VEN0052,2023-12-11,Preferred Service Vendor 052,Strategic,12,3898,9.44,0,1.0
VEN0052,2023-12-18,Preferred Service Vendor 052,Strategic,12,3216,17.57,1,0.7215
VEN0052,2023-12-25,Preferred Service Vendor 052,Strategic,12,3628,7.37,0,1.0
VEN0052,2024-01-01,Preferred Service Vendor 052,Strategic,12,3184,11.31,0,1.0
VEN0052,2024-01-08,Preferred Service Vendor 052,Strategic,12,4611,10.28,0,1.0
VEN0052,2024-01-15,Preferred Service Vendor 052,Strategic,12,4186,13.13,1,0.9435
VEN0052,2024-01-22,Preferred Service Vendor 052,Strategic,12,4104,17.23,1,0.7385
VEN0052,2024-01-29,Preferred Service Vendor 052,Strategic,12,4051,12.44,1,0.978
VEN0052,2024-02-05,Preferred Service Vendor 052,Strategic,12,5989,13.44,1,0.928
VEN0052,2024-02-12,Preferred Service Vendor 052,Strategic,12,5394,12.55,1,0.9725
VEN0052,2024-02-19,Preferred Service Vendor 052,Strategic,12,4562,9.62,0,1.0
VEN0052,2024-02-26,Preferred Service Vendor 052,Strategic,12,5847,12.68,1,0.966
VEN0052,2024-03-04,Preferred Service Vendor 052,Strategic,12,4079,8.4,0,1.0
VEN0052,2024-03-11,Preferred Service Vendor 052,Strategic,12,4215,15.27,1,0.8365
VEN0052,2024-03-18,Preferred Service Vendor 052,Strategic,12,6480,18.57,1,0.6715
VEN0052,2024-03-25,Preferred Service Vendor 052,Strategic,12,4091,8.28,0,1.0
VEN0052,2024-04-01,Preferred Service Vendor 052,Strategic,12,4452,14.41,1,0.8795
VEN0052,2024-04-08,Preferred Service Vendor 052,Strategic,12,5020,13.45,1,0.9275
VEN0052,2024-04-15,Preferred Service Vendor 052,Strategic,12,2570,15.0,1,0.85
VEN0052,2024-04-22,Preferred Service Vendor 052,Strategic,12,3131,11.04,0,1.0
VEN0052,2024-04-29,Preferred Service Vendor 052,Strategic,12,3401,8.0,0,1.0
VEN0052,2024-05-06,Preferred Service Vendor 052,Strategic,12,4009,9.56,0,1.0
VEN0052,2024-05-13,Preferred Service Vendor 052,Strategic,12,4805,13.16,1,0.942
VEN0052,2024-05-20,Preferred Service Vendor 052,Strategic,12,5598,15.58,1,0.821
VEN0052,2024-05-27,Preferred Service Vendor 052,Strategic,12,2505,11.16,0,1.0
VEN0052,2024-06-03,Preferred Service Vendor 052,Strategic,12,1900,9.61,0,1.0
VEN0052,2024-06-10,Preferred Service Vendor 052,Strategic,12,5861,13.62,1,0.919
VEN0052,2024-06-17,Preferred Service Vendor 052,Strategic,12,3220,16.77,1,0.7615
VEN0052,2024-06-24,Preferred Service Vendor 052,Strategic,12,3953,14.62,1,0.869
VEN0052,2024-07-01,Preferred Service Vendor 052,Strategic,12,5829,16.13,1,0.7935
VEN0052,2024-07-08,Preferred Service Vendor 052,Strategic,12,3753,16.57,1,0.7715
VEN0052,2024-07-15,Preferred Service Vendor 052,Strategic,12,3663,16.41,1,0.7795
VEN0052,2024-07-22,Preferred Service Vendor 052,Strategic,12,5271,18.77,1,0.6615
VEN0052,2024-07-29,Preferred Service Vendor 052,Strategic,12,3935,14.18,1,0.891
VEN0052,2024-08-05,Preferred Service Vendor 052,Strategic,12,3469,9.91,0,1.0
VEN0052,2024-08-12,Preferred Service Vendor 052,Strategic,12,4279,14.86,1,0.857
VEN0052,2024-08-19,Preferred Service Vendor 052,Strategic,12,3930,14.84,1,0.858
VEN0052,2024-08-26,Preferred Service Vendor 052,Strategic,12,3475,13.68,1,0.916
VEN0052,2024-09-02,Preferred Service Vendor 052,Strategic,12,5156,14.6,1,0.87
VEN0052,2024-09-09,Preferred Service Vendor 052,Strategic,12,2770,12.39,1,0.9805
VEN0052,2024-09-16,Preferred Service Vendor 052,Strategic,12,1961,18.24,1,0.688
VEN0052,2024-09-23,Preferred Service Vendor 052,Strategic,12,6161,18.11,1,0.6945
VEN0052,2024-09-30,Preferred Service Vendor 052,Strategic,12,4532,17.08,1,0.746
VEN0052,2024-10-07,Preferred Service Vendor 052,Strategic,12,3532,13.86,1,0.907
VEN0052,2024-10-14,Preferred Service Vendor 052,Strategic,12,5052,10.96,0,1.0
VEN0052,2024-10-21,Preferred Service Vendor 052,Strategic,12,5871,11.01,0,1.0
VEN0052,2024-10-28,Preferred Service Vendor 052,Strategic,12,4174,10.81,0,1.0
VEN0052,2024-11-04,Preferred Service Vendor 052,Strategic,12,5584,14.73,1,0.8635
VEN0052,2024-11-11,Preferred Service Vendor 052,Strategic,12,3102,16.96,1,0.752
VEN0052,2024-11-18,Preferred Service Vendor 052,Strategic,12,3354,11.55,0,1.0
VEN0052,2024-11-25,Preferred Service Vendor 052,Strategic,12,3352,9.87,0,1.0
VEN0052,2024-12-02,Preferred Service Vendor 052,Strategic,12,3306,11.16,0,1.0
VEN0052,2024-12-09,Preferred Service Vendor 052,Strategic,12,1110,16.08,1,0.796
VEN0052,2024-12-16,Preferred Service Vendor 052,Strategic,12,5325,14.64,1,0.868
VEN0052,2024-12-23,Preferred Service Vendor 052,Strategic,12,3265,17.14,1,0.743
VEN0052,2024-12-30,Preferred Service Vendor 052,Strategic,12,4907,18.74,1,0.663
VEN0053,2023-01-02,Preferred Service Vendor 053,Preferred,8,4315,6.58,0,1.0
VEN0053,2023-01-09,Preferred Service Vendor 053,Preferred,8,5104,11.16,1,0.842
VEN0053,2023-01-16,Preferred Service Vendor 053,Preferred,8,2640,6.97,0,1.0
VEN0053,2023-01-23,Preferred Service Vendor 053,Preferred,8,6614,6.3,0,1.0
VEN0053,2023-01-30,Preferred Service Vendor 053,Preferred,8,3811,6.04,0,1.0
VEN0053,2023-02-06,Preferred Service Vendor 053,Preferred,8,3377,11.0,1,0.85
VEN0053,2023-02-13,Preferred Service Vendor 053,Preferred,8,5421,10.39,1,0.8805
VEN0053,2023-02-20,Preferred Service Vendor 053,Preferred,8,4169,11.5,1,0.825
VEN0053,2023-02-27,Preferred Service Vendor 053,Preferred,8,5163,7.18,0,1.0
VEN0053,2023-03-06,Preferred Service Vendor 053,Preferred,8,4233,6.45,0,1.0
VEN0053,2023-03-13,Preferred Service Vendor 053,Preferred,8,6726,10.04,1,0.898
VEN0053,2023-03-20,Preferred Service Vendor 053,Preferred,8,3710,5.99,0,1.0
VEN0053,2023-03-27,Preferred Service Vendor 053,Preferred,8,4861,7.76,0,1.0
VEN0053,2023-04-03,Preferred Service Vendor 053,Preferred,8,3671,7.65,0,1.0
VEN0053,2023-04-10,Preferred Service Vendor 053,Preferred,8,4266,9.94,1,0.903
VEN0053,2023-04-17,Preferred Service Vendor 053,Preferred,8,4944,11.94,1,0.803
VEN0053,2023-04-24,Preferred Service Vendor 053,Preferred,8,4905,8.28,1,0.986
VEN0053,2023-05-01,Preferred Service Vendor 053,Preferred,8,4903,9.67,1,0.9165
VEN0053,2023-05-08,Preferred Service Vendor 053,Preferred,8,2998,7.48,0,1.0
VEN0053,2023-05-15,Preferred Service Vendor 053,Preferred,8,5487,8.55,1,0.9725
VEN0053,2023-05-22,Preferred Service Vendor 053,Preferred,8,3540,11.15,1,0.8425
VEN0053,2023-05-29,Preferred Service Vendor 053,Preferred,8,2846,8.38,1,0.981
VEN0053,2023-06-05,Preferred Service Vendor 053,Preferred,8,4852,9.14,1,0.943
VEN0053,2023-06-12,Preferred Service Vendor 053,Preferred,8,4815,3.46,0,1.0
VEN0053,2023-06-19,Preferred Service Vendor 053,Preferred,8,5934,12.25,1,0.7875
VEN0053,2023-06-26,Preferred Service Vendor 053,Preferred,8,3832,11.62,1,0.819
VEN0053,2023-07-03,Preferred Service Vendor 053,Preferred,8,5531,12.23,1,0.7885
VEN0053,2023-07-10,Preferred Service Vendor 053,Preferred,8,4154,5.84,0,1.0
VEN0053,2023-07-17,Preferred Service Vendor 053,Preferred,8,2963,9.18,1,0.941
VEN0053,2023-07-24,Preferred Service Vendor 053,Preferred,8,3954,5.55,0,1.0
VEN0053,2023-07-31,Preferred Service Vendor 053,Preferred,8,5422,5.79,0,1.0
VEN0053,2023-08-07,Preferred Service Vendor 053,Preferred,8,1994,8.85,1,0.9575
VEN0053,2023-08-14,Preferred Service Vendor 053,Preferred,8,4613,6.76,0,1.0
VEN0053,2023-08-21,Preferred Service Vendor 053,Preferred,8,1837,10.25,1,0.8875
VEN0053,2023-08-28,Preferred Service Vendor 053,Preferred,8,3255,11.58,1,0.821
VEN0053,2023-09-04,Preferred Service Vendor 053,Preferred,8,6647,5.87,0,1.0
VEN0053,2023-09-11,Preferred Service Vendor 053,Preferred,8,3969,9.5,1,0.925
VEN0053,2023-09-18,Preferred Service Vendor 053,Preferred,8,5855,7.67,0,1.0
VEN0053,2023-09-25,Preferred Service Vendor 053,Preferred,8,5061,10.29,1,0.8855
VEN0053,2023-10-02,Preferred Service Vendor 053,Preferred,8,4078,10.56,1,0.872
VEN0053,2023-10-09,Preferred Service Vendor 053,Preferred,8,4261,11.85,1,0.8075
VEN0053,2023-10-16,Preferred Service Vendor 053,Preferred,8,4501,10.22,1,0.889
VEN0053,2023-10-23,Preferred Service Vendor 053,Preferred,8,3303,11.52,1,0.824
VEN0053,2023-10-30,Preferred Service Vendor 053,Preferred,8,5476,4.92,0,1.0
VEN0053,2023-11-06,Preferred Service Vendor 053,Preferred,8,6047,6.26,0,1.0
VEN0053,2023-11-13,Preferred Service Vendor 053,Preferred,8,2091,9.88,1,0.906
VEN0053,2023-11-20,Preferred Service Vendor 053,Preferred,8,6011,6.27,0,1.0
VEN0053,2023-11-27,Preferred Service Vendor 053,Preferred,8,6242,7.83,0,1.0
VEN0053,2023-12-04,Preferred Service Vendor 053,Preferred,8,2992,8.58,1,0.971
VEN0053,2023-12-11,Preferred Service Vendor 053,Preferred,8,3968,11.84,1,0.808
VEN0053,2023-12-18,Preferred Service Vendor 053,Preferred,8,1850,12.75,1,0.7625
VEN0053,2023-12-25,Preferred Service Vendor 053,Preferred,8,4671,6.19,0,1.0
VEN0053,2024-01-01,Preferred Service Vendor 053,Preferred,8,4727,8.92,1,0.954
VEN0053,2024-01-08,Preferred Service Vendor 053,Preferred,8,6661,12.44,1,0.778
VEN0053,2024-01-15,Preferred Service Vendor 053,Preferred,8,4563,7.44,0,1.0
VEN0053,2024-01-22,Preferred Service Vendor 053,Preferred,8,2441,12.18,1,0.791
VEN0053,2024-01-29,Preferred Service Vendor 053,Preferred,8,5797,5.7,0,1.0
VEN0053,2024-02-05,Preferred Service Vendor 053,Preferred,8,4455,11.58,1,0.821
VEN0053,2024-02-12,Preferred Service Vendor 053,Preferred,8,3631,4.9,0,1.0
VEN0053,2024-02-19,Preferred Service Vendor 053,Preferred,8,4915,10.75,1,0.8625
VEN0053,2024-02-26,Preferred Service Vendor 053,Preferred,8,3081,9.6,1,0.92
VEN0053,2024-03-04,Preferred Service Vendor 053,Preferred,8,3148,8.63,1,0.9685
VEN0053,2024-03-11,Preferred Service Vendor 053,Preferred,8,4775,7.38,0,1.0
VEN0053,2024-03-18,Preferred Service Vendor 053,Preferred,8,5188,6.48,0,1.0
VEN0053,2024-03-25,Preferred Service Vendor 053,Preferred,8,5475,7.17,0,1.0
VEN0053,2024-04-01,Preferred Service Vendor 053,Preferred,8,4054,10.9,1,0.855
VEN0053,2024-04-08,Preferred Service Vendor 053,Preferred,8,6649,11.07,1,0.8465
VEN0053,2024-04-15,Preferred Service Vendor 053,Preferred,8,3947,9.65,1,0.9175
VEN0053,2024-04-22,Preferred Service Vendor 053,Preferred,8,4103,8.81,1,0.9595
VEN0053,2024-04-29,Preferred Service Vendor 053,Preferred,8,5757,11.85,1,0.8075
VEN0053,2024-05-06,Preferred Service Vendor 053,Preferred,8,3876,11.73,1,0.8135
VEN0053,2024-05-13,Preferred Service Vendor 053,Preferred,8,4711,8.06,1,0.997
VEN0053,2024-05-20,Preferred Service Vendor 053,Preferred,8,1115,6.46,0,1.0
VEN0053,2024-05-27,Preferred Service Vendor 053,Preferred,8,2742,7.4,0,1.0
VEN0053,2024-06-03,Preferred Service Vendor 053,Preferred,8,3617,6.92,0,1.0
VEN0053,2024-06-10,Preferred Service Vendor 053,Preferred,8,2139,7.58,0,1.0
VEN0053,2024-06-17,Preferred Service Vendor 053,Preferred,8,4856,10.19,1,0.8905
VEN0053,2024-06-24,Preferred Service Vendor 053,Preferred,8,3908,11.18,1,0.841
VEN0053,2024-07-01,Preferred Service Vendor 053,Preferred,8,4618,6.13,0,1.0
VEN0053,2024-07-08,Preferred Service Vendor 053,Preferred,8,4484,10.72,1,0.864
VEN0053,2024-07-15,Preferred Service Vendor 053,Preferred,8,6699,9.85,1,0.9075
VEN0053,2024-07-22,Preferred Service Vendor 053,Preferred,8,2051,7.86,0,1.0
VEN0053,2024-07-29,Preferred Service Vendor 053,Preferred,8,4286,8.54,1,0.973
VEN0053,2024-08-05,Preferred Service Vendor 053,Preferred,8,5291,8.12,1,0.994
VEN0053,2024-08-12,Preferred Service Vendor 053,Preferred,8,5911,10.12,1,0.894
VEN0053,2024-08-19,Preferred Service Vendor 053,Preferred,8,5384,10.57,1,0.8715
VEN0053,2024-08-26,Preferred Service Vendor 053,Preferred,8,4950,12.22,1,0.789
VEN0053,2024-09-02,Preferred Service Vendor 053,Preferred,8,4749,8.6,1,0.97
VEN0053,2024-09-09,Preferred Service Vendor 053,Preferred,8,4110,6.35,0,1.0
VEN0053,2024-09-16,Preferred Service Vendor 053,Preferred,8,4775,9.88,1,0.906
VEN0053,2024-09-23,Preferred Service Vendor 053,Preferred,8,2166,10.05,1,0.8975
VEN0053,2024-09-30,Preferred Service Vendor 053,Preferred,8,5459,7.62,0,1.0
VEN0053,2024-10-07,Preferred Service Vendor 053,Preferred,8,4372,10.34,1,0.883
VEN0053,2024-10-14,Preferred Service Vendor 053,Preferred,8,3470,10.56,1,0.872
VEN0053,2024-10-21,Preferred Service Vendor 053,Preferred,8,3300,11.19,1,0.8405
VEN0053,2024-10-28,Preferred Service Vendor 053,Preferred,8,4562,10.71,1,0.8645
VEN0053,2024-11-04,Preferred Service Vendor 053,Preferred,8,500,7.55,0,1.0
VEN0053,2024-11-11,Preferred Service Vendor 053,Preferred,8,4988,10.48,1,0.876
VEN0053,2024-11-18,Preferred Service Vendor 053,Preferred,8,7698,11.15,1,0.8425
VEN0053,2024-11-25,Preferred Service Vendor 053,Preferred,8,4531,8.35,1,0.9825
VEN0053,2024-12-02,Preferred Service Vendor 053,Preferred,8,3684,5.02,0,1.0
VEN0053,2024-12-09,Preferred Service Vendor 053,Preferred,8,3893,8.31,1,0.9845
VEN0053,2024-12-16,Preferred Service Vendor 053,Preferred,8,3959,8.7,1,0.965
VEN0053,2024-12-23,Preferred Service Vendor 053,Preferred,8,2809,10.64,1,0.868
VEN0053,2024-12-30,Preferred Service Vendor 053,Preferred,8,4514,6.86,0,1.0
VEN0054,2023-01-02,Preferred Service Vendor 054,Preferred,12,3069,12.57,1,0.9715
VEN0054,2023-01-09,Preferred Service Vendor 054,Preferred,12,3773,10.34,0,1.0
VEN0054,2023-01-16,Preferred Service Vendor 054,Preferred,12,4421,13.26,1,0.937
VEN0054,2023-01-23,Preferred Service Vendor 054,Preferred,12,6606,8.4,0,1.0
VEN0054,2023-01-30,Preferred Service Vendor 054,Preferred,12,3810,10.04,0,1.0
VEN0054,2023-02-06,Preferred Service Vendor 054,Preferred,12,3948,8.33,0,1.0
VEN0054,2023-02-13,Preferred Service Vendor 054,Preferred,12,5472,17.88,1,0.706
VEN0054,2023-02-20,Preferred Service Vendor 054,Preferred,12,4929,18.08,1,0.696
VEN0054,2023-02-27,Preferred Service Vendor 054,Preferred,12,5513,14.73,1,0.8635
VEN0054,2023-03-06,Preferred Service Vendor 054,Preferred,12,3194,9.17,0,1.0
VEN0054,2023-03-13,Preferred Service Vendor 054,Preferred,12,5492,9.56,0,1.0
VEN0054,2023-03-20,Preferred Service Vendor 054,Preferred,12,3865,17.72,1,0.714
VEN0054,2023-03-27,Preferred Service Vendor 054,Preferred,12,4988,17.27,1,0.7365
VEN0054,2023-04-03,Preferred Service Vendor 054,Preferred,12,4739,9.97,0,1.0
VEN0054,2023-04-10,Preferred Service Vendor 054,Preferred,12,3648,14.98,1,0.851
VEN0054,2023-04-17,Preferred Service Vendor 054,Preferred,12,2509,14.08,1,0.896
VEN0054,2023-04-24,Preferred Service Vendor 054,Preferred,12,5192,18.0,1,0.7
VEN0054,2023-05-01,Preferred Service Vendor 054,Preferred,12,5393,14.07,1,0.8965
VEN0054,2023-05-08,Preferred Service Vendor 054,Preferred,12,3092,15.32,1,0.834
VEN0054,2023-05-15,Preferred Service Vendor 054,Preferred,12,3129,11.47,0,1.0
VEN0054,2023-05-22,Preferred Service Vendor 054,Preferred,12,2940,11.74,0,1.0
VEN0054,2023-05-29,Preferred Service Vendor 054,Preferred,12,3500,13.36,1,0.932
VEN0054,2023-06-05,Preferred Service Vendor 054,Preferred,12,6918,14.48,1,0.876
VEN0054,2023-06-12,Preferred Service Vendor 054,Preferred,12,2283,17.93,1,0.7035
VEN0054,2023-06-19,Preferred Service Vendor 054,Preferred,12,3491,8.74,0,1.0
VEN0054,2023-06-26,Preferred Service Vendor 054,Preferred,12,3440,12.94,1,0.953
VEN0054,2023-07-03,Preferred Service Vendor 054,Preferred,12,5763,14.79,1,0.8605
VEN0054,2023-07-10,Preferred Service Vendor 054,Preferred,12,4216,16.27,1,0.7865
VEN0054,2023-07-17,Preferred Service Vendor 054,Preferred,12,3446,10.49,0,1.0
VEN0054,2023-07-24,Preferred Service Vendor 054,Preferred,12,3572,16.32,1,0.784
VEN0054,2023-07-31,Preferred Service Vendor 054,Preferred,12,5567,9.31,0,1.0
VEN0054,2023-08-07,Preferred Service Vendor 054,Preferred,12,5312,14.72,1,0.864
VEN0054,2023-08-14,Preferred Service Vendor 054,Preferred,12,1693,16.58,1,0.771
VEN0054,2023-08-21,Preferred Service Vendor 054,Preferred,12,4339,10.06,0,1.0
VEN0054,2023-08-28,Preferred Service Vendor 054,Preferred,12,3698,10.64,0,1.0
VEN0054,2023-09-04,Preferred Service Vendor 054,Preferred,12,3520,14.52,1,0.874
VEN0054,2023-09-11,Preferred Service Vendor 054,Preferred,12,4677,9.46,0,1.0
VEN0054,2023-09-18,Preferred Service Vendor 054,Preferred,12,3907,9.83,0,1.0
VEN0054,2023-09-25,Preferred Service Vendor 054,Preferred,12,4477,14.91,1,0.8545
VEN0054,2023-10-02,Preferred Service Vendor 054,Preferred,12,3274,14.81,1,0.8595
VEN0054,2023-10-09,Preferred Service Vendor 054,Preferred,12,3562,8.54,0,1.0
VEN0054,2023-10-16,Preferred Service Vendor 054,Preferred,12,4582,8.37,0,1.0
VEN0054,2023-10-23,Preferred Service Vendor 054,Preferred,12,2927,13.75,1,0.9125
VEN0054,2023-10-30,Preferred Service Vendor 054,Preferred,12,4971,16.82,1,0.759
VEN0054,2023-11-06,Preferred Service Vendor 054,Preferred,12,3071,9.3,0,1.0
VEN0054,2023-11-13,Preferred Service Vendor 054,Preferred,12,4803,10.33,0,1.0
VEN0054,2023-11-20,Preferred Service Vendor 054,Preferred,12,7500,14.88,1,0.856
VEN0054,2023-11-27,Preferred Service Vendor 054,Preferred,12,4101,12.83,1,0.9585
VEN0054,2023-12-04,Preferred Service Vendor 054,Preferred,12,3929,7.05,0,1.0
VEN0054,2023-12-11,Preferred Service Vendor 054,Preferred,12,5370,19.55,1,0.6225
VEN0054,2023-12-18,Preferred Service Vendor 054,Preferred,12,3771,18.88,1,0.656
VEN0054,2023-12-25,Preferred Service Vendor 054,Preferred,12,4063,12.49,1,0.9755
VEN0054,2024-01-01,Preferred Service Vendor 054,Preferred,12,4443,18.47,1,0.6765
VEN0054,2024-01-08,Preferred Service Vendor 054,Preferred,12,4028,8.02,0,1.0
VEN0054,2024-01-15,Preferred Service Vendor 054,Preferred,12,5182,11.54,0,1.0
VEN0054,2024-01-22,Preferred Service Vendor 054,Preferred,12,4574,9.18,0,1.0
VEN0054,2024-01-29,Preferred Service Vendor 054,Preferred,12,4893,16.56,1,0.772
VEN0054,2024-02-05,Preferred Service Vendor 054,Preferred,12,5788,14.99,1,0.8505
VEN0054,2024-02-12,Preferred Service Vendor 054,Preferred,12,5536,14.75,1,0.8625
VEN0054,2024-02-19,Preferred Service Vendor 054,Preferred,12,3653,11.34,0,1.0
VEN0054,2024-02-26,Preferred Service Vendor 054,Preferred,12,3012,12.11,1,0.9945
VEN0054,2024-03-04,Preferred Service Vendor 054,Preferred,12,4636,10.28,0,1.0
VEN0054,2024-03-11,Preferred Service Vendor 054,Preferred,12,5638,13.09,1,0.9455
VEN0054,2024-03-18,Preferred Service Vendor 054,Preferred,12,2805,18.12,1,0.694
VEN0054,2024-03-25,Preferred Service Vendor 054,Preferred,12,6033,14.85,1,0.8575
VEN0054,2024-04-01,Preferred Service Vendor 054,Preferred,12,3259,10.15,0,1.0
VEN0054,2024-04-08,Preferred Service Vendor 054,Preferred,12,3700,15.81,1,0.8095
VEN0054,2024-04-15,Preferred Service Vendor 054,Preferred,12,5328,14.47,1,0.8765
VEN0054,2024-04-22,Preferred Service Vendor 054,Preferred,12,5436,10.96,0,1.0
VEN0054,2024-04-29,Preferred Service Vendor 054,Preferred,12,6371,13.33,1,0.9335
VEN0054,2024-05-06,Preferred Service Vendor 054,Preferred,12,3724,14.38,1,0.881
VEN0054,2024-05-13,Preferred Service Vendor 054,Preferred,12,5404,12.3,1,0.985
VEN0054,2024-05-20,Preferred Service Vendor 054,Preferred,12,2513,9.28,0,1.0
VEN0054,2024-05-27,Preferred Service Vendor 054,Preferred,12,1598,13.65,1,0.9175
VEN0054,2024-06-03,Preferred Service Vendor 054,Preferred,12,3895,15.11,1,0.8445
VEN0054,2024-06-10,Preferred Service Vendor 054,Preferred,12,5737,11.82,0,1.0
VEN0054,2024-06-17,Preferred Service Vendor 054,Preferred,12,5236,17.1,1,0.745
VEN0054,2024-06-24,Preferred Service Vendor 054,Preferred,12,5233,15.45,1,0.8275
VEN0054,2024-07-01,Preferred Service Vendor 054,Preferred,12,3454,17.42,1,0.729
VEN0054,2024-07-08,Preferred Service Vendor 054,Preferred,12,3991,18.06,1,0.697
VEN0054,2024-07-15,Preferred Service Vendor 054,Preferred,12,4134,14.18,1,0.891
VEN0054,2024-07-22,Preferred Service Vendor 054,Preferred,12,2510,16.24,1,0.788
VEN0054,2024-07-29,Preferred Service Vendor 054,Preferred,12,3427,16.54,1,0.773
VEN0054,2024-08-05,Preferred Service Vendor 054,Preferred,12,5232,9.53,0,1.0
VEN0054,2024-08-12,Preferred Service Vendor 054,Preferred,12,2414,17.2,1,0.74
VEN0054,2024-08-19,Preferred Service Vendor 054,Preferred,12,4137,9.45,0,1.0
VEN0054,2024-08-26,Preferred Service Vendor 054,Preferred,12,4081,14.6,1,0.87
VEN0054,2024-09-02,Preferred Service Vendor 054,Preferred,12,3446,17.66,1,0.717
VEN0054,2024-09-09,Preferred Service Vendor 054,Preferred,12,5359,17.74,1,0.713
VEN0054,2024-09-16,Preferred Service Vendor 054,Preferred,12,3646,14.06,1,0.897
VEN0054,2024-09-23,Preferred Service Vendor 054,Preferred,12,3766,9.07,0,1.0
VEN0054,2024-09-30,Preferred Service Vendor 054,Preferred,12,4804,14.37,1,0.8815
VEN0054,2024-10-07,Preferred Service Vendor 054,Preferred,12,4656,17.19,1,0.7405
VEN0054,2024-10-14,Preferred Service Vendor 054,Preferred,12,4895,11.93,0,1.0
VEN0054,2024-10-21,Preferred Service Vendor 054,Preferred,12,6821,13.78,1,0.911
VEN0054,2024-10-28,Preferred Service Vendor 054,Preferred,12,3507,17.67,1,0.7165
VEN0054,2024-11-04,Preferred Service Vendor 054,Preferred,12,3484,16.6,1,0.77
VEN0054,2024-11-11,Preferred Service Vendor 054,Preferred,12,3241,12.2,1,0.99
VEN0054,2024-11-18,Preferred Service Vendor 054,Preferred,12,6426,13.71,1,0.9145
VEN0054,2024-11-25,Preferred Service Vendor 054,Preferred,12,3695,16.54,1,0.773
VEN0054,2024-12-02,Preferred Service Vendor 054,Preferred,12,4369,9.37,0,1.0
VEN0054,2024-12-09,Preferred Service Vendor 054,Preferred,12,2986,10.58,0,1.0
VEN0054,2024-12-16,Preferred Service Vendor 054,Preferred,12,5741,11.28,0,1.0
VEN0054,2024-12-23,Preferred Service Vendor 054,Preferred,12,5144,15.19,1,0.8405
VEN0054,2024-12-30,Preferred Service Vendor 054,Preferred,12,4733,8.94,0,1.0
VEN0055,2023-01-02,Preferred Service Vendor 055,Standard,8,4167,5.15,0,1.0
VEN0055,2023-01-09,Preferred Service Vendor 055,Standard,8,3929,10.69,1,0.8655
VEN0055,2023-01-16,Preferred Service Vendor 055,Standard,8,1126,11.66,1,0.817
VEN0055,2023-01-23,Preferred Service Vendor 055,Standard,8,4638,5.88,0,1.0
VEN0055,2023-01-30,Preferred Service Vendor 055,Standard,8,4517,12.26,1,0.787
VEN0055,2023-02-06,Preferred Service Vendor 055,Standard,8,4841,8.25,1,0.9875
VEN0055,2023-02-13,Preferred Service Vendor 055,Standard,8,4377,10.1,1,0.895
VEN0055,2023-02-20,Preferred Service Vendor 055,Standard,8,4909,9.28,1,0.936
VEN0055,2023-02-27,Preferred Service Vendor 055,Standard,8,3303,9.6,1,0.92
VEN0055,2023-03-06,Preferred Service Vendor 055,Standard,8,3830,12.99,1,0.7505
VEN0055,2023-03-13,Preferred Service Vendor 055,Standard,8,5489,7.25,0,1.0
VEN0055,2023-03-20,Preferred Service Vendor 055,Standard,8,4937,5.19,0,1.0
VEN0055,2023-03-27,Preferred Service Vendor 055,Standard,8,3682,10.34,1,0.883
VEN0055,2023-04-03,Preferred Service Vendor 055,Standard,8,4041,6.57,0,1.0
VEN0055,2023-04-10,Preferred Service Vendor 055,Standard,8,5590,10.02,1,0.899
VEN0055,2023-04-17,Preferred Service Vendor 055,Standard,8,4582,6.77,0,1.0
VEN0055,2023-04-24,Preferred Service Vendor 055,Standard,8,5129,11.47,1,0.8265
VEN0055,2023-05-01,Preferred Service Vendor 055,Standard,8,2366,9.26,1,0.937
VEN0055,2023-05-08,Preferred Service Vendor 055,Standard,8,3102,6.51,0,1.0
VEN0055,2023-05-15,Preferred Service Vendor 055,Standard,8,4105,5.64,0,1.0
VEN0055,2023-05-22,Preferred Service Vendor 055,Standard,8,4917,10.26,1,0.887
VEN0055,2023-05-29,Preferred Service Vendor 055,Standard,8,4927,7.65,0,1.0
VEN0055,2023-06-05,Preferred Service Vendor 055,Standard,8,4717,8.12,1,0.994
VEN0055,2023-06-12,Preferred Service Vendor 055,Standard,8,3242,4.6,0,1.0
VEN0055,2023-06-19,Preferred Service Vendor 055,Standard,8,4732,6.6,0,1.0
VEN0055,2023-06-26,Preferred Service Vendor 055,Standard,8,3793,7.0,0,1.0
VEN0055,2023-07-03,Preferred Service Vendor 055,Standard,8,3467,5.1,0,1.0
VEN0055,2023-07-10,Preferred Service Vendor 055,Standard,8,3988,8.7,1,0.965
VEN0055,2023-07-17,Preferred Service Vendor 055,Standard,8,4012,7.68,0,1.0
VEN0055,2023-07-24,Preferred Service Vendor 055,Standard,8,3909,12.45,1,0.7775
VEN0055,2023-07-31,Preferred Service Vendor 055,Standard,8,3176,8.41,1,0.9795
VEN0055,2023-08-07,Preferred Service Vendor 055,Standard,8,2442,10.82,1,0.859
VEN0055,2023-08-14,Preferred Service Vendor 055,Standard,8,3027,8.07,1,0.9965
VEN0055,2023-08-21,Preferred Service Vendor 055,Standard,8,4405,10.08,1,0.896
VEN0055,2023-08-28,Preferred Service Vendor 055,Standard,8,5473,9.57,1,0.9215
VEN0055,2023-09-04,Preferred Service Vendor 055,Standard,8,3012,10.99,1,0.8505
VEN0055,2023-09-11,Preferred Service Vendor 055,Standard,8,3873,7.47,0,1.0
VEN0055,2023-09-18,Preferred Service Vendor 055,Standard,8,5315,4.59,0,1.0
VEN0055,2023-09-25,Preferred Service Vendor 055,Standard,8,2897,9.24,1,0.938
VEN0055,2023-10-02,Preferred Service Vendor 055,Standard,8,3922,6.32,0,1.0
VEN0055,2023-10-09,Preferred Service Vendor 055,Standard,8,3860,9.32,1,0.934
VEN0055,2023-10-16,Preferred Service Vendor 055,Standard,8,5461,9.93,1,0.9035
VEN0055,2023-10-23,Preferred Service Vendor 055,Standard,8,6289,9.95,1,0.9025
VEN0055,2023-10-30,Preferred Service Vendor 055,Standard,8,3846,11.93,1,0.8035
VEN0055,2023-11-06,Preferred Service Vendor 055,Standard,8,3418,9.35,1,0.9325
VEN0055,2023-11-13,Preferred Service Vendor 055,Standard,8,5172,9.62,1,0.919
VEN0055,2023-11-20,Preferred Service Vendor 055,Standard,8,4224,8.69,1,0.9655
VEN0055,2023-11-27,Preferred Service Vendor 055,Standard,8,5529,9.91,1,0.9045
VEN0055,2023-12-04,Preferred Service Vendor 055,Standard,8,3819,10.78,1,0.861
VEN0055,2023-12-11,Preferred Service Vendor 055,Standard,8,4571,9.43,1,0.9285
VEN0055,2023-12-18,Preferred Service Vendor 055,Standard,8,3387,5.5,0,1.0
VEN0055,2023-12-25,Preferred Service Vendor 055,Standard,8,3617,6.55,0,1.0
VEN0055,2024-01-01,Preferred Service Vendor 055,Standard,8,1640,9.6,1,0.92
VEN0055,2024-01-08,Preferred Service Vendor 055,Standard,8,2391,7.69,0,1.0
VEN0055,2024-01-15,Preferred Service Vendor 055,Standard,8,4255,8.9,1,0.955
VEN0055,2024-01-22,Preferred Service Vendor 055,Standard,8,5370,8.65,1,0.9675
VEN0055,2024-01-29,Preferred Service Vendor 055,Standard,8,4358,5.47,0,1.0
VEN0055,2024-02-05,Preferred Service Vendor 055,Standard,8,3252,7.26,0,1.0
VEN0055,2024-02-12,Preferred Service Vendor 055,Standard,8,2534,3.5,0,1.0
VEN0055,2024-02-19,Preferred Service Vendor 055,Standard,8,3503,12.11,1,0.7945
VEN0055,2024-02-26,Preferred Service Vendor 055,Standard,8,3257,10.39,1,0.8805
VEN0055,2024-03-04,Preferred Service Vendor 055,Standard,8,3620,8.41,1,0.9795
VEN0055,2024-03-11,Preferred Service Vendor 055,Standard,8,5029,12.62,1,0.769
VEN0055,2024-03-18,Preferred Service Vendor 055,Standard,8,1346,12.35,1,0.7825
VEN0055,2024-03-25,Preferred Service Vendor 055,Standard,8,4780,10.8,1,0.86
VEN0055,2024-04-01,Preferred Service Vendor 055,Standard,8,5166,11.48,1,0.826
VEN0055,2024-04-08,Preferred Service Vendor 055,Standard,8,2949,6.97,0,1.0
VEN0055,2024-04-15,Preferred Service Vendor 055,Standard,8,5737,11.35,1,0.8325
VEN0055,2024-04-22,Preferred Service Vendor 055,Standard,8,5297,10.52,1,0.874
VEN0055,2024-04-29,Preferred Service Vendor 055,Standard,8,5743,4.56,0,1.0
VEN0055,2024-05-06,Preferred Service Vendor 055,Standard,8,3877,12.6,1,0.77
VEN0055,2024-05-13,Preferred Service Vendor 055,Standard,8,3933,6.31,0,1.0
VEN0055,2024-05-20,Preferred Service Vendor 055,Standard,8,4699,9.55,1,0.9225
VEN0055,2024-05-27,Preferred Service Vendor 055,Standard,8,6484,8.62,1,0.969
VEN0055,2024-06-03,Preferred Service Vendor 055,Standard,8,6230,8.96,1,0.952
VEN0055,2024-06-10,Preferred Service Vendor 055,Standard,8,3462,7.61,0,1.0
VEN0055,2024-06-17,Preferred Service Vendor 055,Standard,8,3425,9.43,1,0.9285
VEN0055,2024-06-24,Preferred Service Vendor 055,Standard,8,5411,8.53,1,0.9735
VEN0055,2024-07-01,Preferred Service Vendor 055,Standard,8,5125,9.47,1,0.9265
VEN0055,2024-07-08,Preferred Service Vendor 055,Standard,8,5276,6.99,0,1.0
VEN0055,2024-07-15,Preferred Service Vendor 055,Standard,8,5252,7.51,0,1.0
VEN0055,2024-07-22,Preferred Service Vendor 055,Standard,8,2349,7.56,0,1.0
VEN0055,2024-07-29,Preferred Service Vendor 055,Standard,8,3535,9.74,1,0.913
VEN0055,2024-08-05,Preferred Service Vendor 055,Standard,8,4363,13.34,1,0.733
VEN0055,2024-08-12,Preferred Service Vendor 055,Standard,8,5424,9.77,1,0.9115
VEN0055,2024-08-19,Preferred Service Vendor 055,Standard,8,3401,8.56,1,0.972
VEN0055,2024-08-26,Preferred Service Vendor 055,Standard,8,4505,4.09,0,1.0
VEN0055,2024-09-02,Preferred Service Vendor 055,Standard,8,4087,10.76,1,0.862
VEN0055,2024-09-09,Preferred Service Vendor 055,Standard,8,3217,9.39,1,0.9305
VEN0055,2024-09-16,Preferred Service Vendor 055,Standard,8,3338,5.2,0,1.0
VEN0055,2024-09-23,Preferred Service Vendor 055,Standard,8,4675,7.47,0,1.0
VEN0055,2024-09-30,Preferred Service Vendor 055,Standard,8,5390,6.74,0,1.0
VEN0055,2024-10-07,Preferred Service Vendor 055,Standard,8,4170,9.0,1,0.95
VEN0055,2024-10-14,Preferred Service Vendor 055,Standard,8,3194,8.35,1,0.9825
VEN0055,2024-10-21,Preferred Service Vendor 055,Standard,8,3659,5.78,0,1.0
VEN0055,2024-10-28,Preferred Service Vendor 055,Standard,8,4118,6.94,0,1.0
VEN0055,2024-11-04,Preferred Service Vendor 055,Standard,8,3597,8.96,1,0.952
VEN0055,2024-11-11,Preferred Service Vendor 055,Standard,8,6399,12.73,1,0.7635
VEN0055,2024-11-18,Preferred Service Vendor 055,Standard,8,5565,10.51,1,0.8745
VEN0055,2024-11-25,Preferred Service Vendor 055,Standard,8,5602,6.75,0,1.0
VEN0055,2024-12-02,Preferred Service Vendor 055,Standard,8,3435,8.22,1,0.989
VEN0055,2024-12-09,Preferred Service Vendor 055,Standard,8,3875,7.59,0,1.0
VEN0055,2024-12-16,Preferred Service Vendor 055,Standard,8,4379,6.41,0,1.0
VEN0055,2024-12-23,Preferred Service Vendor 055,Standard,8,5263,6.36,0,1.0
VEN0055,2024-12-30,Preferred Service Vendor 055,Standard,8,2410,14.01,1,0.6995
VEN0056,2023-01-02,Preferred Service Vendor 056,Strategic,4,3959,3.31,0,1.0
VEN0056,2023-01-09,Preferred Service Vendor 056,Strategic,4,3405,3.41,0,1.0
VEN0056,2023-01-16,Preferred Service Vendor 056,Strategic,4,6004,4.54,1,0.973
VEN0056,2023-01-23,Preferred Service Vendor 056,Strategic,4,2903,6.47,1,0.8765
VEN0056,2023-01-30,Preferred Service Vendor 056,Strategic,4,2076,1.82,0,1.0
VEN0056,2023-02-06,Preferred Service Vendor 056,Strategic,4,2643,3.65,0,1.0
VEN0056,2023-02-13,Preferred Service Vendor 056,Strategic,4,3771,2.31,0,1.0
VEN0056,2023-02-20,Preferred Service Vendor 056,Strategic,4,5679,3.51,0,1.0
VEN0056,2023-02-27,Preferred Service Vendor 056,Strategic,4,4287,6.44,1,0.878
VEN0056,2023-03-06,Preferred Service Vendor 056,Strategic,4,4333,2.09,0,1.0
VEN0056,2023-03-13,Preferred Service Vendor 056,Strategic,4,5356,3.05,0,1.0
VEN0056,2023-03-20,Preferred Service Vendor 056,Strategic,4,2913,5.33,1,0.9335
VEN0056,2023-03-27,Preferred Service Vendor 056,Strategic,4,3053,2.55,0,1.0
VEN0056,2023-04-03,Preferred Service Vendor 056,Strategic,4,5953,4.91,1,0.9545
VEN0056,2023-04-10,Preferred Service Vendor 056,Strategic,4,1634,3.41,0,1.0
VEN0056,2023-04-17,Preferred Service Vendor 056,Strategic,4,5558,2.42,0,1.0
VEN0056,2023-04-24,Preferred Service Vendor 056,Strategic,4,4593,2.69,0,1.0
VEN0056,2023-05-01,Preferred Service Vendor 056,Strategic,4,3789,5.38,1,0.931
VEN0056,2023-05-08,Preferred Service Vendor 056,Strategic,4,3949,3.45,0,1.0
VEN0056,2023-05-15,Preferred Service Vendor 056,Strategic,4,5497,5.02,1,0.949
VEN0056,2023-05-22,Preferred Service Vendor 056,Strategic,4,4295,4.93,1,0.9535
VEN0056,2023-05-29,Preferred Service Vendor 056,Strategic,4,4326,5.74,1,0.913
VEN0056,2023-06-05,Preferred Service Vendor 056,Strategic,4,2383,1.9,0,1.0
VEN0056,2023-06-12,Preferred Service Vendor 056,Strategic,4,4547,2.15,0,1.0
VEN0056,2023-06-19,Preferred Service Vendor 056,Strategic,4,4299,4.76,1,0.962
VEN0056,2023-06-26,Preferred Service Vendor 056,Strategic,4,4733,1.45,0,1.0
VEN0056,2023-07-03,Preferred Service Vendor 056,Strategic,4,5105,3.64,0,1.0
VEN0056,2023-07-10,Preferred Service Vendor 056,Strategic,4,2737,3.77,0,1.0
VEN0056,2023-07-17,Preferred Service Vendor 056,Strategic,4,5322,3.24,0,1.0
VEN0056,2023-07-24,Preferred Service Vendor 056,Strategic,4,6481,4.05,1,0.9975
VEN0056,2023-07-31,Preferred Service Vendor 056,Strategic,4,2916,2.61,0,1.0
VEN0056,2023-08-07,Preferred Service Vendor 056,Strategic,4,3782,4.3,1,0.985
VEN0056,2023-08-14,Preferred Service Vendor 056,Strategic,4,6120,5.35,1,0.9325
VEN0056,2023-08-21,Preferred Service Vendor 056,Strategic,4,6632,5.32,1,0.934
VEN0056,2023-08-28,Preferred Service Vendor 056,Strategic,4,3847,1.42,0,1.0
VEN0056,2023-09-04,Preferred Service Vendor 056,Strategic,4,3819,5.37,1,0.9315
VEN0056,2023-09-11,Preferred Service Vendor 056,Strategic,4,4473,5.66,1,0.917
VEN0056,2023-09-18,Preferred Service Vendor 056,Strategic,4,4779,4.37,1,0.9815
VEN0056,2023-09-25,Preferred Service Vendor 056,Strategic,4,6128,5.29,1,0.9355
VEN0056,2023-10-02,Preferred Service Vendor 056,Strategic,4,4243,4.83,1,0.9585
VEN0056,2023-10-09,Preferred Service Vendor 056,Strategic,4,2764,2.93,0,1.0
VEN0056,2023-10-16,Preferred Service Vendor 056,Strategic,4,3641,5.52,1,0.924
VEN0056,2023-10-23,Preferred Service Vendor 056,Strategic,4,1221,3.14,0,1.0
VEN0056,2023-10-30,Preferred Service Vendor 056,Strategic,4,5299,6.7,1,0.865
VEN0056,2023-11-06,Preferred Service Vendor 056,Strategic,4,5523,5.74,1,0.913
VEN0056,2023-11-13,Preferred Service Vendor 056,Strategic,4,4094,4.2,1,0.99
VEN0056,2023-11-20,Preferred Service Vendor 056,Strategic,4,3610,6.19,1,0.8905
VEN0056,2023-11-27,Preferred Service Vendor 056,Strategic,4,3266,6.35,1,0.8825
VEN0056,2023-12-04,Preferred Service Vendor 056,Strategic,4,3636,3.56,0,1.0
VEN0056,2023-12-11,Preferred Service Vendor 056,Strategic,4,3659,5.65,1,0.9175
VEN0056,2023-12-18,Preferred Service Vendor 056,Strategic,4,5025,4.01,1,0.9995
VEN0056,2023-12-25,Preferred Service Vendor 056,Strategic,4,6364,4.49,1,0.9755
VEN0056,2024-01-01,Preferred Service Vendor 056,Strategic,4,2634,6.37,1,0.8815
VEN0056,2024-01-08,Preferred Service Vendor 056,Strategic,4,5435,4.05,1,0.9975
VEN0056,2024-01-15,Preferred Service Vendor 056,Strategic,4,5841,3.97,0,1.0
VEN0056,2024-01-22,Preferred Service Vendor 056,Strategic,4,3507,6.89,1,0.8555
VEN0056,2024-01-29,Preferred Service Vendor 056,Strategic,4,6135,4.22,1,0.989
VEN0056,2024-02-05,Preferred Service Vendor 056,Strategic,4,3956,2.89,0,1.0
VEN0056,2024-02-12,Preferred Service Vendor 056,Strategic,4,4367,3.74,0,1.0
VEN0056,2024-02-19,Preferred Service Vendor 056,Strategic,4,4959,3.27,0,1.0
VEN0056,2024-02-26,Preferred Service Vendor 056,Strategic,4,5220,3.66,0,1.0
VEN0056,2024-03-04,Preferred Service Vendor 056,Strategic,4,5489,3.5,0,1.0
VEN0056,2024-03-11,Preferred Service Vendor 056,Strategic,4,4379,5.38,1,0.931
VEN0056,2024-03-18,Preferred Service Vendor 056,Strategic,4,3594,2.03,0,1.0
VEN0056,2024-03-25,Preferred Service Vendor 056,Strategic,4,2051,4.35,1,0.9825
VEN0056,2024-04-01,Preferred Service Vendor 056,Strategic,4,3367,3.82,0,1.0
VEN0056,2024-04-08,Preferred Service Vendor 056,Strategic,4,5150,6.13,1,0.8935
VEN0056,2024-04-15,Preferred Service Vendor 056,Strategic,4,5203,5.49,1,0.9255
VEN0056,2024-04-22,Preferred Service Vendor 056,Strategic,4,3677,6.55,1,0.8725
VEN0056,2024-04-29,Preferred Service Vendor 056,Strategic,4,2682,3.25,0,1.0
VEN0056,2024-05-06,Preferred Service Vendor 056,Strategic,4,4277,3.47,0,1.0
VEN0056,2024-05-13,Preferred Service Vendor 056,Strategic,4,2860,2.05,0,1.0
VEN0056,2024-05-20,Preferred Service Vendor 056,Strategic,4,4205,4.02,1,0.999
VEN0056,2024-05-27,Preferred Service Vendor 056,Strategic,4,1604,4.53,1,0.9735
VEN0056,2024-06-03,Preferred Service Vendor 056,Strategic,4,1021,5.92,1,0.904
VEN0056,2024-06-10,Preferred Service Vendor 056,Strategic,4,6485,3.6,0,1.0
VEN0056,2024-06-17,Preferred Service Vendor 056,Strategic,4,6383,2.72,0,1.0
VEN0056,2024-06-24,Preferred Service Vendor 056,Strategic,4,4973,4.36,1,0.982
VEN0056,2024-07-01,Preferred Service Vendor 056,Strategic,4,2653,3.56,0,1.0
VEN0056,2024-07-08,Preferred Service Vendor 056,Strategic,4,3819,6.09,1,0.8955
VEN0056,2024-07-15,Preferred Service Vendor 056,Strategic,4,5983,5.61,1,0.9195
VEN0056,2024-07-22,Preferred Service Vendor 056,Strategic,4,3387,2.3,0,1.0
VEN0056,2024-07-29,Preferred Service Vendor 056,Strategic,4,5570,4.97,1,0.9515
VEN0056,2024-08-05,Preferred Service Vendor 056,Strategic,4,5113,5.61,1,0.9195
VEN0056,2024-08-12,Preferred Service Vendor 056,Strategic,4,5455,5.31,1,0.9345
VEN0056,2024-08-19,Preferred Service Vendor 056,Strategic,4,2959,3.51,0,1.0
VEN0056,2024-08-26,Preferred Service Vendor 056,Strategic,4,5600,2.97,0,1.0
VEN0056,2024-09-02,Preferred Service Vendor 056,Strategic,4,4441,4.97,1,0.9515
VEN0056,2024-09-09,Preferred Service Vendor 056,Strategic,4,6630,5.41,1,0.9295
VEN0056,2024-09-16,Preferred Service Vendor 056,Strategic,4,6202,4.97,1,0.9515
VEN0056,2024-09-23,Preferred Service Vendor 056,Strategic,4,3807,4.47,1,0.9765
VEN0056,2024-09-30,Preferred Service Vendor 056,Strategic,4,4165,4.96,1,0.952
VEN0056,2024-10-07,Preferred Service Vendor 056,Strategic,4,3339,2.88,0,1.0
VEN0056,2024-10-14,Preferred Service Vendor 056,Strategic,4,3761,5.11,1,0.9445
VEN0056,2024-10-21,Preferred Service Vendor 056,Strategic,4,1932,4.29,1,0.9855
VEN0056,2024-10-28,Preferred Service Vendor 056,Strategic,4,2310,6.13,1,0.8935
VEN0056,2024-11-04,Preferred Service Vendor 056,Strategic,4,3380,5.11,1,0.9445
VEN0056,2024-11-11,Preferred Service Vendor 056,Strategic,4,4916,5.16,1,0.942
VEN0056,2024-11-18,Preferred Service Vendor 056,Strategic,4,4543,7.54,1,0.823
VEN0056,2024-11-25,Preferred Service Vendor 056,Strategic,4,3953,2.39,0,1.0
VEN0056,2024-12-02,Preferred Service Vendor 056,Strategic,4,4454,5.75,1,0.9125
VEN0056,2024-12-09,Preferred Service Vendor 056,Strategic,4,3933,2.96,0,1.0
VEN0056,2024-12-16,Preferred Service Vendor 056,Strategic,4,4223,5.41,1,0.9295
VEN0056,2024-12-23,Preferred Service Vendor 056,Strategic,4,3813,5.71,1,0.9145
VEN0056,2024-12-30,Preferred Service Vendor 056,Strategic,4,3457,3.52,0,1.0
VEN0057,2023-01-02,Preferred Service Vendor 057,Standard,12,4037,9.33,0,1.0
VEN0057,2023-01-09,Preferred Service Vendor 057,Standard,12,6780,10.91,0,1.0
VEN0057,2023-01-16,Preferred Service Vendor 057,Standard,12,4269,12.1,1,0.995
VEN0057,2023-01-23,Preferred Service Vendor 057,Standard,12,4187,13.31,1,0.9345
VEN0057,2023-01-30,Preferred Service Vendor 057,Standard,12,4265,9.19,0,1.0
VEN0057,2023-02-06,Preferred Service Vendor 057,Standard,12,5400,15.63,1,0.8185
VEN0057,2023-02-13,Preferred Service Vendor 057,Standard,12,4069,10.64,0,1.0
VEN0057,2023-02-20,Preferred Service Vendor 057,Standard,12,4433,8.59,0,1.0
VEN0057,2023-02-27,Preferred Service Vendor 057,Standard,12,3707,17.6,1,0.72
VEN0057,2023-03-06,Preferred Service Vendor 057,Standard,12,2276,15.52,1,0.824
VEN0057,2023-03-13,Preferred Service Vendor 057,Standard,12,6158,10.32,0,1.0
VEN0057,2023-03-20,Preferred Service Vendor 057,Standard,12,1439,15.52,1,0.824
VEN0057,2023-03-27,Preferred Service Vendor 057,Standard,12,3489,9.53,0,1.0
VEN0057,2023-04-03,Preferred Service Vendor 057,Standard,12,5452,14.99,1,0.8505
VEN0057,2023-04-10,Preferred Service Vendor 057,Standard,12,6027,15.62,1,0.819
VEN0057,2023-04-17,Preferred Service Vendor 057,Standard,12,2531,16.25,1,0.7875
VEN0057,2023-04-24,Preferred Service Vendor 057,Standard,12,939,11.65,0,1.0
VEN0057,2023-05-01,Preferred Service Vendor 057,Standard,12,6836,12.8,1,0.96
VEN0057,2023-05-08,Preferred Service Vendor 057,Standard,12,3809,6.74,0,1.0
VEN0057,2023-05-15,Preferred Service Vendor 057,Standard,12,3806,10.22,0,1.0
VEN0057,2023-05-22,Preferred Service Vendor 057,Standard,12,2618,16.5,1,0.775
VEN0057,2023-05-29,Preferred Service Vendor 057,Standard,12,5659,12.93,1,0.9535
VEN0057,2023-06-05,Preferred Service Vendor 057,Standard,12,3010,13.94,1,0.903
VEN0057,2023-06-12,Preferred Service Vendor 057,Standard,12,4754,12.02,1,0.999
VEN0057,2023-06-19,Preferred Service Vendor 057,Standard,12,5448,15.77,1,0.8115
VEN0057,2023-06-26,Preferred Service Vendor 057,Standard,12,4357,9.64,0,1.0
VEN0057,2023-07-03,Preferred Service Vendor 057,Standard,12,2897,11.01,0,1.0
VEN0057,2023-07-10,Preferred Service Vendor 057,Standard,12,5080,15.87,1,0.8065
VEN0057,2023-07-17,Preferred Service Vendor 057,Standard,12,4164,6.4,0,1.0
VEN0057,2023-07-24,Preferred Service Vendor 057,Standard,12,3120,8.51,0,1.0
VEN0057,2023-07-31,Preferred Service Vendor 057,Standard,12,5236,18.14,1,0.693
VEN0057,2023-08-07,Preferred Service Vendor 057,Standard,12,2668,12.36,1,0.982
VEN0057,2023-08-14,Preferred Service Vendor 057,Standard,12,4976,15.99,1,0.8005
VEN0057,2023-08-21,Preferred Service Vendor 057,Standard,12,5669,8.71,0,1.0
VEN0057,2023-08-28,Preferred Service Vendor 057,Standard,12,5450,13.81,1,0.9095
VEN0057,2023-09-04,Preferred Service Vendor 057,Standard,12,3431,18.74,1,0.663
VEN0057,2023-09-11,Preferred Service Vendor 057,Standard,12,2893,12.12,1,0.994
VEN0057,2023-09-18,Preferred Service Vendor 057,Standard,12,4242,15.28,1,0.836
VEN0057,2023-09-25,Preferred Service Vendor 057,Standard,12,5268,16.55,1,0.7725
VEN0057,2023-10-02,Preferred Service Vendor 057,Standard,12,5003,10.0,0,1.0
VEN0057,2023-10-09,Preferred Service Vendor 057,Standard,12,4860,14.0,1,0.9
VEN0057,2023-10-16,Preferred Service Vendor 057,Standard,12,2882,16.67,1,0.7665
VEN0057,2023-10-23,Preferred Service Vendor 057,Standard,12,3565,16.12,1,0.794
VEN0057,2023-10-30,Preferred Service Vendor 057,Standard,12,5829,17.44,1,0.728
VEN0057,2023-11-06,Preferred Service Vendor 057,Standard,12,5557,13.31,1,0.9345
VEN0057,2023-11-13,Preferred Service Vendor 057,Standard,12,5725,14.73,1,0.8635
VEN0057,2023-11-20,Preferred Service Vendor 057,Standard,12,5298,18.06,1,0.697
VEN0057,2023-11-27,Preferred Service Vendor 057,Standard,12,5100,11.98,0,1.0
VEN0057,2023-12-04,Preferred Service Vendor 057,Standard,12,6300,14.54,1,0.873
VEN0057,2023-12-11,Preferred Service Vendor 057,Standard,12,4706,9.73,0,1.0
VEN0057,2023-12-18,Preferred Service Vendor 057,Standard,12,2770,11.83,0,1.0
VEN0057,2023-12-25,Preferred Service Vendor 057,Standard,12,1756,9.86,0,1.0
VEN0057,2024-01-01,Preferred Service Vendor 057,Standard,12,3881,16.94,1,0.753
VEN0057,2024-01-08,Preferred Service Vendor 057,Standard,12,3151,15.98,1,0.801
VEN0057,2024-01-15,Preferred Service Vendor 057,Standard,12,4634,17.26,1,0.737
VEN0057,2024-01-22,Preferred Service Vendor 057,Standard,12,1667,19.0,1,0.65
VEN0057,2024-01-29,Preferred Service Vendor 057,Standard,12,5352,8.68,0,1.0
VEN0057,2024-02-05,Preferred Service Vendor 057,Standard,12,3729,12.41,1,0.9795
VEN0057,2024-02-12,Preferred Service Vendor 057,Standard,12,4412,17.84,1,0.708
VEN0057,2024-02-19,Preferred Service Vendor 057,Standard,12,4997,13.73,1,0.9135
VEN0057,2024-02-26,Preferred Service Vendor 057,Standard,12,2622,9.68,0,1.0
VEN0057,2024-03-04,Preferred Service Vendor 057,Standard,12,3952,11.26,0,1.0
VEN0057,2024-03-11,Preferred Service Vendor 057,Standard,12,3452,8.4,0,1.0
VEN0057,2024-03-18,Preferred Service Vendor 057,Standard,12,3635,11.47,0,1.0
VEN0057,2024-03-25,Preferred Service Vendor 057,Standard,12,6450,15.32,1,0.834
VEN0057,2024-04-01,Preferred Service Vendor 057,Standard,12,4667,12.94,1,0.953
VEN0057,2024-04-08,Preferred Service Vendor 057,Standard,12,4285,8.07,0,1.0
VEN0057,2024-04-15,Preferred Service Vendor 057,Standard,12,4601,12.3,1,0.985
VEN0057,2024-04-22,Preferred Service Vendor 057,Standard,12,4123,8.88,0,1.0
VEN0057,2024-04-29,Preferred Service Vendor 057,Standard,12,5139,10.99,0,1.0
VEN0057,2024-05-06,Preferred Service Vendor 057,Standard,12,3160,11.07,0,1.0
VEN0057,2024-05-13,Preferred Service Vendor 057,Standard,12,4826,17.34,1,0.733
VEN0057,2024-05-20,Preferred Service Vendor 057,Standard,12,5282,13.65,1,0.9175
VEN0057,2024-05-27,Preferred Service Vendor 057,Standard,12,5049,10.38,0,1.0
VEN0057,2024-06-03,Preferred Service Vendor 057,Standard,12,5388,15.6,1,0.82
VEN0057,2024-06-10,Preferred Service Vendor 057,Standard,12,6204,17.52,1,0.724
VEN0057,2024-06-17,Preferred Service Vendor 057,Standard,12,4848,8.5,0,1.0
VEN0057,2024-06-24,Preferred Service Vendor 057,Standard,12,4775,6.62,0,1.0
VEN0057,2024-07-01,Preferred Service Vendor 057,Standard,12,2979,9.3,0,1.0
VEN0057,2024-07-08,Preferred Service Vendor 057,Standard,12,3383,12.54,1,0.973
VEN0057,2024-07-15,Preferred Service Vendor 057,Standard,12,3602,14.25,1,0.8875
VEN0057,2024-07-22,Preferred Service Vendor 057,Standard,12,4242,12.61,1,0.9695
VEN0057,2024-07-29,Preferred Service Vendor 057,Standard,12,4810,7.24,0,1.0
VEN0057,2024-08-05,Preferred Service Vendor 057,Standard,12,6109,16.07,1,0.7965
VEN0057,2024-08-12,Preferred Service Vendor 057,Standard,12,2475,15.15,1,0.8425
VEN0057,2024-08-19,Preferred Service Vendor 057,Standard,12,4839,8.47,0,1.0
VEN0057,2024-08-26,Preferred Service Vendor 057,Standard,12,3274,15.27,1,0.8365
VEN0057,2024-09-02,Preferred Service Vendor 057,Standard,12,4937,19.13,1,0.6435
VEN0057,2024-09-09,Preferred Service Vendor 057,Standard,12,6052,10.35,0,1.0
VEN0057,2024-09-16,Preferred Service Vendor 057,Standard,12,5119,15.21,1,0.8395
VEN0057,2024-09-23,Preferred Service Vendor 057,Standard,12,4917,15.71,1,0.8145
VEN0057,2024-09-30,Preferred Service Vendor 057,Standard,12,4263,10.59,0,1.0
VEN0057,2024-10-07,Preferred Service Vendor 057,Standard,12,5433,10.17,0,1.0
VEN0057,2024-10-14,Preferred Service Vendor 057,Standard,12,6463,8.07,0,1.0
VEN0057,2024-10-21,Preferred Service Vendor 057,Standard,12,4651,17.28,1,0.736
VEN0057,2024-10-28,Preferred Service Vendor 057,Standard,12,3408,13.65,1,0.9175
VEN0057,2024-11-04,Preferred Service Vendor 057,Standard,12,4853,10.93,0,1.0
VEN0057,2024-11-11,Preferred Service Vendor 057,Standard,12,3607,18.13,1,0.6935
VEN0057,2024-11-18,Preferred Service Vendor 057,Standard,12,1850,14.28,1,0.886
VEN0057,2024-11-25,Preferred Service Vendor 057,Standard,12,3413,15.46,1,0.827
VEN0057,2024-12-02,Preferred Service Vendor 057,Standard,12,4958,17.2,1,0.74
VEN0057,2024-12-09,Preferred Service Vendor 057,Standard,12,3545,8.74,0,1.0
VEN0057,2024-12-16,Preferred Service Vendor 057,Standard,12,6658,14.01,1,0.8995
VEN0057,2024-12-23,Preferred Service Vendor 057,Standard,12,4622,15.01,1,0.8495
VEN0057,2024-12-30,Preferred Service Vendor 057,Standard,12,4671,12.08,1,0.996
VEN0058,2023-01-02,Preferred Service Vendor 058,Standard,24,4026,18.0,0,1.0
VEN0058,2023-01-09,Preferred Service Vendor 058,Standard,24,3384,30.22,1,0.689
VEN0058,2023-01-16,Preferred Service Vendor 058,Standard,24,4516,34.63,1,0.4685
VEN0058,2023-01-23,Preferred Service Vendor 058,Standard,24,7299,28.31,1,0.7845
VEN0058,2023-01-30,Preferred Service Vendor 058,Standard,24,3694,32.99,1,0.5505
VEN0058,2023-02-06,Preferred Service Vendor 058,Standard,24,6270,24.77,1,0.9615
VEN0058,2023-02-13,Preferred Service Vendor 058,Standard,24,2647,25.62,1,0.919
VEN0058,2023-02-20,Preferred Service Vendor 058,Standard,24,3805,32.83,1,0.5585
VEN0058,2023-02-27,Preferred Service Vendor 058,Standard,24,4660,17.62,0,1.0
VEN0058,2023-03-06,Preferred Service Vendor 058,Standard,24,1884,25.25,1,0.9375
VEN0058,2023-03-13,Preferred Service Vendor 058,Standard,24,4319,26.48,1,0.876
VEN0058,2023-03-20,Preferred Service Vendor 058,Standard,24,5084,27.89,1,0.8055
VEN0058,2023-03-27,Preferred Service Vendor 058,Standard,24,2357,36.07,1,0.3965
VEN0058,2023-04-03,Preferred Service Vendor 058,Standard,24,3818,31.67,1,0.6165
VEN0058,2023-04-10,Preferred Service Vendor 058,Standard,24,4809,22.08,0,1.0
VEN0058,2023-04-17,Preferred Service Vendor 058,Standard,24,2827,18.91,0,1.0
VEN0058,2023-04-24,Preferred Service Vendor 058,Standard,24,3646,21.05,0,1.0
VEN0058,2023-05-01,Preferred Service Vendor 058,Standard,24,5788,24.73,1,0.9635
VEN0058,2023-05-08,Preferred Service Vendor 058,Standard,24,3313,36.08,1,0.396
VEN0058,2023-05-15,Preferred Service Vendor 058,Standard,24,5827,31.18,1,0.641
VEN0058,2023-05-22,Preferred Service Vendor 058,Standard,24,5923,33.35,1,0.5325
VEN0058,2023-05-29,Preferred Service Vendor 058,Standard,24,4661,34.55,1,0.4725
VEN0058,2023-06-05,Preferred Service Vendor 058,Standard,24,3496,34.98,1,0.451
VEN0058,2023-06-12,Preferred Service Vendor 058,Standard,24,2787,21.76,0,1.0
VEN0058,2023-06-19,Preferred Service Vendor 058,Standard,24,6071,19.28,0,1.0
VEN0058,2023-06-26,Preferred Service Vendor 058,Standard,24,4447,34.77,1,0.4615
VEN0058,2023-07-03,Preferred Service Vendor 058,Standard,24,4444,30.98,1,0.651
VEN0058,2023-07-10,Preferred Service Vendor 058,Standard,24,5183,17.89,0,1.0
VEN0058,2023-07-17,Preferred Service Vendor 058,Standard,24,6002,30.11,1,0.6945
VEN0058,2023-07-24,Preferred Service Vendor 058,Standard,24,2887,26.94,1,0.853
VEN0058,2023-07-31,Preferred Service Vendor 058,Standard,24,3550,35.88,1,0.406
VEN0058,2023-08-07,Preferred Service Vendor 058,Standard,24,5762,33.57,1,0.5215
VEN0058,2023-08-14,Preferred Service Vendor 058,Standard,24,2682,18.99,0,1.0
VEN0058,2023-08-21,Preferred Service Vendor 058,Standard,24,4639,25.58,1,0.921
VEN0058,2023-08-28,Preferred Service Vendor 058,Standard,24,3557,28.55,1,0.7725
VEN0058,2023-09-04,Preferred Service Vendor 058,Standard,24,1584,30.4,1,0.68
VEN0058,2023-09-11,Preferred Service Vendor 058,Standard,24,3973,32.7,1,0.565
VEN0058,2023-09-18,Preferred Service Vendor 058,Standard,24,1797,25.13,1,0.9435
VEN0058,2023-09-25,Preferred Service Vendor 058,Standard,24,5261,30.76,1,0.662
VEN0058,2023-10-02,Preferred Service Vendor 058,Standard,24,3366,14.44,0,1.0
VEN0058,2023-10-09,Preferred Service Vendor 058,Standard,24,2350,22.06,0,1.0
VEN0058,2023-10-16,Preferred Service Vendor 058,Standard,24,3684,22.58,0,1.0
VEN0058,2023-10-23,Preferred Service Vendor 058,Standard,24,5408,31.9,1,0.605
VEN0058,2023-10-30,Preferred Service Vendor 058,Standard,24,4792,28.42,1,0.779
VEN0058,2023-11-06,Preferred Service Vendor 058,Standard,24,3330,27.01,1,0.8495
VEN0058,2023-11-13,Preferred Service Vendor 058,Standard,24,1534,30.46,1,0.677
VEN0058,2023-11-20,Preferred Service Vendor 058,Standard,24,3471,19.2,0,1.0
VEN0058,2023-11-27,Preferred Service Vendor 058,Standard,24,3691,21.43,0,1.0
VEN0058,2023-12-04,Preferred Service Vendor 058,Standard,24,2494,17.97,0,1.0
VEN0058,2023-12-11,Preferred Service Vendor 058,Standard,24,5992,25.84,1,0.908
VEN0058,2023-12-18,Preferred Service Vendor 058,Standard,24,2998,35.8,1,0.41
VEN0058,2023-12-25,Preferred Service Vendor 058,Standard,24,2477,38.06,1,0.35
VEN0058,2024-01-01,Preferred Service Vendor 058,Standard,24,5487,25.72,1,0.914
VEN0058,2024-01-08,Preferred Service Vendor 058,Standard,24,6322,23.07,0,1.0
VEN0058,2024-01-15,Preferred Service Vendor 058,Standard,24,2144,31.31,1,0.6345
VEN0058,2024-01-22,Preferred Service Vendor 058,Standard,24,5671,36.08,1,0.396
VEN0058,2024-01-29,Preferred Service Vendor 058,Standard,24,5804,22.49,0,1.0
VEN0058,2024-02-05,Preferred Service Vendor 058,Standard,24,3360,28.67,1,0.7665
VEN0058,2024-02-12,Preferred Service Vendor 058,Standard,24,4974,15.0,0,1.0
VEN0058,2024-02-19,Preferred Service Vendor 058,Standard,24,3940,23.26,0,1.0
VEN0058,2024-02-26,Preferred Service Vendor 058,Standard,24,1971,28.49,1,0.7755
VEN0058,2024-03-04,Preferred Service Vendor 058,Standard,24,3464,31.46,1,0.627
VEN0058,2024-03-11,Preferred Service Vendor 058,Standard,24,3072,19.75,0,1.0
VEN0058,2024-03-18,Preferred Service Vendor 058,Standard,24,2778,19.93,0,1.0
VEN0058,2024-03-25,Preferred Service Vendor 058,Standard,24,6238,24.95,1,0.9525
VEN0058,2024-04-01,Preferred Service Vendor 058,Standard,24,3431,27.17,1,0.8415
VEN0058,2024-04-08,Preferred Service Vendor 058,Standard,24,2558,20.85,0,1.0
VEN0058,2024-04-15,Preferred Service Vendor 058,Standard,24,5226,15.72,0,1.0
VEN0058,2024-04-22,Preferred Service Vendor 058,Standard,24,5731,24.94,1,0.953
VEN0058,2024-04-29,Preferred Service Vendor 058,Standard,24,3180,29.8,1,0.71
VEN0058,2024-05-06,Preferred Service Vendor 058,Standard,24,5415,26.79,1,0.8605
VEN0058,2024-05-13,Preferred Service Vendor 058,Standard,24,4447,31.66,1,0.617
VEN0058,2024-05-20,Preferred Service Vendor 058,Standard,24,5529,23.28,0,1.0
VEN0058,2024-05-27,Preferred Service Vendor 058,Standard,24,4271,25.6,1,0.92
VEN0058,2024-06-03,Preferred Service Vendor 058,Standard,24,3458,21.39,0,1.0
VEN0058,2024-06-10,Preferred Service Vendor 058,Standard,24,4496,27.38,1,0.831
VEN0058,2024-06-17,Preferred Service Vendor 058,Standard,24,5542,28.2,1,0.79
VEN0058,2024-06-24,Preferred Service Vendor 058,Standard,24,4676,29.92,1,0.704
VEN0058,2024-07-01,Preferred Service Vendor 058,Standard,24,500,31.83,1,0.6085
VEN0058,2024-07-08,Preferred Service Vendor 058,Standard,24,3911,37.46,1,0.35
VEN0058,2024-07-15,Preferred Service Vendor 058,Standard,24,4376,22.56,0,1.0
VEN0058,2024-07-22,Preferred Service Vendor 058,Standard,24,3731,30.95,1,0.6525
VEN0058,2024-07-29,Preferred Service Vendor 058,Standard,24,4310,30.67,1,0.6665
VEN0058,2024-08-05,Preferred Service Vendor 058,Standard,24,3533,18.89,0,1.0
VEN0058,2024-08-12,Preferred Service Vendor 058,Standard,24,4546,34.83,1,0.4585
VEN0058,2024-08-19,Preferred Service Vendor 058,Standard,24,2770,29.9,1,0.705
VEN0058,2024-08-26,Preferred Service Vendor 058,Standard,24,3898,29.33,1,0.7335
VEN0058,2024-09-02,Preferred Service Vendor 058,Standard,24,4648,18.87,0,1.0
VEN0058,2024-09-09,Preferred Service Vendor 058,Standard,24,4579,35.99,1,0.4005
VEN0058,2024-09-16,Preferred Service Vendor 058,Standard,24,4774,23.78,0,1.0
VEN0058,2024-09-23,Preferred Service Vendor 058,Standard,24,2386,31.71,1,0.6145
VEN0058,2024-09-30,Preferred Service Vendor 058,Standard,24,2508,30.64,1,0.668
VEN0058,2024-10-07,Preferred Service Vendor 058,Standard,24,2729,36.82,1,0.359
VEN0058,2024-10-14,Preferred Service Vendor 058,Standard,24,5169,27.82,1,0.809
VEN0058,2024-10-21,Preferred Service Vendor 058,Standard,24,3448,17.69,0,1.0
VEN0058,2024-10-28,Preferred Service Vendor 058,Standard,24,5093,28.98,1,0.751
VEN0058,2024-11-04,Preferred Service Vendor 058,Standard,24,5239,26.52,1,0.874
VEN0058,2024-11-11,Preferred Service Vendor 058,Standard,24,2520,30.81,1,0.6595
VEN0058,2024-11-18,Preferred Service Vendor 058,Standard,24,4133,21.37,0,1.0
VEN0058,2024-11-25,Preferred Service Vendor 058,Standard,24,3047,31.31,1,0.6345
VEN0058,2024-12-02,Preferred Service Vendor 058,Standard,24,3458,21.42,0,1.0
VEN0058,2024-12-09,Preferred Service Vendor 058,Standard,24,6367,19.67,0,1.0
VEN0058,2024-12-16,Preferred Service Vendor 058,Standard,24,3469,37.6,1,0.35
VEN0058,2024-12-23,Preferred Service Vendor 058,Standard,24,4491,30.21,1,0.6895
VEN0058,2024-12-30,Preferred Service Vendor 058,Standard,24,2635,29.93,1,0.7035
VEN0059,2023-01-02,Preferred Service Vendor 059,Standard,24,5015,22.12,0,1.0
VEN0059,2023-01-09,Preferred Service Vendor 059,Standard,24,4155,29.44,1,0.728
VEN0059,2023-01-16,Preferred Service Vendor 059,Standard,24,6313,22.49,0,1.0
VEN0059,2023-01-23,Preferred Service Vendor 059,Standard,24,3320,20.63,0,1.0
VEN0059,2023-01-30,Preferred Service Vendor 059,Standard,24,6294,24.31,1,0.9845
VEN0059,2023-02-06,Preferred Service Vendor 059,Standard,24,3629,20.25,0,1.0
VEN0059,2023-02-13,Preferred Service Vendor 059,Standard,24,5712,35.39,1,0.4305
VEN0059,2023-02-20,Preferred Service Vendor 059,Standard,24,5247,34.7,1,0.465
VEN0059,2023-02-27,Preferred Service Vendor 059,Standard,24,3515,31.65,1,0.6175
VEN0059,2023-03-06,Preferred Service Vendor 059,Standard,24,3596,29.92,1,0.704
VEN0059,2023-03-13,Preferred Service Vendor 059,Standard,24,7332,27.15,1,0.8425
VEN0059,2023-03-20,Preferred Service Vendor 059,Standard,24,3489,26.89,1,0.8555
VEN0059,2023-03-27,Preferred Service Vendor 059,Standard,24,5274,19.66,0,1.0
VEN0059,2023-04-03,Preferred Service Vendor 059,Standard,24,4041,25.54,1,0.923
VEN0059,2023-04-10,Preferred Service Vendor 059,Standard,24,4525,32.28,1,0.586
VEN0059,2023-04-17,Preferred Service Vendor 059,Standard,24,4924,19.41,0,1.0
VEN0059,2023-04-24,Preferred Service Vendor 059,Standard,24,5077,34.64,1,0.468
VEN0059,2023-05-01,Preferred Service Vendor 059,Standard,24,3250,34.03,1,0.4985
VEN0059,2023-05-08,Preferred Service Vendor 059,Standard,24,4278,17.99,0,1.0
VEN0059,2023-05-15,Preferred Service Vendor 059,Standard,24,4726,29.68,1,0.716
VEN0059,2023-05-22,Preferred Service Vendor 059,Standard,24,5580,31.97,1,0.6015
VEN0059,2023-05-29,Preferred Service Vendor 059,Standard,24,2643,28.52,1,0.774
VEN0059,2023-06-05,Preferred Service Vendor 059,Standard,24,2115,32.54,1,0.573
VEN0059,2023-06-12,Preferred Service Vendor 059,Standard,24,3636,14.84,0,1.0
VEN0059,2023-06-19,Preferred Service Vendor 059,Standard,24,6049,26.55,1,0.8725
VEN0059,2023-06-26,Preferred Service Vendor 059,Standard,24,5951,22.02,0,1.0
VEN0059,2023-07-03,Preferred Service Vendor 059,Standard,24,3960,31.06,1,0.647
VEN0059,2023-07-10,Preferred Service Vendor 059,Standard,24,5121,21.36,0,1.0
VEN0059,2023-07-17,Preferred Service Vendor 059,Standard,24,4638,33.44,1,0.528
VEN0059,2023-07-24,Preferred Service Vendor 059,Standard,24,6175,17.54,0,1.0
VEN0059,2023-07-31,Preferred Service Vendor 059,Standard,24,5612,36.65,1,0.3675
VEN0059,2023-08-07,Preferred Service Vendor 059,Standard,24,2749,20.28,0,1.0
VEN0059,2023-08-14,Preferred Service Vendor 059,Standard,24,3824,25.9,1,0.905
VEN0059,2023-08-21,Preferred Service Vendor 059,Standard,24,5210,27.38,1,0.831
VEN0059,2023-08-28,Preferred Service Vendor 059,Standard,24,1872,22.82,0,1.0
VEN0059,2023-09-04,Preferred Service Vendor 059,Standard,24,4238,35.58,1,0.421
VEN0059,2023-09-11,Preferred Service Vendor 059,Standard,24,4358,35.09,1,0.4455
VEN0059,2023-09-18,Preferred Service Vendor 059,Standard,24,4664,27.9,1,0.805
VEN0059,2023-09-25,Preferred Service Vendor 059,Standard,24,4596,26.33,1,0.8835
VEN0059,2023-10-02,Preferred Service Vendor 059,Standard,24,777,28.18,1,0.791
VEN0059,2023-10-09,Preferred Service Vendor 059,Standard,24,4418,33.78,1,0.511
VEN0059,2023-10-16,Preferred Service Vendor 059,Standard,24,5311,30.05,1,0.6975
VEN0059,2023-10-23,Preferred Service Vendor 059,Standard,24,2523,31.32,1,0.634
VEN0059,2023-10-30,Preferred Service Vendor 059,Standard,24,3079,29.4,1,0.73
VEN0059,2023-11-06,Preferred Service Vendor 059,Standard,24,4152,21.18,0,1.0
VEN0059,2023-11-13,Preferred Service Vendor 059,Standard,24,3788,30.58,1,0.671
VEN0059,2023-11-20,Preferred Service Vendor 059,Standard,24,5331,29.88,1,0.706
VEN0059,2023-11-27,Preferred Service Vendor 059,Standard,24,5152,22.91,0,1.0
VEN0059,2023-12-04,Preferred Service Vendor 059,Standard,24,2861,33.81,1,0.5095
VEN0059,2023-12-11,Preferred Service Vendor 059,Standard,24,2718,25.43,1,0.9285
VEN0059,2023-12-18,Preferred Service Vendor 059,Standard,24,2738,36.76,1,0.362
VEN0059,2023-12-25,Preferred Service Vendor 059,Standard,24,4631,27.07,1,0.8465
VEN0059,2024-01-01,Preferred Service Vendor 059,Standard,24,4726,22.77,0,1.0
VEN0059,2024-01-08,Preferred Service Vendor 059,Standard,24,4074,16.51,0,1.0
VEN0059,2024-01-15,Preferred Service Vendor 059,Standard,24,2686,14.7,0,1.0
VEN0059,2024-01-22,Preferred Service Vendor 059,Standard,24,4684,18.37,0,1.0
VEN0059,2024-01-29,Preferred Service Vendor 059,Standard,24,3864,16.23,0,1.0
VEN0059,2024-02-05,Preferred Service Vendor 059,Standard,24,1435,28.48,1,0.776
VEN0059,2024-02-12,Preferred Service Vendor 059,Standard,24,4321,33.44,1,0.528
VEN0059,2024-02-19,Preferred Service Vendor 059,Standard,24,4359,32.72,1,0.564
VEN0059,2024-02-26,Preferred Service Vendor 059,Standard,24,3453,22.96,0,1.0
VEN0059,2024-03-04,Preferred Service Vendor 059,Standard,24,5778,35.87,1,0.4065
VEN0059,2024-03-11,Preferred Service Vendor 059,Standard,24,4705,24.46,1,0.977
VEN0059,2024-03-18,Preferred Service Vendor 059,Standard,24,3601,31.19,1,0.6405
VEN0059,2024-03-25,Preferred Service Vendor 059,Standard,24,4955,18.3,0,1.0
VEN0059,2024-04-01,Preferred Service Vendor 059,Standard,24,3669,21.23,0,1.0
VEN0059,2024-04-08,Preferred Service Vendor 059,Standard,24,1508,24.92,1,0.954
VEN0059,2024-04-15,Preferred Service Vendor 059,Standard,24,3718,34.22,1,0.489
VEN0059,2024-04-22,Preferred Service Vendor 059,Standard,24,4030,28.34,1,0.783
VEN0059,2024-04-29,Preferred Service Vendor 059,Standard,24,4264,33.42,1,0.529
VEN0059,2024-05-06,Preferred Service Vendor 059,Standard,24,4714,21.82,0,1.0
VEN0059,2024-05-13,Preferred Service Vendor 059,Standard,24,4619,27.75,1,0.8125
VEN0059,2024-05-20,Preferred Service Vendor 059,Standard,24,1928,24.76,1,0.962
VEN0059,2024-05-27,Preferred Service Vendor 059,Standard,24,3902,20.96,0,1.0
VEN0059,2024-06-03,Preferred Service Vendor 059,Standard,24,3681,28.2,1,0.79
VEN0059,2024-06-10,Preferred Service Vendor 059,Standard,24,3868,26.48,1,0.876
VEN0059,2024-06-17,Preferred Service Vendor 059,Standard,24,3209,35.64,1,0.418
VEN0059,2024-06-24,Preferred Service Vendor 059,Standard,24,2603,29.35,1,0.7325
VEN0059,2024-07-01,Preferred Service Vendor 059,Standard,24,4610,17.89,0,1.0
VEN0059,2024-07-08,Preferred Service Vendor 059,Standard,24,5281,25.02,1,0.949
VEN0059,2024-07-15,Preferred Service Vendor 059,Standard,24,4943,33.02,1,0.549
VEN0059,2024-07-22,Preferred Service Vendor 059,Standard,24,3162,24.5,1,0.975
VEN0059,2024-07-29,Preferred Service Vendor 059,Standard,24,4578,16.75,0,1.0
VEN0059,2024-08-05,Preferred Service Vendor 059,Standard,24,2920,25.1,1,0.945
VEN0059,2024-08-12,Preferred Service Vendor 059,Standard,24,2485,30.15,1,0.6925
VEN0059,2024-08-19,Preferred Service Vendor 059,Standard,24,6361,22.72,0,1.0
VEN0059,2024-08-26,Preferred Service Vendor 059,Standard,24,3091,26.13,1,0.8935
VEN0059,2024-09-02,Preferred Service Vendor 059,Standard,24,3284,27.84,1,0.808
VEN0059,2024-09-09,Preferred Service Vendor 059,Standard,24,4100,36.77,1,0.3615
VEN0059,2024-09-16,Preferred Service Vendor 059,Standard,24,3780,16.83,0,1.0
VEN0059,2024-09-23,Preferred Service Vendor 059,Standard,24,5989,22.37,0,1.0
VEN0059,2024-09-30,Preferred Service Vendor 059,Standard,24,4248,17.27,0,1.0
VEN0059,2024-10-07,Preferred Service Vendor 059,Standard,24,5480,31.11,1,0.6445
VEN0059,2024-10-14,Preferred Service Vendor 059,Standard,24,3234,17.37,0,1.0
VEN0059,2024-10-21,Preferred Service Vendor 059,Standard,24,5483,28.64,1,0.768
VEN0059,2024-10-28,Preferred Service Vendor 059,Standard,24,4781,33.23,1,0.5385
VEN0059,2024-11-04,Preferred Service Vendor 059,Standard,24,5430,33.05,1,0.5475
VEN0059,2024-11-11,Preferred Service Vendor 059,Standard,24,3305,20.3,0,1.0
VEN0059,2024-11-18,Preferred Service Vendor 059,Standard,24,6470,34.41,1,0.4795
VEN0059,2024-11-25,Preferred Service Vendor 059,Standard,24,2483,26.07,1,0.8965
VEN0059,2024-12-02,Preferred Service Vendor 059,Standard,24,4106,25.46,1,0.927
VEN0059,2024-12-09,Preferred Service Vendor 059,Standard,24,2752,17.87,0,1.0
VEN0059,2024-12-16,Preferred Service Vendor 059,Standard,24,4539,29.82,1,0.709
VEN0059,2024-12-23,Preferred Service Vendor 059,Standard,24,3085,23.05,0,1.0
VEN0059,2024-12-30,Preferred Service Vendor 059,Standard,24,3331,16.35,0,1.0
VEN0060,2023-01-02,Preferred Service Vendor 060,Strategic,8,4424,10.25,1,0.8875
VEN0060,2023-01-09,Preferred Service Vendor 060,Strategic,8,3382,11.6,1,0.82
VEN0060,2023-01-16,Preferred Service Vendor 060,Strategic,8,4514,11.94,1,0.803
VEN0060,2023-01-23,Preferred Service Vendor 060,Strategic,8,3633,5.42,0,1.0
VEN0060,2023-01-30,Preferred Service Vendor 060,Strategic,8,3447,8.65,1,0.9675
VEN0060,2023-02-06,Preferred Service Vendor 060,Strategic,8,2804,9.47,1,0.9265
VEN0060,2023-02-13,Preferred Service Vendor 060,Strategic,8,4643,12.87,1,0.7565
VEN0060,2023-02-20,Preferred Service Vendor 060,Strategic,8,3953,11.73,1,0.8135
VEN0060,2023-02-27,Preferred Service Vendor 060,Strategic,8,3726,12.74,1,0.763
VEN0060,2023-03-06,Preferred Service Vendor 060,Strategic,8,3901,8.11,1,0.9945
VEN0060,2023-03-13,Preferred Service Vendor 060,Strategic,8,4901,12.67,1,0.7665
VEN0060,2023-03-20,Preferred Service Vendor 060,Strategic,8,2199,8.32,1,0.984
VEN0060,2023-03-27,Preferred Service Vendor 060,Strategic,8,4044,5.62,0,1.0
VEN0060,2023-04-03,Preferred Service Vendor 060,Strategic,8,6112,4.89,0,1.0
VEN0060,2023-04-10,Preferred Service Vendor 060,Strategic,8,5395,8.35,1,0.9825
VEN0060,2023-04-17,Preferred Service Vendor 060,Strategic,8,3971,5.88,0,1.0
VEN0060,2023-04-24,Preferred Service Vendor 060,Strategic,8,4981,5.98,0,1.0
VEN0060,2023-05-01,Preferred Service Vendor 060,Strategic,8,5110,12.34,1,0.783
VEN0060,2023-05-08,Preferred Service Vendor 060,Strategic,8,5427,7.98,0,1.0
VEN0060,2023-05-15,Preferred Service Vendor 060,Strategic,8,1221,5.76,0,1.0
VEN0060,2023-05-22,Preferred Service Vendor 060,Strategic,8,2935,6.1,0,1.0
VEN0060,2023-05-29,Preferred Service Vendor 060,Strategic,8,4414,10.77,1,0.8615
VEN0060,2023-06-05,Preferred Service Vendor 060,Strategic,8,4411,6.22,0,1.0
VEN0060,2023-06-12,Preferred Service Vendor 060,Strategic,8,4290,4.89,0,1.0
VEN0060,2023-06-19,Preferred Service Vendor 060,Strategic,8,4321,9.59,1,0.9205
VEN0060,2023-06-26,Preferred Service Vendor 060,Strategic,8,6185,6.53,0,1.0
VEN0060,2023-07-03,Preferred Service Vendor 060,Strategic,8,5313,6.14,0,1.0
VEN0060,2023-07-10,Preferred Service Vendor 060,Strategic,8,3698,7.28,0,1.0
VEN0060,2023-07-17,Preferred Service Vendor 060,Strategic,8,1050,5.67,0,1.0
VEN0060,2023-07-24,Preferred Service Vendor 060,Strategic,8,2505,6.17,0,1.0
VEN0060,2023-07-31,Preferred Service Vendor 060,Strategic,8,5059,8.53,1,0.9735
VEN0060,2023-08-07,Preferred Service Vendor 060,Strategic,8,3386,8.74,1,0.963
VEN0060,2023-08-14,Preferred Service Vendor 060,Strategic,8,2068,10.62,1,0.869
VEN0060,2023-08-21,Preferred Service Vendor 060,Strategic,8,5559,7.01,0,1.0
VEN0060,2023-08-28,Preferred Service Vendor 060,Strategic,8,5755,6.35,0,1.0
VEN0060,2023-09-04,Preferred Service Vendor 060,Strategic,8,3365,9.31,1,0.9345
VEN0060,2023-09-11,Preferred Service Vendor 060,Strategic,8,2945,9.33,1,0.9335
VEN0060,2023-09-18,Preferred Service Vendor 060,Strategic,8,4968,6.23,0,1.0
VEN0060,2023-09-25,Preferred Service Vendor 060,Strategic,8,3384,7.51,0,1.0
VEN0060,2023-10-02,Preferred Service Vendor 060,Strategic,8,3997,13.48,1,0.726
VEN0060,2023-10-09,Preferred Service Vendor 060,Strategic,8,1980,6.44,0,1.0
VEN0060,2023-10-16,Preferred Service Vendor 060,Strategic,8,3437,11.93,1,0.8035
VEN0060,2023-10-23,Preferred Service Vendor 060,Strategic,8,5445,8.51,1,0.9745
VEN0060,2023-10-30,Preferred Service Vendor 060,Strategic,8,4907,10.23,1,0.8885
VEN0060,2023-11-06,Preferred Service Vendor 060,Strategic,8,2033,11.34,1,0.833
VEN0060,2023-11-13,Preferred Service Vendor 060,Strategic,8,3978,6.02,0,1.0
VEN0060,2023-11-20,Preferred Service Vendor 060,Strategic,8,4810,11.08,1,0.846
VEN0060,2023-11-27,Preferred Service Vendor 060,Strategic,8,5491,8.31,1,0.9845
VEN0060,2023-12-04,Preferred Service Vendor 060,Strategic,8,2261,11.52,1,0.824
VEN0060,2023-12-11,Preferred Service Vendor 060,Strategic,8,4186,10.85,1,0.8575
VEN0060,2023-12-18,Preferred Service Vendor 060,Strategic,8,4984,6.59,0,1.0
VEN0060,2023-12-25,Preferred Service Vendor 060,Strategic,8,5964,11.47,1,0.8265
VEN0060,2024-01-01,Preferred Service Vendor 060,Strategic,8,3527,8.63,1,0.9685
VEN0060,2024-01-08,Preferred Service Vendor 060,Strategic,8,4323,11.17,1,0.8415
VEN0060,2024-01-15,Preferred Service Vendor 060,Strategic,8,1292,5.57,0,1.0
VEN0060,2024-01-22,Preferred Service Vendor 060,Strategic,8,5273,11.36,1,0.832
VEN0060,2024-01-29,Preferred Service Vendor 060,Strategic,8,3462,12.95,1,0.7525
VEN0060,2024-02-05,Preferred Service Vendor 060,Strategic,8,4817,5.16,0,1.0
VEN0060,2024-02-12,Preferred Service Vendor 060,Strategic,8,500,6.35,0,1.0
VEN0060,2024-02-19,Preferred Service Vendor 060,Strategic,8,4530,10.7,1,0.865
VEN0060,2024-02-26,Preferred Service Vendor 060,Strategic,8,5218,8.1,1,0.995
VEN0060,2024-03-04,Preferred Service Vendor 060,Strategic,8,4074,9.5,1,0.925
VEN0060,2024-03-11,Preferred Service Vendor 060,Strategic,8,5225,8.65,1,0.9675
VEN0060,2024-03-18,Preferred Service Vendor 060,Strategic,8,6405,9.22,1,0.939
VEN0060,2024-03-25,Preferred Service Vendor 060,Strategic,8,4171,10.07,1,0.8965
VEN0060,2024-04-01,Preferred Service Vendor 060,Strategic,8,4129,11.64,1,0.818
VEN0060,2024-04-08,Preferred Service Vendor 060,Strategic,8,4811,10.2,1,0.89
VEN0060,2024-04-15,Preferred Service Vendor 060,Strategic,8,5402,9.19,1,0.9405
VEN0060,2024-04-22,Preferred Service Vendor 060,Strategic,8,7952,7.72,0,1.0
VEN0060,2024-04-29,Preferred Service Vendor 060,Strategic,8,4636,11.94,1,0.803
VEN0060,2024-05-06,Preferred Service Vendor 060,Strategic,8,3768,6.14,0,1.0
VEN0060,2024-05-13,Preferred Service Vendor 060,Strategic,8,2918,11.36,1,0.832
VEN0060,2024-05-20,Preferred Service Vendor 060,Strategic,8,2308,8.48,1,0.976
VEN0060,2024-05-27,Preferred Service Vendor 060,Strategic,8,4899,6.94,0,1.0
VEN0060,2024-06-03,Preferred Service Vendor 060,Strategic,8,3587,10.04,1,0.898
VEN0060,2024-06-10,Preferred Service Vendor 060,Strategic,8,5046,7.62,0,1.0
VEN0060,2024-06-17,Preferred Service Vendor 060,Strategic,8,5481,7.67,0,1.0
VEN0060,2024-06-24,Preferred Service Vendor 060,Strategic,8,4417,7.13,0,1.0
VEN0060,2024-07-01,Preferred Service Vendor 060,Strategic,8,4602,6.95,0,1.0
VEN0060,2024-07-08,Preferred Service Vendor 060,Strategic,8,5435,4.11,0,1.0
VEN0060,2024-07-15,Preferred Service Vendor 060,Strategic,8,4478,8.7,1,0.965
VEN0060,2024-07-22,Preferred Service Vendor 060,Strategic,8,5343,7.02,0,1.0
VEN0060,2024-07-29,Preferred Service Vendor 060,Strategic,8,3768,5.29,0,1.0
VEN0060,2024-08-05,Preferred Service Vendor 060,Strategic,8,3573,10.92,1,0.854
VEN0060,2024-08-12,Preferred Service Vendor 060,Strategic,8,4113,7.59,0,1.0
VEN0060,2024-08-19,Preferred Service Vendor 060,Strategic,8,4018,11.64,1,0.818
VEN0060,2024-08-26,Preferred Service Vendor 060,Strategic,8,6564,8.18,1,0.991
VEN0060,2024-09-02,Preferred Service Vendor 060,Strategic,8,2507,5.87,0,1.0
VEN0060,2024-09-09,Preferred Service Vendor 060,Strategic,8,2569,10.14,1,0.893
VEN0060,2024-09-16,Preferred Service Vendor 060,Strategic,8,6128,8.52,1,0.974
VEN0060,2024-09-23,Preferred Service Vendor 060,Strategic,8,3738,8.96,1,0.952
VEN0060,2024-09-30,Preferred Service Vendor 060,Strategic,8,1859,10.22,1,0.889
VEN0060,2024-10-07,Preferred Service Vendor 060,Strategic,8,5552,13.42,1,0.729
VEN0060,2024-10-14,Preferred Service Vendor 060,Strategic,8,2685,10.63,1,0.8685
VEN0060,2024-10-21,Preferred Service Vendor 060,Strategic,8,4771,5.85,0,1.0
VEN0060,2024-10-28,Preferred Service Vendor 060,Strategic,8,4111,11.66,1,0.817
VEN0060,2024-11-04,Preferred Service Vendor 060,Strategic,8,3729,8.79,1,0.9605
VEN0060,2024-11-11,Preferred Service Vendor 060,Strategic,8,3809,11.4,1,0.83
VEN0060,2024-11-18,Preferred Service Vendor 060,Strategic,8,4374,7.8,0,1.0
VEN0060,2024-11-25,Preferred Service Vendor 060,Strategic,8,5086,6.08,0,1.0
VEN0060,2024-12-02,Preferred Service Vendor 060,Strategic,8,3190,7.55,0,1.0
VEN0060,2024-12-09,Preferred Service Vendor 060,Strategic,8,3495,9.89,1,0.9055
VEN0060,2024-12-16,Preferred Service Vendor 060,Strategic,8,3306,13.27,1,0.7365
VEN0060,2024-12-23,Preferred Service Vendor 060,Strategic,8,5170,5.76,0,1.0
VEN0060,2024-12-30,Preferred Service Vendor 060,Strategic,8,5227,8.86,1,0.957
VEN0061,2023-01-02,Preferred Service Vendor 061,Standard,8,4105,9.65,1,0.9175
VEN0061,2023-01-09,Preferred Service Vendor 061,Standard,8,4627,10.03,1,0.8985
VEN0061,2023-01-16,Preferred Service Vendor 061,Standard,8,2452,9.64,1,0.918
VEN0061,2023-01-23,Preferred Service Vendor 061,Standard,8,3073,10.11,1,0.8945
VEN0061,2023-01-30,Preferred Service Vendor 061,Standard,8,3102,11.86,1,0.807
VEN0061,2023-02-06,Preferred Service Vendor 061,Standard,8,4977,10.95,1,0.8525
VEN0061,2023-02-13,Preferred Service Vendor 061,Standard,8,4659,9.44,1,0.928
VEN0061,2023-02-20,Preferred Service Vendor 061,Standard,8,3831,9.16,1,0.942
VEN0061,2023-02-27,Preferred Service Vendor 061,Standard,8,4146,12.02,1,0.799
VEN0061,2023-03-06,Preferred Service Vendor 061,Standard,8,4571,6.07,0,1.0
VEN0061,2023-03-13,Preferred Service Vendor 061,Standard,8,5404,6.41,0,1.0
VEN0061,2023-03-20,Preferred Service Vendor 061,Standard,8,3011,6.21,0,1.0
VEN0061,2023-03-27,Preferred Service Vendor 061,Standard,8,4318,7.81,0,1.0
VEN0061,2023-04-03,Preferred Service Vendor 061,Standard,8,3520,10.89,1,0.8555
VEN0061,2023-04-10,Preferred Service Vendor 061,Standard,8,2823,8.36,1,0.982
VEN0061,2023-04-17,Preferred Service Vendor 061,Standard,8,2138,12.19,1,0.7905
VEN0061,2023-04-24,Preferred Service Vendor 061,Standard,8,3156,9.61,1,0.9195
VEN0061,2023-05-01,Preferred Service Vendor 061,Standard,8,3606,8.1,1,0.995
VEN0061,2023-05-08,Preferred Service Vendor 061,Standard,8,4694,7.37,0,1.0
VEN0061,2023-05-15,Preferred Service Vendor 061,Standard,8,5099,6.93,0,1.0
VEN0061,2023-05-22,Preferred Service Vendor 061,Standard,8,4823,7.82,0,1.0
VEN0061,2023-05-29,Preferred Service Vendor 061,Standard,8,4916,8.73,1,0.9635
VEN0061,2023-06-05,Preferred Service Vendor 061,Standard,8,4898,10.5,1,0.875
VEN0061,2023-06-12,Preferred Service Vendor 061,Standard,8,3715,12.52,1,0.774
VEN0061,2023-06-19,Preferred Service Vendor 061,Standard,8,5259,7.11,0,1.0
VEN0061,2023-06-26,Preferred Service Vendor 061,Standard,8,4571,5.65,0,1.0
VEN0061,2023-07-03,Preferred Service Vendor 061,Standard,8,4745,8.49,1,0.9755
VEN0061,2023-07-10,Preferred Service Vendor 061,Standard,8,5315,8.94,1,0.953
VEN0061,2023-07-17,Preferred Service Vendor 061,Standard,8,4001,8.39,1,0.9805
VEN0061,2023-07-24,Preferred Service Vendor 061,Standard,8,3462,9.64,1,0.918
VEN0061,2023-07-31,Preferred Service Vendor 061,Standard,8,3542,6.44,0,1.0
VEN0061,2023-08-07,Preferred Service Vendor 061,Standard,8,6235,7.24,0,1.0
VEN0061,2023-08-14,Preferred Service Vendor 061,Standard,8,4966,7.25,0,1.0
VEN0061,2023-08-21,Preferred Service Vendor 061,Standard,8,5030,6.19,0,1.0
VEN0061,2023-08-28,Preferred Service Vendor 061,Standard,8,500,7.35,0,1.0
VEN0061,2023-09-04,Preferred Service Vendor 061,Standard,8,4550,7.46,0,1.0
VEN0061,2023-09-11,Preferred Service Vendor 061,Standard,8,3596,11.8,1,0.81
VEN0061,2023-09-18,Preferred Service Vendor 061,Standard,8,5422,10.39,1,0.8805
VEN0061,2023-09-25,Preferred Service Vendor 061,Standard,8,5421,5.84,0,1.0
VEN0061,2023-10-02,Preferred Service Vendor 061,Standard,8,1668,9.07,1,0.9465
VEN0061,2023-10-09,Preferred Service Vendor 061,Standard,8,3432,10.62,1,0.869
VEN0061,2023-10-16,Preferred Service Vendor 061,Standard,8,4700,7.58,0,1.0
VEN0061,2023-10-23,Preferred Service Vendor 061,Standard,8,2663,12.64,1,0.768
VEN0061,2023-10-30,Preferred Service Vendor 061,Standard,8,6099,7.07,0,1.0
VEN0061,2023-11-06,Preferred Service Vendor 061,Standard,8,1759,8.45,1,0.9775
VEN0061,2023-11-13,Preferred Service Vendor 061,Standard,8,3065,5.39,0,1.0
VEN0061,2023-11-20,Preferred Service Vendor 061,Standard,8,2631,7.18,0,1.0
VEN0061,2023-11-27,Preferred Service Vendor 061,Standard,8,4650,11.81,1,0.8095
VEN0061,2023-12-04,Preferred Service Vendor 061,Standard,8,3927,5.63,0,1.0
VEN0061,2023-12-11,Preferred Service Vendor 061,Standard,8,4579,12.76,1,0.762
VEN0061,2023-12-18,Preferred Service Vendor 061,Standard,8,5665,10.06,1,0.897
VEN0061,2023-12-25,Preferred Service Vendor 061,Standard,8,5800,9.7,1,0.915
VEN0061,2024-01-01,Preferred Service Vendor 061,Standard,8,3868,11.25,1,0.8375
VEN0061,2024-01-08,Preferred Service Vendor 061,Standard,8,5174,4.35,0,1.0
VEN0061,2024-01-15,Preferred Service Vendor 061,Standard,8,4326,10.77,1,0.8615
VEN0061,2024-01-22,Preferred Service Vendor 061,Standard,8,5182,12.17,1,0.7915
VEN0061,2024-01-29,Preferred Service Vendor 061,Standard,8,5087,10.6,1,0.87
VEN0061,2024-02-05,Preferred Service Vendor 061,Standard,8,2974,11.95,1,0.8025
VEN0061,2024-02-12,Preferred Service Vendor 061,Standard,8,3017,8.36,1,0.982
VEN0061,2024-02-19,Preferred Service Vendor 061,Standard,8,4736,10.36,1,0.882
VEN0061,2024-02-26,Preferred Service Vendor 061,Standard,8,2111,6.59,0,1.0
VEN0061,2024-03-04,Preferred Service Vendor 061,Standard,8,5536,5.7,0,1.0
VEN0061,2024-03-11,Preferred Service Vendor 061,Standard,8,6114,10.75,1,0.8625
VEN0061,2024-03-18,Preferred Service Vendor 061,Standard,8,3643,8.17,1,0.9915
VEN0061,2024-03-25,Preferred Service Vendor 061,Standard,8,4653,12.56,1,0.772
VEN0061,2024-04-01,Preferred Service Vendor 061,Standard,8,5198,6.85,0,1.0
VEN0061,2024-04-08,Preferred Service Vendor 061,Standard,8,4133,6.18,0,1.0
VEN0061,2024-04-15,Preferred Service Vendor 061,Standard,8,5142,6.67,0,1.0
VEN0061,2024-04-22,Preferred Service Vendor 061,Standard,8,4160,10.11,1,0.8945
VEN0061,2024-04-29,Preferred Service Vendor 061,Standard,8,4436,10.55,1,0.8725
VEN0061,2024-05-06,Preferred Service Vendor 061,Standard,8,5948,5.73,0,1.0
VEN0061,2024-05-13,Preferred Service Vendor 061,Standard,8,3771,10.79,1,0.8605
VEN0061,2024-05-20,Preferred Service Vendor 061,Standard,8,2622,5.87,0,1.0
VEN0061,2024-05-27,Preferred Service Vendor 061,Standard,8,3409,7.29,0,1.0
VEN0061,2024-06-03,Preferred Service Vendor 061,Standard,8,3853,6.98,0,1.0
VEN0061,2024-06-10,Preferred Service Vendor 061,Standard,8,5211,8.04,1,0.998
VEN0061,2024-06-17,Preferred Service Vendor 061,Standard,8,4879,9.74,1,0.913
VEN0061,2024-06-24,Preferred Service Vendor 061,Standard,8,4758,8.26,1,0.987
VEN0061,2024-07-01,Preferred Service Vendor 061,Standard,8,3108,11.97,1,0.8015
VEN0061,2024-07-08,Preferred Service Vendor 061,Standard,8,3901,7.15,0,1.0
VEN0061,2024-07-15,Preferred Service Vendor 061,Standard,8,4639,7.43,0,1.0
VEN0061,2024-07-22,Preferred Service Vendor 061,Standard,8,4966,9.11,1,0.9445
VEN0061,2024-07-29,Preferred Service Vendor 061,Standard,8,4061,11.07,1,0.8465
VEN0061,2024-08-05,Preferred Service Vendor 061,Standard,8,3806,6.89,0,1.0
VEN0061,2024-08-12,Preferred Service Vendor 061,Standard,8,3267,6.31,0,1.0
VEN0061,2024-08-19,Preferred Service Vendor 061,Standard,8,6521,9.18,1,0.941
VEN0061,2024-08-26,Preferred Service Vendor 061,Standard,8,4167,6.77,0,1.0
VEN0061,2024-09-02,Preferred Service Vendor 061,Standard,8,4911,6.7,0,1.0
VEN0061,2024-09-09,Preferred Service Vendor 061,Standard,8,3344,8.14,1,0.993
VEN0061,2024-09-16,Preferred Service Vendor 061,Standard,8,4096,9.64,1,0.918
VEN0061,2024-09-23,Preferred Service Vendor 061,Standard,8,4253,5.92,0,1.0
VEN0061,2024-09-30,Preferred Service Vendor 061,Standard,8,6033,11.82,1,0.809
VEN0061,2024-10-07,Preferred Service Vendor 061,Standard,8,5001,5.88,0,1.0
VEN0061,2024-10-14,Preferred Service Vendor 061,Standard,8,3871,12.04,1,0.798
VEN0061,2024-10-21,Preferred Service Vendor 061,Standard,8,4930,7.47,0,1.0
VEN0061,2024-10-28,Preferred Service Vendor 061,Standard,8,6136,7.48,0,1.0
VEN0061,2024-11-04,Preferred Service Vendor 061,Standard,8,5571,11.91,1,0.8045
VEN0061,2024-11-11,Preferred Service Vendor 061,Standard,8,2710,4.75,0,1.0
VEN0061,2024-11-18,Preferred Service Vendor 061,Standard,8,3946,10.1,1,0.895
VEN0061,2024-11-25,Preferred Service Vendor 061,Standard,8,5817,5.74,0,1.0
VEN0061,2024-12-02,Preferred Service Vendor 061,Standard,8,3329,12.17,1,0.7915
VEN0061,2024-12-09,Preferred Service Vendor 061,Standard,8,4488,10.39,1,0.8805
VEN0061,2024-12-16,Preferred Service Vendor 061,Standard,8,5230,7.9,0,1.0
VEN0061,2024-12-23,Preferred Service Vendor 061,Standard,8,4275,10.57,1,0.8715
VEN0061,2024-12-30,Preferred Service Vendor 061,Standard,8,5051,6.8,0,1.0
VEN0062,2023-01-02,Preferred Service Vendor 062,Standard,8,5019,6.34,0,1.0
VEN0062,2023-01-09,Preferred Service Vendor 062,Standard,8,3897,11.36,1,0.832
VEN0062,2023-01-16,Preferred Service Vendor 062,Standard,8,3241,6.17,0,1.0
VEN0062,2023-01-23,Preferred Service Vendor 062,Standard,8,3882,10.64,1,0.868
VEN0062,2023-01-30,Preferred Service Vendor 062,Standard,8,5970,6.26,0,1.0
VEN0062,2023-02-06,Preferred Service Vendor 062,Standard,8,4895,4.22,0,1.0
VEN0062,2023-02-13,Preferred Service Vendor 062,Standard,8,3352,10.48,1,0.876
VEN0062,2023-02-20,Preferred Service Vendor 062,Standard,8,5050,10.71,1,0.8645
VEN0062,2023-02-27,Preferred Service Vendor 062,Standard,8,2353,10.19,1,0.8905
VEN0062,2023-03-06,Preferred Service Vendor 062,Standard,8,4056,10.21,1,0.8895
VEN0062,2023-03-13,Preferred Service Vendor 062,Standard,8,6131,9.22,1,0.939
VEN0062,2023-03-20,Preferred Service Vendor 062,Standard,8,3550,6.91,0,1.0
VEN0062,2023-03-27,Preferred Service Vendor 062,Standard,8,2251,9.03,1,0.9485
VEN0062,2023-04-03,Preferred Service Vendor 062,Standard,8,4386,7.31,0,1.0
VEN0062,2023-04-10,Preferred Service Vendor 062,Standard,8,2636,4.89,0,1.0
VEN0062,2023-04-17,Preferred Service Vendor 062,Standard,8,4484,10.22,1,0.889
VEN0062,2023-04-24,Preferred Service Vendor 062,Standard,8,3439,10.72,1,0.864
VEN0062,2023-05-01,Preferred Service Vendor 062,Standard,8,3074,12.39,1,0.7805
VEN0062,2023-05-08,Preferred Service Vendor 062,Standard,8,2534,9.46,1,0.927
VEN0062,2023-05-15,Preferred Service Vendor 062,Standard,8,4574,9.06,1,0.947
VEN0062,2023-05-22,Preferred Service Vendor 062,Standard,8,2622,10.13,1,0.8935
VEN0062,2023-05-29,Preferred Service Vendor 062,Standard,8,3385,5.05,0,1.0
VEN0062,2023-06-05,Preferred Service Vendor 062,Standard,8,7237,5.99,0,1.0
VEN0062,2023-06-12,Preferred Service Vendor 062,Standard,8,4876,7.54,0,1.0
VEN0062,2023-06-19,Preferred Service Vendor 062,Standard,8,2939,6.03,0,1.0
VEN0062,2023-06-26,Preferred Service Vendor 062,Standard,8,4638,8.74,1,0.963
VEN0062,2023-07-03,Preferred Service Vendor 062,Standard,8,4941,4.83,0,1.0
VEN0062,2023-07-10,Preferred Service Vendor 062,Standard,8,3284,8.7,1,0.965
VEN0062,2023-07-17,Preferred Service Vendor 062,Standard,8,4710,12.28,1,0.786
VEN0062,2023-07-24,Preferred Service Vendor 062,Standard,8,4860,12.68,1,0.766
VEN0062,2023-07-31,Preferred Service Vendor 062,Standard,8,3269,6.96,0,1.0
VEN0062,2023-08-07,Preferred Service Vendor 062,Standard,8,3563,6.23,0,1.0
VEN0062,2023-08-14,Preferred Service Vendor 062,Standard,8,4267,10.02,1,0.899
VEN0062,2023-08-21,Preferred Service Vendor 062,Standard,8,5300,6.79,0,1.0
VEN0062,2023-08-28,Preferred Service Vendor 062,Standard,8,3855,9.88,1,0.906
VEN0062,2023-09-04,Preferred Service Vendor 062,Standard,8,4284,12.05,1,0.7975
VEN0062,2023-09-11,Preferred Service Vendor 062,Standard,8,4578,6.42,0,1.0
VEN0062,2023-09-18,Preferred Service Vendor 062,Standard,8,3676,4.49,0,1.0
VEN0062,2023-09-25,Preferred Service Vendor 062,Standard,8,5509,9.04,1,0.948
VEN0062,2023-10-02,Preferred Service Vendor 062,Standard,8,3814,9.22,1,0.939
VEN0062,2023-10-09,Preferred Service Vendor 062,Standard,8,5744,7.25,0,1.0
VEN0062,2023-10-16,Preferred Service Vendor 062,Standard,8,2438,8.19,1,0.9905
VEN0062,2023-10-23,Preferred Service Vendor 062,Standard,8,5717,9.82,1,0.909
VEN0062,2023-10-30,Preferred Service Vendor 062,Standard,8,2937,8.0,0,1.0
VEN0062,2023-11-06,Preferred Service Vendor 062,Standard,8,3797,9.64,1,0.918
VEN0062,2023-11-13,Preferred Service Vendor 062,Standard,8,4757,7.35,0,1.0
VEN0062,2023-11-20,Preferred Service Vendor 062,Standard,8,5418,6.71,0,1.0
VEN0062,2023-11-27,Preferred Service Vendor 062,Standard,8,4785,10.67,1,0.8665
VEN0062,2023-12-04,Preferred Service Vendor 062,Standard,8,6490,12.86,1,0.757
VEN0062,2023-12-11,Preferred Service Vendor 062,Standard,8,4283,11.23,1,0.8385
VEN0062,2023-12-18,Preferred Service Vendor 062,Standard,8,3555,6.61,0,1.0
VEN0062,2023-12-25,Preferred Service Vendor 062,Standard,8,4846,11.41,1,0.8295
VEN0062,2024-01-01,Preferred Service Vendor 062,Standard,8,3510,7.02,0,1.0
VEN0062,2024-01-08,Preferred Service Vendor 062,Standard,8,3125,5.54,0,1.0
VEN0062,2024-01-15,Preferred Service Vendor 062,Standard,8,3540,10.09,1,0.8955
VEN0062,2024-01-22,Preferred Service Vendor 062,Standard,8,5431,11.12,1,0.844
VEN0062,2024-01-29,Preferred Service Vendor 062,Standard,8,3850,10.54,1,0.873
VEN0062,2024-02-05,Preferred Service Vendor 062,Standard,8,2967,4.28,0,1.0
VEN0062,2024-02-12,Preferred Service Vendor 062,Standard,8,3197,9.31,1,0.9345
VEN0062,2024-02-19,Preferred Service Vendor 062,Standard,8,1542,6.66,0,1.0
VEN0062,2024-02-26,Preferred Service Vendor 062,Standard,8,5482,9.98,1,0.901
VEN0062,2024-03-04,Preferred Service Vendor 062,Standard,8,4879,6.17,0,1.0
VEN0062,2024-03-11,Preferred Service Vendor 062,Standard,8,1864,7.75,0,1.0
VEN0062,2024-03-18,Preferred Service Vendor 062,Standard,8,4084,7.06,0,1.0
VEN0062,2024-03-25,Preferred Service Vendor 062,Standard,8,4423,7.48,0,1.0
VEN0062,2024-04-01,Preferred Service Vendor 062,Standard,8,5353,7.42,0,1.0
VEN0062,2024-04-08,Preferred Service Vendor 062,Standard,8,4326,4.11,0,1.0
VEN0062,2024-04-15,Preferred Service Vendor 062,Standard,8,4171,10.48,1,0.876
VEN0062,2024-04-22,Preferred Service Vendor 062,Standard,8,5488,6.67,0,1.0
VEN0062,2024-04-29,Preferred Service Vendor 062,Standard,8,4625,8.19,1,0.9905
VEN0062,2024-05-06,Preferred Service Vendor 062,Standard,8,5481,10.71,1,0.8645
VEN0062,2024-05-13,Preferred Service Vendor 062,Standard,8,5690,11.14,1,0.843
VEN0062,2024-05-20,Preferred Service Vendor 062,Standard,8,4570,11.73,1,0.8135
VEN0062,2024-05-27,Preferred Service Vendor 062,Standard,8,4599,10.32,1,0.884
VEN0062,2024-06-03,Preferred Service Vendor 062,Standard,8,6180,11.81,1,0.8095
VEN0062,2024-06-10,Preferred Service Vendor 062,Standard,8,5219,11.99,1,0.8005
VEN0062,2024-06-17,Preferred Service Vendor 062,Standard,8,4181,13.4,1,0.73
VEN0062,2024-06-24,Preferred Service Vendor 062,Standard,8,5221,6.67,0,1.0
VEN0062,2024-07-01,Preferred Service Vendor 062,Standard,8,3685,5.63,0,1.0
VEN0062,2024-07-08,Preferred Service Vendor 062,Standard,8,3490,9.23,1,0.9385
VEN0062,2024-07-15,Preferred Service Vendor 062,Standard,8,5005,7.96,0,1.0
VEN0062,2024-07-22,Preferred Service Vendor 062,Standard,8,2816,13.24,1,0.738
VEN0062,2024-07-29,Preferred Service Vendor 062,Standard,8,3067,12.46,1,0.777
VEN0062,2024-08-05,Preferred Service Vendor 062,Standard,8,2274,7.16,0,1.0
VEN0062,2024-08-12,Preferred Service Vendor 062,Standard,8,4874,10.22,1,0.889
VEN0062,2024-08-19,Preferred Service Vendor 062,Standard,8,4878,7.77,0,1.0
VEN0062,2024-08-26,Preferred Service Vendor 062,Standard,8,4759,6.17,0,1.0
VEN0062,2024-09-02,Preferred Service Vendor 062,Standard,8,3705,7.8,0,1.0
VEN0062,2024-09-09,Preferred Service Vendor 062,Standard,8,1984,5.93,0,1.0
VEN0062,2024-09-16,Preferred Service Vendor 062,Standard,8,5327,11.75,1,0.8125
VEN0062,2024-09-23,Preferred Service Vendor 062,Standard,8,4275,6.83,0,1.0
VEN0062,2024-09-30,Preferred Service Vendor 062,Standard,8,3757,6.53,0,1.0
VEN0062,2024-10-07,Preferred Service Vendor 062,Standard,8,2143,6.16,0,1.0
VEN0062,2024-10-14,Preferred Service Vendor 062,Standard,8,5007,11.81,1,0.8095
VEN0062,2024-10-21,Preferred Service Vendor 062,Standard,8,4530,11.18,1,0.841
VEN0062,2024-10-28,Preferred Service Vendor 062,Standard,8,3249,7.1,0,1.0
VEN0062,2024-11-04,Preferred Service Vendor 062,Standard,8,4533,5.34,0,1.0
VEN0062,2024-11-11,Preferred Service Vendor 062,Standard,8,3006,9.74,1,0.913
VEN0062,2024-11-18,Preferred Service Vendor 062,Standard,8,2081,11.19,1,0.8405
VEN0062,2024-11-25,Preferred Service Vendor 062,Standard,8,3627,11.73,1,0.8135
VEN0062,2024-12-02,Preferred Service Vendor 062,Standard,8,5042,11.78,1,0.811
VEN0062,2024-12-09,Preferred Service Vendor 062,Standard,8,4163,8.38,1,0.981
VEN0062,2024-12-16,Preferred Service Vendor 062,Standard,8,2443,10.98,1,0.851
VEN0062,2024-12-23,Preferred Service Vendor 062,Standard,8,6164,6.29,0,1.0
VEN0062,2024-12-30,Preferred Service Vendor 062,Standard,8,2871,10.55,1,0.8725
VEN0063,2023-01-02,Preferred Service Vendor 063,Standard,4,4210,6.0,1,0.9
VEN0063,2023-01-09,Preferred Service Vendor 063,Standard,4,3945,3.02,0,1.0
VEN0063,2023-01-16,Preferred Service Vendor 063,Standard,4,3750,1.37,0,1.0
VEN0063,2023-01-23,Preferred Service Vendor 063,Standard,4,5098,5.46,1,0.927
VEN0063,2023-01-30,Preferred Service Vendor 063,Standard,4,4812,3.82,0,1.0
VEN0063,2023-02-06,Preferred Service Vendor 063,Standard,4,3259,6.36,1,0.882
VEN0063,2023-02-13,Preferred Service Vendor 063,Standard,4,4789,6.49,1,0.8755
VEN0063,2023-02-20,Preferred Service Vendor 063,Standard,4,3793,2.69,0,1.0
VEN0063,2023-02-27,Preferred Service Vendor 063,Standard,4,4315,3.22,0,1.0
VEN0063,2023-03-06,Preferred Service Vendor 063,Standard,4,4125,6.02,1,0.899
VEN0063,2023-03-13,Preferred Service Vendor 063,Standard,4,5534,5.21,1,0.9395
VEN0063,2023-03-20,Preferred Service Vendor 063,Standard,4,1902,4.2,1,0.99
VEN0063,2023-03-27,Preferred Service Vendor 063,Standard,4,4502,5.14,1,0.943
VEN0063,2023-04-03,Preferred Service Vendor 063,Standard,4,3782,6.8,1,0.86
VEN0063,2023-04-10,Preferred Service Vendor 063,Standard,4,6224,4.64,1,0.968
VEN0063,2023-04-17,Preferred Service Vendor 063,Standard,4,6605,4.56,1,0.972
VEN0063,2023-04-24,Preferred Service Vendor 063,Standard,4,911,5.62,1,0.919
VEN0063,2023-05-01,Preferred Service Vendor 063,Standard,4,3451,4.86,1,0.957
VEN0063,2023-05-08,Preferred Service Vendor 063,Standard,4,4910,4.27,1,0.9865
VEN0063,2023-05-15,Preferred Service Vendor 063,Standard,4,3591,1.46,0,1.0
VEN0063,2023-05-22,Preferred Service Vendor 063,Standard,4,5741,4.1,1,0.995
VEN0063,2023-05-29,Preferred Service Vendor 063,Standard,4,6061,5.7,1,0.915
VEN0063,2023-06-05,Preferred Service Vendor 063,Standard,4,6887,4.82,1,0.959
VEN0063,2023-06-12,Preferred Service Vendor 063,Standard,4,6083,4.72,1,0.964
VEN0063,2023-06-19,Preferred Service Vendor 063,Standard,4,5725,5.72,1,0.914
VEN0063,2023-06-26,Preferred Service Vendor 063,Standard,4,5230,5.8,1,0.91
VEN0063,2023-07-03,Preferred Service Vendor 063,Standard,4,3035,6.04,1,0.898
VEN0063,2023-07-10,Preferred Service Vendor 063,Standard,4,5483,3.28,0,1.0
VEN0063,2023-07-17,Preferred Service Vendor 063,Standard,4,4693,2.76,0,1.0
VEN0063,2023-07-24,Preferred Service Vendor 063,Standard,4,3332,4.13,1,0.9935
VEN0063,2023-07-31,Preferred Service Vendor 063,Standard,4,3678,5.24,1,0.938
VEN0063,2023-08-07,Preferred Service Vendor 063,Standard,4,2855,4.52,1,0.974
VEN0063,2023-08-14,Preferred Service Vendor 063,Standard,4,3160,1.73,0,1.0
VEN0063,2023-08-21,Preferred Service Vendor 063,Standard,4,4574,7.04,1,0.848
VEN0063,2023-08-28,Preferred Service Vendor 063,Standard,4,3520,2.58,0,1.0
VEN0063,2023-09-04,Preferred Service Vendor 063,Standard,4,2158,5.29,1,0.9355
VEN0063,2023-09-11,Preferred Service Vendor 063,Standard,4,2264,3.65,0,1.0
VEN0063,2023-09-18,Preferred Service Vendor 063,Standard,4,3030,3.35,0,1.0
VEN0063,2023-09-25,Preferred Service Vendor 063,Standard,4,2879,6.3,1,0.885
VEN0063,2023-10-02,Preferred Service Vendor 063,Standard,4,4017,2.89,0,1.0
VEN0063,2023-10-09,Preferred Service Vendor 063,Standard,4,3051,6.35,1,0.8825
VEN0063,2023-10-16,Preferred Service Vendor 063,Standard,4,3530,4.08,1,0.996
VEN0063,2023-10-23,Preferred Service Vendor 063,Standard,4,5557,4.7,1,0.965
VEN0063,2023-10-30,Preferred Service Vendor 063,Standard,4,2302,4.54,1,0.973
VEN0063,2023-11-06,Preferred Service Vendor 063,Standard,4,5517,6.7,1,0.865
VEN0063,2023-11-13,Preferred Service Vendor 063,Standard,4,5066,3.23,0,1.0
VEN0063,2023-11-20,Preferred Service Vendor 063,Standard,4,1504,2.14,0,1.0
VEN0063,2023-11-27,Preferred Service Vendor 063,Standard,4,5309,2.91,0,1.0
VEN0063,2023-12-04,Preferred Service Vendor 063,Standard,4,3811,1.44,0,1.0
VEN0063,2023-12-11,Preferred Service Vendor 063,Standard,4,4255,3.57,0,1.0
VEN0063,2023-12-18,Preferred Service Vendor 063,Standard,4,4361,5.0,1,0.95
VEN0063,2023-12-25,Preferred Service Vendor 063,Standard,4,3457,5.62,1,0.919
VEN0063,2024-01-01,Preferred Service Vendor 063,Standard,4,5442,4.09,1,0.9955
VEN0063,2024-01-08,Preferred Service Vendor 063,Standard,4,3937,4.2,1,0.99
VEN0063,2024-01-15,Preferred Service Vendor 063,Standard,4,3880,6.37,1,0.8815
VEN0063,2024-01-22,Preferred Service Vendor 063,Standard,4,5986,4.84,1,0.958
VEN0063,2024-01-29,Preferred Service Vendor 063,Standard,4,3321,4.73,1,0.9635
VEN0063,2024-02-05,Preferred Service Vendor 063,Standard,4,4326,6.36,1,0.882
VEN0063,2024-02-12,Preferred Service Vendor 063,Standard,4,5349,5.81,1,0.9095
VEN0063,2024-02-19,Preferred Service Vendor 063,Standard,4,4103,5.06,1,0.947
VEN0063,2024-02-26,Preferred Service Vendor 063,Standard,4,4263,5.66,1,0.917
VEN0063,2024-03-04,Preferred Service Vendor 063,Standard,4,4990,2.53,0,1.0
VEN0063,2024-03-11,Preferred Service Vendor 063,Standard,4,2900,8.2,1,0.79
VEN0063,2024-03-18,Preferred Service Vendor 063,Standard,4,5909,5.1,1,0.945
VEN0063,2024-03-25,Preferred Service Vendor 063,Standard,4,4955,5.01,1,0.9495
VEN0063,2024-04-01,Preferred Service Vendor 063,Standard,4,4670,2.85,0,1.0
VEN0063,2024-04-08,Preferred Service Vendor 063,Standard,4,3346,5.64,1,0.918
VEN0063,2024-04-15,Preferred Service Vendor 063,Standard,4,5595,4.89,1,0.9555
VEN0063,2024-04-22,Preferred Service Vendor 063,Standard,4,3813,4.53,1,0.9735
VEN0063,2024-04-29,Preferred Service Vendor 063,Standard,4,3323,3.02,0,1.0
VEN0063,2024-05-06,Preferred Service Vendor 063,Standard,4,3073,3.78,0,1.0
VEN0063,2024-05-13,Preferred Service Vendor 063,Standard,4,3420,2.53,0,1.0
VEN0063,2024-05-20,Preferred Service Vendor 063,Standard,4,4930,2.48,0,1.0
VEN0063,2024-05-27,Preferred Service Vendor 063,Standard,4,3620,6.75,1,0.8625
VEN0063,2024-06-03,Preferred Service Vendor 063,Standard,4,3677,4.17,1,0.9915
VEN0063,2024-06-10,Preferred Service Vendor 063,Standard,4,3235,3.23,0,1.0
VEN0063,2024-06-17,Preferred Service Vendor 063,Standard,4,1928,4.24,1,0.988
VEN0063,2024-06-24,Preferred Service Vendor 063,Standard,4,3449,2.67,0,1.0
VEN0063,2024-07-01,Preferred Service Vendor 063,Standard,4,4988,5.25,1,0.9375
VEN0063,2024-07-08,Preferred Service Vendor 063,Standard,4,4217,3.52,0,1.0
VEN0063,2024-07-15,Preferred Service Vendor 063,Standard,4,3406,4.57,1,0.9715
VEN0063,2024-07-22,Preferred Service Vendor 063,Standard,4,3624,3.67,0,1.0
VEN0063,2024-07-29,Preferred Service Vendor 063,Standard,4,3804,4.81,1,0.9595
VEN0063,2024-08-05,Preferred Service Vendor 063,Standard,4,4030,3.85,0,1.0
VEN0063,2024-08-12,Preferred Service Vendor 063,Standard,4,5362,5.92,1,0.904
VEN0063,2024-08-19,Preferred Service Vendor 063,Standard,4,3860,3.85,0,1.0
VEN0063,2024-08-26,Preferred Service Vendor 063,Standard,4,3308,4.49,1,0.9755
VEN0063,2024-09-02,Preferred Service Vendor 063,Standard,4,5251,6.4,1,0.88
VEN0063,2024-09-09,Preferred Service Vendor 063,Standard,4,5255,3.86,0,1.0
VEN0063,2024-09-16,Preferred Service Vendor 063,Standard,4,4667,6.25,1,0.8875
VEN0063,2024-09-23,Preferred Service Vendor 063,Standard,4,3152,4.15,1,0.9925
VEN0063,2024-09-30,Preferred Service Vendor 063,Standard,4,3792,4.3,1,0.985
VEN0063,2024-10-07,Preferred Service Vendor 063,Standard,4,3534,5.63,1,0.9185
VEN0063,2024-10-14,Preferred Service Vendor 063,Standard,4,4763,2.83,0,1.0
VEN0063,2024-10-21,Preferred Service Vendor 063,Standard,4,3540,5.98,1,0.901
VEN0063,2024-10-28,Preferred Service Vendor 063,Standard,4,2092,5.74,1,0.913
VEN0063,2024-11-04,Preferred Service Vendor 063,Standard,4,3782,3.65,0,1.0
VEN0063,2024-11-11,Preferred Service Vendor 063,Standard,4,3732,4.0,0,1.0
VEN0063,2024-11-18,Preferred Service Vendor 063,Standard,4,4698,5.3,1,0.935
VEN0063,2024-11-25,Preferred Service Vendor 063,Standard,4,3435,6.21,1,0.8895
VEN0063,2024-12-02,Preferred Service Vendor 063,Standard,4,5266,3.46,0,1.0
VEN0063,2024-12-09,Preferred Service Vendor 063,Standard,4,2343,3.34,0,1.0
VEN0063,2024-12-16,Preferred Service Vendor 063,Standard,4,3862,4.6,1,0.97
VEN0063,2024-12-23,Preferred Service Vendor 063,Standard,4,4805,2.36,0,1.0
VEN0063,2024-12-30,Preferred Service Vendor 063,Standard,4,3961,3.33,0,1.0
VEN0064,2023-01-02,Preferred Service Vendor 064,Preferred,2,3395,3.13,1,0.9435
VEN0064,2023-01-09,Preferred Service Vendor 064,Preferred,2,4311,3.8,1,0.91
VEN0064,2023-01-16,Preferred Service Vendor 064,Preferred,2,2546,2.78,1,0.961
VEN0064,2023-01-23,Preferred Service Vendor 064,Preferred,2,2894,1.71,0,1.0
VEN0064,2023-01-30,Preferred Service Vendor 064,Preferred,2,4232,1.3,0,1.0
VEN0064,2023-02-06,Preferred Service Vendor 064,Preferred,2,3471,2.25,1,0.9875
VEN0064,2023-02-13,Preferred Service Vendor 064,Preferred,2,4825,1.54,0,1.0
VEN0064,2023-02-20,Preferred Service Vendor 064,Preferred,2,6592,3.19,1,0.9405
VEN0064,2023-02-27,Preferred Service Vendor 064,Preferred,2,3198,0.88,0,1.0
VEN0064,2023-03-06,Preferred Service Vendor 064,Preferred,2,3191,3.6,1,0.92
VEN0064,2023-03-13,Preferred Service Vendor 064,Preferred,2,5682,2.77,1,0.9615
VEN0064,2023-03-20,Preferred Service Vendor 064,Preferred,2,4983,1.53,0,1.0
VEN0064,2023-03-27,Preferred Service Vendor 064,Preferred,2,4927,2.09,1,0.9955
VEN0064,2023-04-03,Preferred Service Vendor 064,Preferred,2,5576,2.87,1,0.9565
VEN0064,2023-04-10,Preferred Service Vendor 064,Preferred,2,2863,2.75,1,0.9625
VEN0064,2023-04-17,Preferred Service Vendor 064,Preferred,2,4986,2.07,1,0.9965
VEN0064,2023-04-24,Preferred Service Vendor 064,Preferred,2,4566,1.62,0,1.0
VEN0064,2023-05-01,Preferred Service Vendor 064,Preferred,2,1888,2.3,1,0.985
VEN0064,2023-05-08,Preferred Service Vendor 064,Preferred,2,4450,1.11,0,1.0
VEN0064,2023-05-15,Preferred Service Vendor 064,Preferred,2,2570,1.78,0,1.0
VEN0064,2023-05-22,Preferred Service Vendor 064,Preferred,2,4213,1.86,0,1.0
VEN0064,2023-05-29,Preferred Service Vendor 064,Preferred,2,5157,2.87,1,0.9565
VEN0064,2023-06-05,Preferred Service Vendor 064,Preferred,2,2204,1.33,0,1.0
VEN0064,2023-06-12,Preferred Service Vendor 064,Preferred,2,5375,2.51,1,0.9745
VEN0064,2023-06-19,Preferred Service Vendor 064,Preferred,2,4507,4.22,1,0.889
VEN0064,2023-06-26,Preferred Service Vendor 064,Preferred,2,4454,2.06,1,0.997
VEN0064,2023-07-03,Preferred Service Vendor 064,Preferred,2,3000,2.16,1,0.992
VEN0064,2023-07-10,Preferred Service Vendor 064,Preferred,2,5195,1.79,0,1.0
VEN0064,2023-07-17,Preferred Service Vendor 064,Preferred,2,3077,2.21,1,0.9895
VEN0064,2023-07-24,Preferred Service Vendor 064,Preferred,2,2617,4.5,1,0.875
VEN0064,2023-07-31,Preferred Service Vendor 064,Preferred,2,4687,3.04,1,0.948
VEN0064,2023-08-07,Preferred Service Vendor 064,Preferred,2,4984,3.52,1,0.924
VEN0064,2023-08-14,Preferred Service Vendor 064,Preferred,2,3425,1.36,0,1.0
VEN0064,2023-08-21,Preferred Service Vendor 064,Preferred,2,2863,1.12,0,1.0
VEN0064,2023-08-28,Preferred Service Vendor 064,Preferred,2,4045,0.5,0,1.0
VEN0064,2023-09-04,Preferred Service Vendor 064,Preferred,2,3816,3.36,1,0.932
VEN0064,2023-09-11,Preferred Service Vendor 064,Preferred,2,4134,1.15,0,1.0
VEN0064,2023-09-18,Preferred Service Vendor 064,Preferred,2,5100,3.07,1,0.9465
VEN0064,2023-09-25,Preferred Service Vendor 064,Preferred,2,4371,2.53,1,0.9735
VEN0064,2023-10-02,Preferred Service Vendor 064,Preferred,2,3819,1.52,0,1.0
VEN0064,2023-10-09,Preferred Service Vendor 064,Preferred,2,3709,2.15,1,0.9925
VEN0064,2023-10-16,Preferred Service Vendor 064,Preferred,2,3373,2.8,1,0.96
VEN0064,2023-10-23,Preferred Service Vendor 064,Preferred,2,5155,1.72,0,1.0
VEN0064,2023-10-30,Preferred Service Vendor 064,Preferred,2,4009,2.69,1,0.9655
VEN0064,2023-11-06,Preferred Service Vendor 064,Preferred,2,3288,0.91,0,1.0
VEN0064,2023-11-13,Preferred Service Vendor 064,Preferred,2,3665,0.55,0,1.0
VEN0064,2023-11-20,Preferred Service Vendor 064,Preferred,2,3259,2.09,1,0.9955
VEN0064,2023-11-27,Preferred Service Vendor 064,Preferred,2,2088,2.4,1,0.98
VEN0064,2023-12-04,Preferred Service Vendor 064,Preferred,2,1565,2.92,1,0.954
VEN0064,2023-12-11,Preferred Service Vendor 064,Preferred,2,2642,1.85,0,1.0
VEN0064,2023-12-18,Preferred Service Vendor 064,Preferred,2,5402,1.69,0,1.0
VEN0064,2023-12-25,Preferred Service Vendor 064,Preferred,2,2865,1.65,0,1.0
VEN0064,2024-01-01,Preferred Service Vendor 064,Preferred,2,3538,2.81,1,0.9595
VEN0064,2024-01-08,Preferred Service Vendor 064,Preferred,2,3623,1.84,0,1.0
VEN0064,2024-01-15,Preferred Service Vendor 064,Preferred,2,2979,3.0,1,0.95
VEN0064,2024-01-22,Preferred Service Vendor 064,Preferred,2,3552,2.47,1,0.9765
VEN0064,2024-01-29,Preferred Service Vendor 064,Preferred,2,3950,3.56,1,0.922
VEN0064,2024-02-05,Preferred Service Vendor 064,Preferred,2,6021,1.71,0,1.0
VEN0064,2024-02-12,Preferred Service Vendor 064,Preferred,2,4218,3.82,1,0.909
VEN0064,2024-02-19,Preferred Service Vendor 064,Preferred,2,2390,2.59,1,0.9705
VEN0064,2024-02-26,Preferred Service Vendor 064,Preferred,2,5468,3.1,1,0.945
VEN0064,2024-03-04,Preferred Service Vendor 064,Preferred,2,6572,0.87,0,1.0
VEN0064,2024-03-11,Preferred Service Vendor 064,Preferred,2,5102,5.34,1,0.833
VEN0064,2024-03-18,Preferred Service Vendor 064,Preferred,2,2349,2.1,1,0.995
VEN0064,2024-03-25,Preferred Service Vendor 064,Preferred,2,6033,2.73,1,0.9635
VEN0064,2024-04-01,Preferred Service Vendor 064,Preferred,2,2222,1.15,0,1.0
VEN0064,2024-04-08,Preferred Service Vendor 064,Preferred,2,3104,4.35,1,0.8825
VEN0064,2024-04-15,Preferred Service Vendor 064,Preferred,2,4389,1.4,0,1.0
VEN0064,2024-04-22,Preferred Service Vendor 064,Preferred,2,3276,3.04,1,0.948
VEN0064,2024-04-29,Preferred Service Vendor 064,Preferred,2,6140,2.47,1,0.9765
VEN0064,2024-05-06,Preferred Service Vendor 064,Preferred,2,4123,2.9,1,0.955
VEN0064,2024-05-13,Preferred Service Vendor 064,Preferred,2,4735,1.96,0,1.0
VEN0064,2024-05-20,Preferred Service Vendor 064,Preferred,2,4202,2.08,1,0.996
VEN0064,2024-05-27,Preferred Service Vendor 064,Preferred,2,508,1.69,0,1.0
VEN0064,2024-06-03,Preferred Service Vendor 064,Preferred,2,4940,5.07,1,0.8465
VEN0064,2024-06-10,Preferred Service Vendor 064,Preferred,2,5965,1.79,0,1.0
VEN0064,2024-06-17,Preferred Service Vendor 064,Preferred,2,3635,2.18,1,0.991
VEN0064,2024-06-24,Preferred Service Vendor 064,Preferred,2,2677,1.67,0,1.0
VEN0064,2024-07-01,Preferred Service Vendor 064,Preferred,2,3082,0.64,0,1.0
VEN0064,2024-07-08,Preferred Service Vendor 064,Preferred,2,2465,2.37,1,0.9815
VEN0064,2024-07-15,Preferred Service Vendor 064,Preferred,2,4303,2.08,1,0.996
VEN0064,2024-07-22,Preferred Service Vendor 064,Preferred,2,3812,1.21,0,1.0
VEN0064,2024-07-29,Preferred Service Vendor 064,Preferred,2,3290,3.48,1,0.926
VEN0064,2024-08-05,Preferred Service Vendor 064,Preferred,2,3990,2.51,1,0.9745
VEN0064,2024-08-12,Preferred Service Vendor 064,Preferred,2,2782,2.44,1,0.978
VEN0064,2024-08-19,Preferred Service Vendor 064,Preferred,2,3387,3.13,1,0.9435
VEN0064,2024-08-26,Preferred Service Vendor 064,Preferred,2,3725,3.05,1,0.9475
VEN0064,2024-09-02,Preferred Service Vendor 064,Preferred,2,2432,4.64,1,0.868
VEN0064,2024-09-09,Preferred Service Vendor 064,Preferred,2,2569,1.58,0,1.0
VEN0064,2024-09-16,Preferred Service Vendor 064,Preferred,2,4897,1.59,0,1.0
VEN0064,2024-09-23,Preferred Service Vendor 064,Preferred,2,5306,1.44,0,1.0
VEN0064,2024-09-30,Preferred Service Vendor 064,Preferred,2,3100,2.42,1,0.979
VEN0064,2024-10-07,Preferred Service Vendor 064,Preferred,2,3969,2.77,1,0.9615
VEN0064,2024-10-14,Preferred Service Vendor 064,Preferred,2,3553,1.59,0,1.0
VEN0064,2024-10-21,Preferred Service Vendor 064,Preferred,2,2989,1.92,0,1.0
VEN0064,2024-10-28,Preferred Service Vendor 064,Preferred,2,6980,1.46,0,1.0
VEN0064,2024-11-04,Preferred Service Vendor 064,Preferred,2,3993,0.71,0,1.0
VEN0064,2024-11-11,Preferred Service Vendor 064,Preferred,2,3297,3.61,1,0.9195
VEN0064,2024-11-18,Preferred Service Vendor 064,Preferred,2,3736,2.51,1,0.9745
VEN0064,2024-11-25,Preferred Service Vendor 064,Preferred,2,1334,2.56,1,0.972
VEN0064,2024-12-02,Preferred Service Vendor 064,Preferred,2,5093,2.02,1,0.999
VEN0064,2024-12-09,Preferred Service Vendor 064,Preferred,2,695,3.6,1,0.92
VEN0064,2024-12-16,Preferred Service Vendor 064,Preferred,2,2498,1.41,0,1.0
VEN0064,2024-12-23,Preferred Service Vendor 064,Preferred,2,5464,1.56,0,1.0
VEN0064,2024-12-30,Preferred Service Vendor 064,Preferred,2,5723,0.5,0,1.0
VEN0065,2023-01-02,Preferred Service Vendor 065,Standard,8,4003,5.17,0,1.0
VEN0065,2023-01-09,Preferred Service Vendor 065,Standard,8,4159,11.02,1,0.849
VEN0065,2023-01-16,Preferred Service Vendor 065,Standard,8,4408,6.46,0,1.0
VEN0065,2023-01-23,Preferred Service Vendor 065,Standard,8,4230,10.08,1,0.896
VEN0065,2023-01-30,Preferred Service Vendor 065,Standard,8,4083,7.69,0,1.0
VEN0065,2023-02-06,Preferred Service Vendor 065,Standard,8,2868,7.02,0,1.0
VEN0065,2023-02-13,Preferred Service Vendor 065,Standard,8,3590,6.46,0,1.0
VEN0065,2023-02-20,Preferred Service Vendor 065,Standard,8,4242,6.45,0,1.0
VEN0065,2023-02-27,Preferred Service Vendor 065,Standard,8,4072,7.36,0,1.0
VEN0065,2023-03-06,Preferred Service Vendor 065,Standard,8,4976,12.33,1,0.7835
VEN0065,2023-03-13,Preferred Service Vendor 065,Standard,8,3634,10.96,1,0.852
VEN0065,2023-03-20,Preferred Service Vendor 065,Standard,8,3196,7.59,0,1.0
VEN0065,2023-03-27,Preferred Service Vendor 065,Standard,8,3303,8.7,1,0.965
VEN0065,2023-04-03,Preferred Service Vendor 065,Standard,8,3141,14.8,1,0.66
VEN0065,2023-04-10,Preferred Service Vendor 065,Standard,8,4908,7.3,0,1.0
VEN0065,2023-04-17,Preferred Service Vendor 065,Standard,8,4500,10.99,1,0.8505
VEN0065,2023-04-24,Preferred Service Vendor 065,Standard,8,3413,9.18,1,0.941
VEN0065,2023-05-01,Preferred Service Vendor 065,Standard,8,6188,11.0,1,0.85
VEN0065,2023-05-08,Preferred Service Vendor 065,Standard,8,4114,4.95,0,1.0
VEN0065,2023-05-15,Preferred Service Vendor 065,Standard,8,3825,7.71,0,1.0
VEN0065,2023-05-22,Preferred Service Vendor 065,Standard,8,3026,11.76,1,0.812
VEN0065,2023-05-29,Preferred Service Vendor 065,Standard,8,3352,6.56,0,1.0
VEN0065,2023-06-05,Preferred Service Vendor 065,Standard,8,2121,8.73,1,0.9635
VEN0065,2023-06-12,Preferred Service Vendor 065,Standard,8,4434,11.81,1,0.8095
VEN0065,2023-06-19,Preferred Service Vendor 065,Standard,8,4827,3.63,0,1.0
VEN0065,2023-06-26,Preferred Service Vendor 065,Standard,8,3709,9.24,1,0.938
VEN0065,2023-07-03,Preferred Service Vendor 065,Standard,8,5950,7.39,0,1.0
VEN0065,2023-07-10,Preferred Service Vendor 065,Standard,8,4991,8.2,1,0.99
VEN0065,2023-07-17,Preferred Service Vendor 065,Standard,8,4656,7.31,0,1.0
VEN0065,2023-07-24,Preferred Service Vendor 065,Standard,8,3925,5.34,0,1.0
VEN0065,2023-07-31,Preferred Service Vendor 065,Standard,8,4260,4.61,0,1.0
VEN0065,2023-08-07,Preferred Service Vendor 065,Standard,8,4762,9.15,1,0.9425
VEN0065,2023-08-14,Preferred Service Vendor 065,Standard,8,5081,9.38,1,0.931
VEN0065,2023-08-21,Preferred Service Vendor 065,Standard,8,6142,8.25,1,0.9875
VEN0065,2023-08-28,Preferred Service Vendor 065,Standard,8,3718,6.96,0,1.0
VEN0065,2023-09-04,Preferred Service Vendor 065,Standard,8,4916,11.44,1,0.828
VEN0065,2023-09-11,Preferred Service Vendor 065,Standard,8,2692,6.78,0,1.0
VEN0065,2023-09-18,Preferred Service Vendor 065,Standard,8,2661,12.91,1,0.7545
VEN0065,2023-09-25,Preferred Service Vendor 065,Standard,8,2208,11.96,1,0.802
VEN0065,2023-10-02,Preferred Service Vendor 065,Standard,8,4479,4.35,0,1.0
VEN0065,2023-10-09,Preferred Service Vendor 065,Standard,8,2985,8.19,1,0.9905
VEN0065,2023-10-16,Preferred Service Vendor 065,Standard,8,4545,10.25,1,0.8875
VEN0065,2023-10-23,Preferred Service Vendor 065,Standard,8,5392,6.56,0,1.0
VEN0065,2023-10-30,Preferred Service Vendor 065,Standard,8,2971,6.49,0,1.0
VEN0065,2023-11-06,Preferred Service Vendor 065,Standard,8,4327,8.15,1,0.9925
VEN0065,2023-11-13,Preferred Service Vendor 065,Standard,8,3297,11.41,1,0.8295
VEN0065,2023-11-20,Preferred Service Vendor 065,Standard,8,4401,8.33,1,0.9835
VEN0065,2023-11-27,Preferred Service Vendor 065,Standard,8,4583,12.12,1,0.794
VEN0065,2023-12-04,Preferred Service Vendor 065,Standard,8,3354,9.96,1,0.902
VEN0065,2023-12-11,Preferred Service Vendor 065,Standard,8,4500,9.87,1,0.9065
VEN0065,2023-12-18,Preferred Service Vendor 065,Standard,8,5237,7.16,0,1.0
VEN0065,2023-12-25,Preferred Service Vendor 065,Standard,8,5582,10.45,1,0.8775
VEN0065,2024-01-01,Preferred Service Vendor 065,Standard,8,4243,6.62,0,1.0
VEN0065,2024-01-08,Preferred Service Vendor 065,Standard,8,3371,8.99,1,0.9505
VEN0065,2024-01-15,Preferred Service Vendor 065,Standard,8,1872,9.82,1,0.909
VEN0065,2024-01-22,Preferred Service Vendor 065,Standard,8,3980,5.85,0,1.0
VEN0065,2024-01-29,Preferred Service Vendor 065,Standard,8,4584,12.99,1,0.7505
VEN0065,2024-02-05,Preferred Service Vendor 065,Standard,8,3070,11.12,1,0.844
VEN0065,2024-02-12,Preferred Service Vendor 065,Standard,8,4313,8.24,1,0.988
VEN0065,2024-02-19,Preferred Service Vendor 065,Standard,8,3318,7.5,0,1.0
VEN0065,2024-02-26,Preferred Service Vendor 065,Standard,8,2674,9.06,1,0.947
VEN0065,2024-03-04,Preferred Service Vendor 065,Standard,8,4816,12.78,1,0.761
VEN0065,2024-03-11,Preferred Service Vendor 065,Standard,8,3545,7.84,0,1.0
VEN0065,2024-03-18,Preferred Service Vendor 065,Standard,8,2735,12.58,1,0.771
VEN0065,2024-03-25,Preferred Service Vendor 065,Standard,8,6792,11.02,1,0.849
VEN0065,2024-04-01,Preferred Service Vendor 065,Standard,8,5729,7.25,0,1.0
VEN0065,2024-04-08,Preferred Service Vendor 065,Standard,8,4237,10.37,1,0.8815
VEN0065,2024-04-15,Preferred Service Vendor 065,Standard,8,4109,5.72,0,1.0
VEN0065,2024-04-22,Preferred Service Vendor 065,Standard,8,3097,5.03,0,1.0
VEN0065,2024-04-29,Preferred Service Vendor 065,Standard,8,2135,8.59,1,0.9705
VEN0065,2024-05-06,Preferred Service Vendor 065,Standard,8,4420,12.9,1,0.755
VEN0065,2024-05-13,Preferred Service Vendor 065,Standard,8,2741,6.35,0,1.0
VEN0065,2024-05-20,Preferred Service Vendor 065,Standard,8,3972,10.44,1,0.878
VEN0065,2024-05-27,Preferred Service Vendor 065,Standard,8,6248,8.68,1,0.966
VEN0065,2024-06-03,Preferred Service Vendor 065,Standard,8,4949,9.28,1,0.936
VEN0065,2024-06-10,Preferred Service Vendor 065,Standard,8,4922,9.07,1,0.9465
VEN0065,2024-06-17,Preferred Service Vendor 065,Standard,8,1766,9.75,1,0.9125
VEN0065,2024-06-24,Preferred Service Vendor 065,Standard,8,4088,11.48,1,0.826
VEN0065,2024-07-01,Preferred Service Vendor 065,Standard,8,3137,8.17,1,0.9915
VEN0065,2024-07-08,Preferred Service Vendor 065,Standard,8,2848,7.4,0,1.0
VEN0065,2024-07-15,Preferred Service Vendor 065,Standard,8,3978,4.36,0,1.0
VEN0065,2024-07-22,Preferred Service Vendor 065,Standard,8,2734,9.94,1,0.903
VEN0065,2024-07-29,Preferred Service Vendor 065,Standard,8,4513,13.22,1,0.739
VEN0065,2024-08-05,Preferred Service Vendor 065,Standard,8,3387,7.87,0,1.0
VEN0065,2024-08-12,Preferred Service Vendor 065,Standard,8,3351,9.55,1,0.9225
VEN0065,2024-08-19,Preferred Service Vendor 065,Standard,8,4334,10.61,1,0.8695
VEN0065,2024-08-26,Preferred Service Vendor 065,Standard,8,5771,6.7,0,1.0
VEN0065,2024-09-02,Preferred Service Vendor 065,Standard,8,1480,11.61,1,0.8195
VEN0065,2024-09-09,Preferred Service Vendor 065,Standard,8,3121,11.45,1,0.8275
VEN0065,2024-09-16,Preferred Service Vendor 065,Standard,8,2478,5.83,0,1.0
VEN0065,2024-09-23,Preferred Service Vendor 065,Standard,8,4523,8.17,1,0.9915
VEN0065,2024-09-30,Preferred Service Vendor 065,Standard,8,1788,5.9,0,1.0
VEN0065,2024-10-07,Preferred Service Vendor 065,Standard,8,5571,12.96,1,0.752
VEN0065,2024-10-14,Preferred Service Vendor 065,Standard,8,2700,7.14,0,1.0
VEN0065,2024-10-21,Preferred Service Vendor 065,Standard,8,3293,10.55,1,0.8725
VEN0065,2024-10-28,Preferred Service Vendor 065,Standard,8,1489,10.56,1,0.872
VEN0065,2024-11-04,Preferred Service Vendor 065,Standard,8,4091,11.24,1,0.838
VEN0065,2024-11-11,Preferred Service Vendor 065,Standard,8,4716,8.08,1,0.996
VEN0065,2024-11-18,Preferred Service Vendor 065,Standard,8,4665,11.46,1,0.827
VEN0065,2024-11-25,Preferred Service Vendor 065,Standard,8,2900,8.03,1,0.9985
VEN0065,2024-12-02,Preferred Service Vendor 065,Standard,8,4451,11.59,1,0.8205
VEN0065,2024-12-09,Preferred Service Vendor 065,Standard,8,2691,8.62,1,0.969
VEN0065,2024-12-16,Preferred Service Vendor 065,Standard,8,1690,8.69,1,0.9655
VEN0065,2024-12-23,Preferred Service Vendor 065,Standard,8,4856,12.71,1,0.7645
VEN0065,2024-12-30,Preferred Service Vendor 065,Standard,8,5224,8.44,1,0.978
VEN0066,2023-01-02,Preferred Service Vendor 066,Standard,4,3718,2.82,0,1.0
VEN0066,2023-01-09,Preferred Service Vendor 066,Standard,4,4651,4.65,1,0.9675
VEN0066,2023-01-16,Preferred Service Vendor 066,Standard,4,5255,3.45,0,1.0
VEN0066,2023-01-23,Preferred Service Vendor 066,Standard,4,3052,5.01,1,0.9495
VEN0066,2023-01-30,Preferred Service Vendor 066,Standard,4,3493,1.75,0,1.0
VEN0066,2023-02-06,Preferred Service Vendor 066,Standard,4,4078,4.84,1,0.958
VEN0066,2023-02-13,Preferred Service Vendor 066,Standard,4,2716,5.88,1,0.906
VEN0066,2023-02-20,Preferred Service Vendor 066,Standard,4,6587,2.84,0,1.0
VEN0066,2023-02-27,Preferred Service Vendor 066,Standard,4,4809,3.03,0,1.0
VEN0066,2023-03-06,Preferred Service Vendor 066,Standard,4,4283,2.62,0,1.0
VEN0066,2023-03-13,Preferred Service Vendor 066,Standard,4,5742,4.12,1,0.994
VEN0066,2023-03-20,Preferred Service Vendor 066,Standard,4,3551,2.97,0,1.0
VEN0066,2023-03-27,Preferred Service Vendor 066,Standard,4,4953,5.16,1,0.942
VEN0066,2023-04-03,Preferred Service Vendor 066,Standard,4,5238,3.84,0,1.0
VEN0066,2023-04-10,Preferred Service Vendor 066,Standard,4,4195,6.67,1,0.8665
VEN0066,2023-04-17,Preferred Service Vendor 066,Standard,4,3545,4.93,1,0.9535
VEN0066,2023-04-24,Preferred Service Vendor 066,Standard,4,5123,4.59,1,0.9705
VEN0066,2023-05-01,Preferred Service Vendor 066,Standard,4,4398,7.18,1,0.841
VEN0066,2023-05-08,Preferred Service Vendor 066,Standard,4,3378,4.77,1,0.9615
VEN0066,2023-05-15,Preferred Service Vendor 066,Standard,4,6603,2.45,0,1.0
VEN0066,2023-05-22,Preferred Service Vendor 066,Standard,4,3901,5.05,1,0.9475
VEN0066,2023-05-29,Preferred Service Vendor 066,Standard,4,3502,5.48,1,0.926
VEN0066,2023-06-05,Preferred Service Vendor 066,Standard,4,4947,5.76,1,0.912
VEN0066,2023-06-12,Preferred Service Vendor 066,Standard,4,6514,6.9,1,0.855
VEN0066,2023-06-19,Preferred Service Vendor 066,Standard,4,1933,4.47,1,0.9765
VEN0066,2023-06-26,Preferred Service Vendor 066,Standard,4,5456,4.63,1,0.9685
VEN0066,2023-07-03,Preferred Service Vendor 066,Standard,4,3863,3.41,0,1.0
VEN0066,2023-07-10,Preferred Service Vendor 066,Standard,4,4488,6.02,1,0.899
VEN0066,2023-07-17,Preferred Service Vendor 066,Standard,4,4411,2.39,0,1.0
VEN0066,2023-07-24,Preferred Service Vendor 066,Standard,4,4254,5.53,1,0.9235
VEN0066,2023-07-31,Preferred Service Vendor 066,Standard,4,3487,3.15,0,1.0
VEN0066,2023-08-07,Preferred Service Vendor 066,Standard,4,1738,4.95,1,0.9525
VEN0066,2023-08-14,Preferred Service Vendor 066,Standard,4,4241,3.28,0,1.0
VEN0066,2023-08-21,Preferred Service Vendor 066,Standard,4,2357,3.3,0,1.0
VEN0066,2023-08-28,Preferred Service Vendor 066,Standard,4,2150,3.83,0,1.0
VEN0066,2023-09-04,Preferred Service Vendor 066,Standard,4,5845,3.57,0,1.0
VEN0066,2023-09-11,Preferred Service Vendor 066,Standard,4,3777,3.48,0,1.0
VEN0066,2023-09-18,Preferred Service Vendor 066,Standard,4,3664,4.19,1,0.9905
VEN0066,2023-09-25,Preferred Service Vendor 066,Standard,4,5146,3.18,0,1.0
VEN0066,2023-10-02,Preferred Service Vendor 066,Standard,4,3230,1.55,0,1.0
VEN0066,2023-10-09,Preferred Service Vendor 066,Standard,4,1872,3.71,0,1.0
VEN0066,2023-10-16,Preferred Service Vendor 066,Standard,4,3573,5.45,1,0.9275
VEN0066,2023-10-23,Preferred Service Vendor 066,Standard,4,3850,7.42,1,0.829
VEN0066,2023-10-30,Preferred Service Vendor 066,Standard,4,3774,4.26,1,0.987
VEN0066,2023-11-06,Preferred Service Vendor 066,Standard,4,5371,3.3,0,1.0
VEN0066,2023-11-13,Preferred Service Vendor 066,Standard,4,4026,3.13,0,1.0
VEN0066,2023-11-20,Preferred Service Vendor 066,Standard,4,3236,5.96,1,0.902
VEN0066,2023-11-27,Preferred Service Vendor 066,Standard,4,3431,3.92,0,1.0
VEN0066,2023-12-04,Preferred Service Vendor 066,Standard,4,5569,3.62,0,1.0
VEN0066,2023-12-11,Preferred Service Vendor 066,Standard,4,4806,2.99,0,1.0
VEN0066,2023-12-18,Preferred Service Vendor 066,Standard,4,4029,6.34,1,0.883
VEN0066,2023-12-25,Preferred Service Vendor 066,Standard,4,5272,3.66,0,1.0
VEN0066,2024-01-01,Preferred Service Vendor 066,Standard,4,5525,5.86,1,0.907
VEN0066,2024-01-08,Preferred Service Vendor 066,Standard,4,5384,4.17,1,0.9915
VEN0066,2024-01-15,Preferred Service Vendor 066,Standard,4,3194,1.62,0,1.0
VEN0066,2024-01-22,Preferred Service Vendor 066,Standard,4,3537,4.06,1,0.997
VEN0066,2024-01-29,Preferred Service Vendor 066,Standard,4,5381,5.65,1,0.9175
VEN0066,2024-02-05,Preferred Service Vendor 066,Standard,4,5208,5.67,1,0.9165
VEN0066,2024-02-12,Preferred Service Vendor 066,Standard,4,3819,4.2,1,0.99
VEN0066,2024-02-19,Preferred Service Vendor 066,Standard,4,2265,6.18,1,0.891
VEN0066,2024-02-26,Preferred Service Vendor 066,Standard,4,4917,3.28,0,1.0
VEN0066,2024-03-04,Preferred Service Vendor 066,Standard,4,3272,2.64,0,1.0
VEN0066,2024-03-11,Preferred Service Vendor 066,Standard,4,4501,2.27,0,1.0
VEN0066,2024-03-18,Preferred Service Vendor 066,Standard,4,4063,6.25,1,0.8875
VEN0066,2024-03-25,Preferred Service Vendor 066,Standard,4,4711,2.97,0,1.0
VEN0066,2024-04-01,Preferred Service Vendor 066,Standard,4,4080,4.05,1,0.9975
VEN0066,2024-04-08,Preferred Service Vendor 066,Standard,4,1752,3.57,0,1.0
VEN0066,2024-04-15,Preferred Service Vendor 066,Standard,4,6080,4.36,1,0.982
VEN0066,2024-04-22,Preferred Service Vendor 066,Standard,4,2529,3.26,0,1.0
VEN0066,2024-04-29,Preferred Service Vendor 066,Standard,4,1749,6.41,1,0.8795
VEN0066,2024-05-06,Preferred Service Vendor 066,Standard,4,5171,5.79,1,0.9105
VEN0066,2024-05-13,Preferred Service Vendor 066,Standard,4,3311,3.49,0,1.0
VEN0066,2024-05-20,Preferred Service Vendor 066,Standard,4,3093,5.35,1,0.9325
VEN0066,2024-05-27,Preferred Service Vendor 066,Standard,4,4163,5.24,1,0.938
VEN0066,2024-06-03,Preferred Service Vendor 066,Standard,4,4744,5.92,1,0.904
VEN0066,2024-06-10,Preferred Service Vendor 066,Standard,4,4054,4.32,1,0.984
VEN0066,2024-06-17,Preferred Service Vendor 066,Standard,4,4811,5.76,1,0.912
VEN0066,2024-06-24,Preferred Service Vendor 066,Standard,4,6324,3.86,0,1.0
VEN0066,2024-07-01,Preferred Service Vendor 066,Standard,4,3746,2.54,0,1.0
VEN0066,2024-07-08,Preferred Service Vendor 066,Standard,4,6281,3.1,0,1.0
VEN0066,2024-07-15,Preferred Service Vendor 066,Standard,4,3042,5.32,1,0.934
VEN0066,2024-07-22,Preferred Service Vendor 066,Standard,4,4803,4.56,1,0.972
VEN0066,2024-07-29,Preferred Service Vendor 066,Standard,4,2803,5.24,1,0.938
VEN0066,2024-08-05,Preferred Service Vendor 066,Standard,4,4288,6.05,1,0.8975
VEN0066,2024-08-12,Preferred Service Vendor 066,Standard,4,5586,2.57,0,1.0
VEN0066,2024-08-19,Preferred Service Vendor 066,Standard,4,5142,3.49,0,1.0
VEN0066,2024-08-26,Preferred Service Vendor 066,Standard,4,3025,4.86,1,0.957
VEN0066,2024-09-02,Preferred Service Vendor 066,Standard,4,4831,4.76,1,0.962
VEN0066,2024-09-09,Preferred Service Vendor 066,Standard,4,5807,4.33,1,0.9835
VEN0066,2024-09-16,Preferred Service Vendor 066,Standard,4,4017,5.48,1,0.926
VEN0066,2024-09-23,Preferred Service Vendor 066,Standard,4,6241,3.46,0,1.0
VEN0066,2024-09-30,Preferred Service Vendor 066,Standard,4,3074,5.4,1,0.93
VEN0066,2024-10-07,Preferred Service Vendor 066,Standard,4,4486,3.08,0,1.0
VEN0066,2024-10-14,Preferred Service Vendor 066,Standard,4,3444,4.62,1,0.969
VEN0066,2024-10-21,Preferred Service Vendor 066,Standard,4,6997,3.01,0,1.0
VEN0066,2024-10-28,Preferred Service Vendor 066,Standard,4,3049,3.21,0,1.0
VEN0066,2024-11-04,Preferred Service Vendor 066,Standard,4,3255,7.43,1,0.8285
VEN0066,2024-11-11,Preferred Service Vendor 066,Standard,4,5060,4.3,1,0.985
VEN0066,2024-11-18,Preferred Service Vendor 066,Standard,4,3995,5.22,1,0.939
VEN0066,2024-11-25,Preferred Service Vendor 066,Standard,4,4216,4.44,1,0.978
VEN0066,2024-12-02,Preferred Service Vendor 066,Standard,4,7053,5.81,1,0.9095
VEN0066,2024-12-09,Preferred Service Vendor 066,Standard,4,5282,3.34,0,1.0
VEN0066,2024-12-16,Preferred Service Vendor 066,Standard,4,4521,6.29,1,0.8855
VEN0066,2024-12-23,Preferred Service Vendor 066,Standard,4,3438,6.24,1,0.888
VEN0066,2024-12-30,Preferred Service Vendor 066,Standard,4,4975,4.72,1,0.964
VEN0067,2023-01-02,Preferred Service Vendor 067,Preferred,4,2670,3.93,0,1.0
VEN0067,2023-01-09,Preferred Service Vendor 067,Preferred,4,5160,4.59,1,0.9705
VEN0067,2023-01-16,Preferred Service Vendor 067,Preferred,4,5370,4.62,1,0.969
VEN0067,2023-01-23,Preferred Service Vendor 067,Preferred,4,4328,5.45,1,0.9275
VEN0067,2023-01-30,Preferred Service Vendor 067,Preferred,4,3811,3.65,0,1.0
VEN0067,2023-02-06,Preferred Service Vendor 067,Preferred,4,2546,5.01,1,0.9495
VEN0067,2023-02-13,Preferred Service Vendor 067,Preferred,4,3483,4.93,1,0.9535
VEN0067,2023-02-20,Preferred Service Vendor 067,Preferred,4,3405,5.73,1,0.9135
VEN0067,2023-02-27,Preferred Service Vendor 067,Preferred,4,4062,4.29,1,0.9855
VEN0067,2023-03-06,Preferred Service Vendor 067,Preferred,4,2907,3.7,0,1.0
VEN0067,2023-03-13,Preferred Service Vendor 067,Preferred,4,4638,3.84,0,1.0
VEN0067,2023-03-20,Preferred Service Vendor 067,Preferred,4,4051,3.0,0,1.0
VEN0067,2023-03-27,Preferred Service Vendor 067,Preferred,4,5589,2.63,0,1.0
VEN0067,2023-04-03,Preferred Service Vendor 067,Preferred,4,5320,3.6,0,1.0
VEN0067,2023-04-10,Preferred Service Vendor 067,Preferred,4,6319,5.57,1,0.9215
VEN0067,2023-04-17,Preferred Service Vendor 067,Preferred,4,3392,3.46,0,1.0
VEN0067,2023-04-24,Preferred Service Vendor 067,Preferred,4,4739,3.05,0,1.0
VEN0067,2023-05-01,Preferred Service Vendor 067,Preferred,4,3653,3.17,0,1.0
VEN0067,2023-05-08,Preferred Service Vendor 067,Preferred,4,3587,4.41,1,0.9795
VEN0067,2023-05-15,Preferred Service Vendor 067,Preferred,4,4691,5.87,1,0.9065
VEN0067,2023-05-22,Preferred Service Vendor 067,Preferred,4,3010,1.34,0,1.0
VEN0067,2023-05-29,Preferred Service Vendor 067,Preferred,4,3519,2.98,0,1.0
VEN0067,2023-06-05,Preferred Service Vendor 067,Preferred,4,5078,4.04,1,0.998
VEN0067,2023-06-12,Preferred Service Vendor 067,Preferred,4,3315,4.53,1,0.9735
VEN0067,2023-06-19,Preferred Service Vendor 067,Preferred,4,5699,1.59,0,1.0
VEN0067,2023-06-26,Preferred Service Vendor 067,Preferred,4,3993,2.42,0,1.0
VEN0067,2023-07-03,Preferred Service Vendor 067,Preferred,4,2540,2.29,0,1.0
VEN0067,2023-07-10,Preferred Service Vendor 067,Preferred,4,3955,3.33,0,1.0
VEN0067,2023-07-17,Preferred Service Vendor 067,Preferred,4,3002,3.19,0,1.0
VEN0067,2023-07-24,Preferred Service Vendor 067,Preferred,4,3380,5.06,1,0.947
VEN0067,2023-07-31,Preferred Service Vendor 067,Preferred,4,5574,4.83,1,0.9585
VEN0067,2023-08-07,Preferred Service Vendor 067,Preferred,4,5615,4.34,1,0.983
VEN0067,2023-08-14,Preferred Service Vendor 067,Preferred,4,6691,4.1,1,0.995
VEN0067,2023-08-21,Preferred Service Vendor 067,Preferred,4,3021,5.23,1,0.9385
VEN0067,2023-08-28,Preferred Service Vendor 067,Preferred,4,2926,3.96,0,1.0
VEN0067,2023-09-04,Preferred Service Vendor 067,Preferred,4,4646,3.26,0,1.0
VEN0067,2023-09-11,Preferred Service Vendor 067,Preferred,4,4278,2.1,0,1.0
VEN0067,2023-09-18,Preferred Service Vendor 067,Preferred,4,2147,5.94,1,0.903
VEN0067,2023-09-25,Preferred Service Vendor 067,Preferred,4,3594,5.74,1,0.913
VEN0067,2023-10-02,Preferred Service Vendor 067,Preferred,4,3780,3.89,0,1.0
VEN0067,2023-10-09,Preferred Service Vendor 067,Preferred,4,5265,3.81,0,1.0
VEN0067,2023-10-16,Preferred Service Vendor 067,Preferred,4,3597,4.38,1,0.981
VEN0067,2023-10-23,Preferred Service Vendor 067,Preferred,4,3985,4.63,1,0.9685
VEN0067,2023-10-30,Preferred Service Vendor 067,Preferred,4,5153,3.79,0,1.0
VEN0067,2023-11-06,Preferred Service Vendor 067,Preferred,4,3689,5.99,1,0.9005
VEN0067,2023-11-13,Preferred Service Vendor 067,Preferred,4,5729,3.82,0,1.0
VEN0067,2023-11-20,Preferred Service Vendor 067,Preferred,4,4383,1.62,0,1.0
VEN0067,2023-11-27,Preferred Service Vendor 067,Preferred,4,4959,2.76,0,1.0
VEN0067,2023-12-04,Preferred Service Vendor 067,Preferred,4,3254,4.81,1,0.9595
VEN0067,2023-12-11,Preferred Service Vendor 067,Preferred,4,4424,2.12,0,1.0
VEN0067,2023-12-18,Preferred Service Vendor 067,Preferred,4,3214,6.96,1,0.852
VEN0067,2023-12-25,Preferred Service Vendor 067,Preferred,4,3628,3.41,0,1.0
VEN0067,2024-01-01,Preferred Service Vendor 067,Preferred,4,4141,2.02,0,1.0
VEN0067,2024-01-08,Preferred Service Vendor 067,Preferred,4,2008,6.02,1,0.899
VEN0067,2024-01-15,Preferred Service Vendor 067,Preferred,4,4833,5.16,1,0.942
VEN0067,2024-01-22,Preferred Service Vendor 067,Preferred,4,1490,3.79,0,1.0
VEN0067,2024-01-29,Preferred Service Vendor 067,Preferred,4,4828,4.51,1,0.9745
VEN0067,2024-02-05,Preferred Service Vendor 067,Preferred,4,3691,5.46,1,0.927
VEN0067,2024-02-12,Preferred Service Vendor 067,Preferred,4,5880,1.36,0,1.0
VEN0067,2024-02-19,Preferred Service Vendor 067,Preferred,4,4100,3.89,0,1.0
VEN0067,2024-02-26,Preferred Service Vendor 067,Preferred,4,3565,3.11,0,1.0
VEN0067,2024-03-04,Preferred Service Vendor 067,Preferred,4,5168,3.27,0,1.0
VEN0067,2024-03-11,Preferred Service Vendor 067,Preferred,4,3556,5.99,1,0.9005
VEN0067,2024-03-18,Preferred Service Vendor 067,Preferred,4,4702,5.03,1,0.9485
VEN0067,2024-03-25,Preferred Service Vendor 067,Preferred,4,5511,4.34,1,0.983
VEN0067,2024-04-01,Preferred Service Vendor 067,Preferred,4,4683,6.24,1,0.888
VEN0067,2024-04-08,Preferred Service Vendor 067,Preferred,4,3873,6.31,1,0.8845
VEN0067,2024-04-15,Preferred Service Vendor 067,Preferred,4,3037,2.84,0,1.0
VEN0067,2024-04-22,Preferred Service Vendor 067,Preferred,4,4639,3.25,0,1.0
VEN0067,2024-04-29,Preferred Service Vendor 067,Preferred,4,4765,4.42,1,0.979
VEN0067,2024-05-06,Preferred Service Vendor 067,Preferred,4,2647,3.5,0,1.0
VEN0067,2024-05-13,Preferred Service Vendor 067,Preferred,4,2673,3.84,0,1.0
VEN0067,2024-05-20,Preferred Service Vendor 067,Preferred,4,2025,3.76,0,1.0
VEN0067,2024-05-27,Preferred Service Vendor 067,Preferred,4,4698,4.69,1,0.9655
VEN0067,2024-06-03,Preferred Service Vendor 067,Preferred,4,2391,2.22,0,1.0
VEN0067,2024-06-10,Preferred Service Vendor 067,Preferred,4,5082,3.42,0,1.0
VEN0067,2024-06-17,Preferred Service Vendor 067,Preferred,4,3276,7.12,1,0.844
VEN0067,2024-06-24,Preferred Service Vendor 067,Preferred,4,2897,3.88,0,1.0
VEN0067,2024-07-01,Preferred Service Vendor 067,Preferred,4,4622,4.6,1,0.97
VEN0067,2024-07-08,Preferred Service Vendor 067,Preferred,4,4720,5.17,1,0.9415
VEN0067,2024-07-15,Preferred Service Vendor 067,Preferred,4,4939,3.44,0,1.0
VEN0067,2024-07-22,Preferred Service Vendor 067,Preferred,4,5122,6.12,1,0.894
VEN0067,2024-07-29,Preferred Service Vendor 067,Preferred,4,3604,5.06,1,0.947
VEN0067,2024-08-05,Preferred Service Vendor 067,Preferred,4,2666,3.31,0,1.0
VEN0067,2024-08-12,Preferred Service Vendor 067,Preferred,4,5883,5.78,1,0.911
VEN0067,2024-08-19,Preferred Service Vendor 067,Preferred,4,4424,4.65,1,0.9675
VEN0067,2024-08-26,Preferred Service Vendor 067,Preferred,4,4545,4.64,1,0.968
VEN0067,2024-09-02,Preferred Service Vendor 067,Preferred,4,2812,4.89,1,0.9555
VEN0067,2024-09-09,Preferred Service Vendor 067,Preferred,4,5501,3.77,0,1.0
VEN0067,2024-09-16,Preferred Service Vendor 067,Preferred,4,5969,4.62,1,0.969
VEN0067,2024-09-23,Preferred Service Vendor 067,Preferred,4,4514,5.36,1,0.932
VEN0067,2024-09-30,Preferred Service Vendor 067,Preferred,4,2035,2.88,0,1.0
VEN0067,2024-10-07,Preferred Service Vendor 067,Preferred,4,3300,4.66,1,0.967
VEN0067,2024-10-14,Preferred Service Vendor 067,Preferred,4,4989,3.91,0,1.0
VEN0067,2024-10-21,Preferred Service Vendor 067,Preferred,4,4174,5.69,1,0.9155
VEN0067,2024-10-28,Preferred Service Vendor 067,Preferred,4,3351,4.48,1,0.976
VEN0067,2024-11-04,Preferred Service Vendor 067,Preferred,4,1835,3.7,0,1.0
VEN0067,2024-11-11,Preferred Service Vendor 067,Preferred,4,2404,4.99,1,0.9505
VEN0067,2024-11-18,Preferred Service Vendor 067,Preferred,4,4455,4.17,1,0.9915
VEN0067,2024-11-25,Preferred Service Vendor 067,Preferred,4,4560,6.41,1,0.8795
VEN0067,2024-12-02,Preferred Service Vendor 067,Preferred,4,3503,5.29,1,0.9355
VEN0067,2024-12-09,Preferred Service Vendor 067,Preferred,4,4007,5.75,1,0.9125
VEN0067,2024-12-16,Preferred Service Vendor 067,Preferred,4,3163,6.18,1,0.891
VEN0067,2024-12-23,Preferred Service Vendor 067,Preferred,4,4508,4.28,1,0.986
VEN0067,2024-12-30,Preferred Service Vendor 067,Preferred,4,4242,3.86,0,1.0
VEN0068,2023-01-02,Preferred Service Vendor 068,Preferred,12,3874,10.91,0,1.0
VEN0068,2023-01-09,Preferred Service Vendor 068,Preferred,12,4521,8.36,0,1.0
VEN0068,2023-01-16,Preferred Service Vendor 068,Preferred,12,3955,10.56,0,1.0
VEN0068,2023-01-23,Preferred Service Vendor 068,Preferred,12,5301,16.48,1,0.776
VEN0068,2023-01-30,Preferred Service Vendor 068,Preferred,12,4599,6.26,0,1.0
VEN0068,2023-02-06,Preferred Service Vendor 068,Preferred,12,3893,14.51,1,0.8745
VEN0068,2023-02-13,Preferred Service Vendor 068,Preferred,12,2615,11.29,0,1.0
VEN0068,2023-02-20,Preferred Service Vendor 068,Preferred,12,5579,15.02,1,0.849
VEN0068,2023-02-27,Preferred Service Vendor 068,Preferred,12,2720,9.99,0,1.0
VEN0068,2023-03-06,Preferred Service Vendor 068,Preferred,12,3641,16.7,1,0.765
VEN0068,2023-03-13,Preferred Service Vendor 068,Preferred,12,1654,8.98,0,1.0
VEN0068,2023-03-20,Preferred Service Vendor 068,Preferred,12,4592,13.39,1,0.9305
VEN0068,2023-03-27,Preferred Service Vendor 068,Preferred,12,3143,17.84,1,0.708
VEN0068,2023-04-03,Preferred Service Vendor 068,Preferred,12,4705,9.5,0,1.0
VEN0068,2023-04-10,Preferred Service Vendor 068,Preferred,12,5055,13.52,1,0.924
VEN0068,2023-04-17,Preferred Service Vendor 068,Preferred,12,5050,17.04,1,0.748
VEN0068,2023-04-24,Preferred Service Vendor 068,Preferred,12,5672,11.03,0,1.0
VEN0068,2023-05-01,Preferred Service Vendor 068,Preferred,12,2634,18.19,1,0.6905
VEN0068,2023-05-08,Preferred Service Vendor 068,Preferred,12,4300,10.34,0,1.0
VEN0068,2023-05-15,Preferred Service Vendor 068,Preferred,12,2503,14.08,1,0.896
VEN0068,2023-05-22,Preferred Service Vendor 068,Preferred,12,2804,11.96,0,1.0
VEN0068,2023-05-29,Preferred Service Vendor 068,Preferred,12,5093,10.98,0,1.0
VEN0068,2023-06-05,Preferred Service Vendor 068,Preferred,12,5293,14.54,1,0.873
VEN0068,2023-06-12,Preferred Service Vendor 068,Preferred,12,4077,14.54,1,0.873
VEN0068,2023-06-19,Preferred Service Vendor 068,Preferred,12,2308,10.78,0,1.0
VEN0068,2023-06-26,Preferred Service Vendor 068,Preferred,12,4124,10.23,0,1.0
VEN0068,2023-07-03,Preferred Service Vendor 068,Preferred,12,3501,16.93,1,0.7535
VEN0068,2023-07-10,Preferred Service Vendor 068,Preferred,12,4312,17.44,1,0.728
VEN0068,2023-07-17,Preferred Service Vendor 068,Preferred,12,2160,12.37,1,0.9815
VEN0068,2023-07-24,Preferred Service Vendor 068,Preferred,12,4291,14.26,1,0.887
VEN0068,2023-07-31,Preferred Service Vendor 068,Preferred,12,4170,9.34,0,1.0
VEN0068,2023-08-07,Preferred Service Vendor 068,Preferred,12,4850,16.4,1,0.78
VEN0068,2023-08-14,Preferred Service Vendor 068,Preferred,12,4512,16.94,1,0.753
VEN0068,2023-08-21,Preferred Service Vendor 068,Preferred,12,4469,7.32,0,1.0
VEN0068,2023-08-28,Preferred Service Vendor 068,Preferred,12,6992,13.01,1,0.9495
VEN0068,2023-09-04,Preferred Service Vendor 068,Preferred,12,4867,14.45,1,0.8775
VEN0068,2023-09-11,Preferred Service Vendor 068,Preferred,12,3527,12.73,1,0.9635
VEN0068,2023-09-18,Preferred Service Vendor 068,Preferred,12,2632,19.27,1,0.6365
VEN0068,2023-09-25,Preferred Service Vendor 068,Preferred,12,2965,13.34,1,0.933
VEN0068,2023-10-02,Preferred Service Vendor 068,Preferred,12,4654,18.33,1,0.6835
VEN0068,2023-10-09,Preferred Service Vendor 068,Preferred,12,4852,14.28,1,0.886
VEN0068,2023-10-16,Preferred Service Vendor 068,Preferred,12,2998,9.18,0,1.0
VEN0068,2023-10-23,Preferred Service Vendor 068,Preferred,12,3378,13.52,1,0.924
VEN0068,2023-10-30,Preferred Service Vendor 068,Preferred,12,4671,14.23,1,0.8885
VEN0068,2023-11-06,Preferred Service Vendor 068,Preferred,12,5155,15.55,1,0.8225
VEN0068,2023-11-13,Preferred Service Vendor 068,Preferred,12,3995,8.64,0,1.0
VEN0068,2023-11-20,Preferred Service Vendor 068,Preferred,12,3549,15.15,1,0.8425
VEN0068,2023-11-27,Preferred Service Vendor 068,Preferred,12,5535,16.44,1,0.778
VEN0068,2023-12-04,Preferred Service Vendor 068,Preferred,12,5199,10.2,0,1.0
VEN0068,2023-12-11,Preferred Service Vendor 068,Preferred,12,4821,14.36,1,0.882
VEN0068,2023-12-18,Preferred Service Vendor 068,Preferred,12,4040,9.9,0,1.0
VEN0068,2023-12-25,Preferred Service Vendor 068,Preferred,12,1331,8.81,0,1.0
VEN0068,2024-01-01,Preferred Service Vendor 068,Preferred,12,2811,7.5,0,1.0
VEN0068,2024-01-08,Preferred Service Vendor 068,Preferred,12,3404,10.63,0,1.0
VEN0068,2024-01-15,Preferred Service Vendor 068,Preferred,12,3854,16.91,1,0.7545
VEN0068,2024-01-22,Preferred Service Vendor 068,Preferred,12,2658,11.04,0,1.0
VEN0068,2024-01-29,Preferred Service Vendor 068,Preferred,12,2938,7.54,0,1.0
VEN0068,2024-02-05,Preferred Service Vendor 068,Preferred,12,5078,17.01,1,0.7495
VEN0068,2024-02-12,Preferred Service Vendor 068,Preferred,12,3761,13.55,1,0.9225
VEN0068,2024-02-19,Preferred Service Vendor 068,Preferred,12,4126,10.4,0,1.0
VEN0068,2024-02-26,Preferred Service Vendor 068,Preferred,12,4025,16.92,1,0.754
VEN0068,2024-03-04,Preferred Service Vendor 068,Preferred,12,5680,19.15,1,0.6425
VEN0068,2024-03-11,Preferred Service Vendor 068,Preferred,12,4686,14.17,1,0.8915
VEN0068,2024-03-18,Preferred Service Vendor 068,Preferred,12,5604,18.26,1,0.687
VEN0068,2024-03-25,Preferred Service Vendor 068,Preferred,12,7082,15.19,1,0.8405
VEN0068,2024-04-01,Preferred Service Vendor 068,Preferred,12,4535,10.81,0,1.0
VEN0068,2024-04-08,Preferred Service Vendor 068,Preferred,12,5918,9.57,0,1.0
VEN0068,2024-04-15,Preferred Service Vendor 068,Preferred,12,3216,11.67,0,1.0
VEN0068,2024-04-22,Preferred Service Vendor 068,Preferred,12,5965,16.93,1,0.7535
VEN0068,2024-04-29,Preferred Service Vendor 068,Preferred,12,5535,13.78,1,0.911
VEN0068,2024-05-06,Preferred Service Vendor 068,Preferred,12,3456,17.88,1,0.706
VEN0068,2024-05-13,Preferred Service Vendor 068,Preferred,12,5001,16.61,1,0.7695
VEN0068,2024-05-20,Preferred Service Vendor 068,Preferred,12,4284,15.72,1,0.814
VEN0068,2024-05-27,Preferred Service Vendor 068,Preferred,12,5098,12.45,1,0.9775
VEN0068,2024-06-03,Preferred Service Vendor 068,Preferred,12,5201,10.29,0,1.0
VEN0068,2024-06-10,Preferred Service Vendor 068,Preferred,12,3321,17.09,1,0.7455
VEN0068,2024-06-17,Preferred Service Vendor 068,Preferred,12,4108,7.95,0,1.0
VEN0068,2024-06-24,Preferred Service Vendor 068,Preferred,12,4340,14.29,1,0.8855
VEN0068,2024-07-01,Preferred Service Vendor 068,Preferred,12,4381,11.36,0,1.0
VEN0068,2024-07-08,Preferred Service Vendor 068,Preferred,12,3489,9.86,0,1.0
VEN0068,2024-07-15,Preferred Service Vendor 068,Preferred,12,4077,9.69,0,1.0
VEN0068,2024-07-22,Preferred Service Vendor 068,Preferred,12,4434,10.27,0,1.0
VEN0068,2024-07-29,Preferred Service Vendor 068,Preferred,12,3427,13.33,1,0.9335
VEN0068,2024-08-05,Preferred Service Vendor 068,Preferred,12,5211,14.76,1,0.862
VEN0068,2024-08-12,Preferred Service Vendor 068,Preferred,12,3809,13.76,1,0.912
VEN0068,2024-08-19,Preferred Service Vendor 068,Preferred,12,5064,14.42,1,0.879
VEN0068,2024-08-26,Preferred Service Vendor 068,Preferred,12,4489,12.42,1,0.979
VEN0068,2024-09-02,Preferred Service Vendor 068,Preferred,12,3489,14.11,1,0.8945
VEN0068,2024-09-09,Preferred Service Vendor 068,Preferred,12,2152,17.36,1,0.732
VEN0068,2024-09-16,Preferred Service Vendor 068,Preferred,12,4463,14.99,1,0.8505
VEN0068,2024-09-23,Preferred Service Vendor 068,Preferred,12,4599,15.4,1,0.83
VEN0068,2024-09-30,Preferred Service Vendor 068,Preferred,12,4580,16.51,1,0.7745
VEN0068,2024-10-07,Preferred Service Vendor 068,Preferred,12,4952,10.73,0,1.0
VEN0068,2024-10-14,Preferred Service Vendor 068,Preferred,12,5024,18.17,1,0.6915
VEN0068,2024-10-21,Preferred Service Vendor 068,Preferred,12,3448,11.6,0,1.0
VEN0068,2024-10-28,Preferred Service Vendor 068,Preferred,12,1950,9.88,0,1.0
VEN0068,2024-11-04,Preferred Service Vendor 068,Preferred,12,4194,16.41,1,0.7795
VEN0068,2024-11-11,Preferred Service Vendor 068,Preferred,12,4642,15.49,1,0.8255
VEN0068,2024-11-18,Preferred Service Vendor 068,Preferred,12,5532,18.93,1,0.6535
VEN0068,2024-11-25,Preferred Service Vendor 068,Preferred,12,2678,8.4,0,1.0
VEN0068,2024-12-02,Preferred Service Vendor 068,Preferred,12,4504,15.64,1,0.818
VEN0068,2024-12-09,Preferred Service Vendor 068,Preferred,12,2891,15.38,1,0.831
VEN0068,2024-12-16,Preferred Service Vendor 068,Preferred,12,4517,11.0,0,1.0
VEN0068,2024-12-23,Preferred Service Vendor 068,Preferred,12,5601,11.25,0,1.0
VEN0068,2024-12-30,Preferred Service Vendor 068,Preferred,12,6034,18.71,1,0.6645
VEN0069,2023-01-02,Preferred Service Vendor 069,Standard,8,4095,7.77,0,1.0
VEN0069,2023-01-09,Preferred Service Vendor 069,Standard,8,4443,11.34,1,0.833
VEN0069,2023-01-16,Preferred Service Vendor 069,Standard,8,3736,9.16,1,0.942
VEN0069,2023-01-23,Preferred Service Vendor 069,Standard,8,3772,11.83,1,0.8085
VEN0069,2023-01-30,Preferred Service Vendor 069,Standard,8,4831,6.04,0,1.0
VEN0069,2023-02-06,Preferred Service Vendor 069,Standard,8,3663,5.88,0,1.0
VEN0069,2023-02-13,Preferred Service Vendor 069,Standard,8,6021,5.94,0,1.0
VEN0069,2023-02-20,Preferred Service Vendor 069,Standard,8,4828,5.52,0,1.0
VEN0069,2023-02-27,Preferred Service Vendor 069,Standard,8,4724,10.97,1,0.8515
VEN0069,2023-03-06,Preferred Service Vendor 069,Standard,8,3979,5.74,0,1.0
VEN0069,2023-03-13,Preferred Service Vendor 069,Standard,8,3209,9.38,1,0.931
VEN0069,2023-03-20,Preferred Service Vendor 069,Standard,8,4749,10.16,1,0.892
VEN0069,2023-03-27,Preferred Service Vendor 069,Standard,8,2164,11.22,1,0.839
VEN0069,2023-04-03,Preferred Service Vendor 069,Standard,8,3746,7.89,0,1.0
VEN0069,2023-04-10,Preferred Service Vendor 069,Standard,8,4495,6.08,0,1.0
VEN0069,2023-04-17,Preferred Service Vendor 069,Standard,8,5833,13.03,1,0.7485
VEN0069,2023-04-24,Preferred Service Vendor 069,Standard,8,2163,9.44,1,0.928
VEN0069,2023-05-01,Preferred Service Vendor 069,Standard,8,3422,8.51,1,0.9745
VEN0069,2023-05-08,Preferred Service Vendor 069,Standard,8,6217,11.63,1,0.8185
VEN0069,2023-05-15,Preferred Service Vendor 069,Standard,8,3158,6.61,0,1.0
VEN0069,2023-05-22,Preferred Service Vendor 069,Standard,8,4721,11.69,1,0.8155
VEN0069,2023-05-29,Preferred Service Vendor 069,Standard,8,6007,6.96,0,1.0
VEN0069,2023-06-05,Preferred Service Vendor 069,Standard,8,2801,9.09,1,0.9455
VEN0069,2023-06-12,Preferred Service Vendor 069,Standard,8,2699,8.44,1,0.978
VEN0069,2023-06-19,Preferred Service Vendor 069,Standard,8,2680,7.04,0,1.0
VEN0069,2023-06-26,Preferred Service Vendor 069,Standard,8,6405,10.16,1,0.892
VEN0069,2023-07-03,Preferred Service Vendor 069,Standard,8,2994,4.19,0,1.0
VEN0069,2023-07-10,Preferred Service Vendor 069,Standard,8,3168,11.67,1,0.8165
VEN0069,2023-07-17,Preferred Service Vendor 069,Standard,8,2620,10.87,1,0.8565
VEN0069,2023-07-24,Preferred Service Vendor 069,Standard,8,4263,11.85,1,0.8075
VEN0069,2023-07-31,Preferred Service Vendor 069,Standard,8,4299,6.28,0,1.0
VEN0069,2023-08-07,Preferred Service Vendor 069,Standard,8,3249,5.92,0,1.0
VEN0069,2023-08-14,Preferred Service Vendor 069,Standard,8,2902,8.34,1,0.983
VEN0069,2023-08-21,Preferred Service Vendor 069,Standard,8,3265,6.19,0,1.0
VEN0069,2023-08-28,Preferred Service Vendor 069,Standard,8,3231,4.79,0,1.0
VEN0069,2023-09-04,Preferred Service Vendor 069,Standard,8,4175,9.41,1,0.9295
VEN0069,2023-09-11,Preferred Service Vendor 069,Standard,8,3376,11.04,1,0.848
VEN0069,2023-09-18,Preferred Service Vendor 069,Standard,8,4326,10.26,1,0.887
VEN0069,2023-09-25,Preferred Service Vendor 069,Standard,8,6380,6.06,0,1.0
VEN0069,2023-10-02,Preferred Service Vendor 069,Standard,8,5575,4.24,0,1.0
VEN0069,2023-10-09,Preferred Service Vendor 069,Standard,8,2004,12.34,1,0.783
VEN0069,2023-10-16,Preferred Service Vendor 069,Standard,8,3707,10.83,1,0.8585
VEN0069,2023-10-23,Preferred Service Vendor 069,Standard,8,4586,7.04,0,1.0
VEN0069,2023-10-30,Preferred Service Vendor 069,Standard,8,2438,8.95,1,0.9525
VEN0069,2023-11-06,Preferred Service Vendor 069,Standard,8,5175,12.91,1,0.7545
VEN0069,2023-11-13,Preferred Service Vendor 069,Standard,8,3935,11.89,1,0.8055
VEN0069,2023-11-20,Preferred Service Vendor 069,Standard,8,4667,10.89,1,0.8555
VEN0069,2023-11-27,Preferred Service Vendor 069,Standard,8,856,8.28,1,0.986
VEN0069,2023-12-04,Preferred Service Vendor 069,Standard,8,2981,6.05,0,1.0
VEN0069,2023-12-11,Preferred Service Vendor 069,Standard,8,4903,5.2,0,1.0
VEN0069,2023-12-18,Preferred Service Vendor 069,Standard,8,4947,8.63,1,0.9685
VEN0069,2023-12-25,Preferred Service Vendor 069,Standard,8,1516,5.72,0,1.0
VEN0069,2024-01-01,Preferred Service Vendor 069,Standard,8,3207,10.5,1,0.875
VEN0069,2024-01-08,Preferred Service Vendor 069,Standard,8,4566,11.52,1,0.824
VEN0069,2024-01-15,Preferred Service Vendor 069,Standard,8,4919,11.82,1,0.809
VEN0069,2024-01-22,Preferred Service Vendor 069,Standard,8,4321,11.38,1,0.831
VEN0069,2024-01-29,Preferred Service Vendor 069,Standard,8,4595,8.5,1,0.975
VEN0069,2024-02-05,Preferred Service Vendor 069,Standard,8,3590,6.68,0,1.0
VEN0069,2024-02-12,Preferred Service Vendor 069,Standard,8,2512,12.69,1,0.7655
VEN0069,2024-02-19,Preferred Service Vendor 069,Standard,8,6056,8.82,1,0.959
VEN0069,2024-02-26,Preferred Service Vendor 069,Standard,8,3904,8.84,1,0.958
VEN0069,2024-03-04,Preferred Service Vendor 069,Standard,8,3118,6.55,0,1.0
VEN0069,2024-03-11,Preferred Service Vendor 069,Standard,8,1993,11.14,1,0.843
VEN0069,2024-03-18,Preferred Service Vendor 069,Standard,8,3558,8.73,1,0.9635
VEN0069,2024-03-25,Preferred Service Vendor 069,Standard,8,3757,8.25,1,0.9875
VEN0069,2024-04-01,Preferred Service Vendor 069,Standard,8,4010,7.57,0,1.0
VEN0069,2024-04-08,Preferred Service Vendor 069,Standard,8,2541,7.01,0,1.0
VEN0069,2024-04-15,Preferred Service Vendor 069,Standard,8,3773,6.94,0,1.0
VEN0069,2024-04-22,Preferred Service Vendor 069,Standard,8,4097,7.15,0,1.0
VEN0069,2024-04-29,Preferred Service Vendor 069,Standard,8,3954,6.06,0,1.0
VEN0069,2024-05-06,Preferred Service Vendor 069,Standard,8,4370,11.02,1,0.849
VEN0069,2024-05-13,Preferred Service Vendor 069,Standard,8,3039,10.74,1,0.863
VEN0069,2024-05-20,Preferred Service Vendor 069,Standard,8,4770,6.71,0,1.0
VEN0069,2024-05-27,Preferred Service Vendor 069,Standard,8,5557,6.46,0,1.0
VEN0069,2024-06-03,Preferred Service Vendor 069,Standard,8,5406,8.85,1,0.9575
VEN0069,2024-06-10,Preferred Service Vendor 069,Standard,8,6533,8.34,1,0.983
VEN0069,2024-06-17,Preferred Service Vendor 069,Standard,8,4539,11.67,1,0.8165
VEN0069,2024-06-24,Preferred Service Vendor 069,Standard,8,1920,8.65,1,0.9675
VEN0069,2024-07-01,Preferred Service Vendor 069,Standard,8,2533,7.27,0,1.0
VEN0069,2024-07-08,Preferred Service Vendor 069,Standard,8,4298,8.76,1,0.962
VEN0069,2024-07-15,Preferred Service Vendor 069,Standard,8,4302,10.7,1,0.865
VEN0069,2024-07-22,Preferred Service Vendor 069,Standard,8,5348,9.31,1,0.9345
VEN0069,2024-07-29,Preferred Service Vendor 069,Standard,8,5263,9.79,1,0.9105
VEN0069,2024-08-05,Preferred Service Vendor 069,Standard,8,4671,7.89,0,1.0
VEN0069,2024-08-12,Preferred Service Vendor 069,Standard,8,3787,12.44,1,0.778
VEN0069,2024-08-19,Preferred Service Vendor 069,Standard,8,5642,5.56,0,1.0
VEN0069,2024-08-26,Preferred Service Vendor 069,Standard,8,2973,9.27,1,0.9365
VEN0069,2024-09-02,Preferred Service Vendor 069,Standard,8,5053,7.03,0,1.0
VEN0069,2024-09-09,Preferred Service Vendor 069,Standard,8,4763,9.38,1,0.931
VEN0069,2024-09-16,Preferred Service Vendor 069,Standard,8,5130,9.51,1,0.9245
VEN0069,2024-09-23,Preferred Service Vendor 069,Standard,8,5998,10.69,1,0.8655
VEN0069,2024-09-30,Preferred Service Vendor 069,Standard,8,5368,12.73,1,0.7635
VEN0069,2024-10-07,Preferred Service Vendor 069,Standard,8,3176,13.49,1,0.7255
VEN0069,2024-10-14,Preferred Service Vendor 069,Standard,8,2837,12.76,1,0.762
VEN0069,2024-10-21,Preferred Service Vendor 069,Standard,8,3106,8.78,1,0.961
VEN0069,2024-10-28,Preferred Service Vendor 069,Standard,8,4538,6.14,0,1.0
VEN0069,2024-11-04,Preferred Service Vendor 069,Standard,8,4366,6.86,0,1.0
VEN0069,2024-11-11,Preferred Service Vendor 069,Standard,8,3854,11.95,1,0.8025
VEN0069,2024-11-18,Preferred Service Vendor 069,Standard,8,3027,7.65,0,1.0
VEN0069,2024-11-25,Preferred Service Vendor 069,Standard,8,5444,7.36,0,1.0
VEN0069,2024-12-02,Preferred Service Vendor 069,Standard,8,4173,11.03,1,0.8485
VEN0069,2024-12-09,Preferred Service Vendor 069,Standard,8,5036,6.02,0,1.0
VEN0069,2024-12-16,Preferred Service Vendor 069,Standard,8,4392,9.13,1,0.9435
VEN0069,2024-12-23,Preferred Service Vendor 069,Standard,8,5355,10.93,1,0.8535
VEN0069,2024-12-30,Preferred Service Vendor 069,Standard,8,2932,6.57,0,1.0
VEN0070,2023-01-02,Preferred Service Vendor 070,Preferred,24,1760,30.28,1,0.686
VEN0070,2023-01-09,Preferred Service Vendor 070,Preferred,24,2283,18.27,0,1.0
VEN0070,2023-01-16,Preferred Service Vendor 070,Preferred,24,4811,21.55,0,1.0
VEN0070,2023-01-23,Preferred Service Vendor 070,Preferred,24,3669,26.65,1,0.8675
VEN0070,2023-01-30,Preferred Service Vendor 070,Preferred,24,4887,35.24,1,0.438
VEN0070,2023-02-06,Preferred Service Vendor 070,Preferred,24,3290,27.42,1,0.829
VEN0070,2023-02-13,Preferred Service Vendor 070,Preferred,24,4811,21.33,0,1.0
VEN0070,2023-02-20,Preferred Service Vendor 070,Preferred,24,4011,23.38,0,1.0
VEN0070,2023-02-27,Preferred Service Vendor 070,Preferred,24,2392,23.42,0,1.0
VEN0070,2023-03-06,Preferred Service Vendor 070,Preferred,24,4558,29.83,1,0.7085
VEN0070,2023-03-13,Preferred Service Vendor 070,Preferred,24,5039,25.35,1,0.9325
VEN0070,2023-03-20,Preferred Service Vendor 070,Preferred,24,3444,25.37,1,0.9315
VEN0070,2023-03-27,Preferred Service Vendor 070,Preferred,24,5143,34.93,1,0.4535
VEN0070,2023-04-03,Preferred Service Vendor 070,Preferred,24,3653,22.32,0,1.0
VEN0070,2023-04-10,Preferred Service Vendor 070,Preferred,24,4372,20.95,0,1.0
VEN0070,2023-04-17,Preferred Service Vendor 070,Preferred,24,4047,33.2,1,0.54
VEN0070,2023-04-24,Preferred Service Vendor 070,Preferred,24,3403,33.21,1,0.5395
VEN0070,2023-05-01,Preferred Service Vendor 070,Preferred,24,5135,26.66,1,0.867
VEN0070,2023-05-08,Preferred Service Vendor 070,Preferred,24,4731,29.0,1,0.75
VEN0070,2023-05-15,Preferred Service Vendor 070,Preferred,24,2494,34.36,1,0.482
VEN0070,2023-05-22,Preferred Service Vendor 070,Preferred,24,3909,25.29,1,0.9355
VEN0070,2023-05-29,Preferred Service Vendor 070,Preferred,24,4957,24.63,1,0.9685
VEN0070,2023-06-05,Preferred Service Vendor 070,Preferred,24,3086,24.97,1,0.9515
VEN0070,2023-06-12,Preferred Service Vendor 070,Preferred,24,1477,27.52,1,0.824
VEN0070,2023-06-19,Preferred Service Vendor 070,Preferred,24,4147,34.49,1,0.4755
VEN0070,2023-06-26,Preferred Service Vendor 070,Preferred,24,5106,19.54,0,1.0
VEN0070,2023-07-03,Preferred Service Vendor 070,Preferred,24,3618,34.48,1,0.476
VEN0070,2023-07-10,Preferred Service Vendor 070,Preferred,24,4121,25.98,1,0.901
VEN0070,2023-07-17,Preferred Service Vendor 070,Preferred,24,3235,34.06,1,0.497
VEN0070,2023-07-24,Preferred Service Vendor 070,Preferred,24,3174,27.99,1,0.8005
VEN0070,2023-07-31,Preferred Service Vendor 070,Preferred,24,1054,16.32,0,1.0
VEN0070,2023-08-07,Preferred Service Vendor 070,Preferred,24,7807,36.05,1,0.3975
VEN0070,2023-08-14,Preferred Service Vendor 070,Preferred,24,5830,35.39,1,0.4305
VEN0070,2023-08-21,Preferred Service Vendor 070,Preferred,24,2756,29.96,1,0.702
VEN0070,2023-08-28,Preferred Service Vendor 070,Preferred,24,2869,24.4,1,0.98
VEN0070,2023-09-04,Preferred Service Vendor 070,Preferred,24,3699,34.12,1,0.494
VEN0070,2023-09-11,Preferred Service Vendor 070,Preferred,24,3803,21.53,0,1.0
VEN0070,2023-09-18,Preferred Service Vendor 070,Preferred,24,3808,19.17,0,1.0
VEN0070,2023-09-25,Preferred Service Vendor 070,Preferred,24,5293,35.0,1,0.45
VEN0070,2023-10-02,Preferred Service Vendor 070,Preferred,24,2338,25.92,1,0.904
VEN0070,2023-10-09,Preferred Service Vendor 070,Preferred,24,4453,23.21,0,1.0
VEN0070,2023-10-16,Preferred Service Vendor 070,Preferred,24,4136,19.1,0,1.0
VEN0070,2023-10-23,Preferred Service Vendor 070,Preferred,24,3848,24.43,1,0.9785
VEN0070,2023-10-30,Preferred Service Vendor 070,Preferred,24,2783,29.55,1,0.7225
VEN0070,2023-11-06,Preferred Service Vendor 070,Preferred,24,3886,20.22,0,1.0
VEN0070,2023-11-13,Preferred Service Vendor 070,Preferred,24,5292,20.25,0,1.0
VEN0070,2023-11-20,Preferred Service Vendor 070,Preferred,24,2937,19.94,0,1.0
VEN0070,2023-11-27,Preferred Service Vendor 070,Preferred,24,3194,31.68,1,0.616
VEN0070,2023-12-04,Preferred Service Vendor 070,Preferred,24,3767,24.65,1,0.9675
VEN0070,2023-12-11,Preferred Service Vendor 070,Preferred,24,3879,31.5,1,0.625
VEN0070,2023-12-18,Preferred Service Vendor 070,Preferred,24,4713,31.93,1,0.6035
VEN0070,2023-12-25,Preferred Service Vendor 070,Preferred,24,5442,30.54,1,0.673
VEN0070,2024-01-01,Preferred Service Vendor 070,Preferred,24,5794,24.51,1,0.9745
VEN0070,2024-01-08,Preferred Service Vendor 070,Preferred,24,4037,19.66,0,1.0
VEN0070,2024-01-15,Preferred Service Vendor 070,Preferred,24,4275,23.64,0,1.0
VEN0070,2024-01-22,Preferred Service Vendor 070,Preferred,24,3898,15.77,0,1.0
VEN0070,2024-01-29,Preferred Service Vendor 070,Preferred,24,5157,29.93,1,0.7035
VEN0070,2024-02-05,Preferred Service Vendor 070,Preferred,24,3221,24.97,1,0.9515
VEN0070,2024-02-12,Preferred Service Vendor 070,Preferred,24,4508,33.08,1,0.546
VEN0070,2024-02-19,Preferred Service Vendor 070,Preferred,24,4306,18.89,0,1.0
VEN0070,2024-02-26,Preferred Service Vendor 070,Preferred,24,4848,31.92,1,0.604
VEN0070,2024-03-04,Preferred Service Vendor 070,Preferred,24,5058,19.03,0,1.0
VEN0070,2024-03-11,Preferred Service Vendor 070,Preferred,24,3455,19.4,0,1.0
VEN0070,2024-03-18,Preferred Service Vendor 070,Preferred,24,3137,28.2,1,0.79
VEN0070,2024-03-25,Preferred Service Vendor 070,Preferred,24,3377,20.39,0,1.0
VEN0070,2024-04-01,Preferred Service Vendor 070,Preferred,24,3508,32.28,1,0.586
VEN0070,2024-04-08,Preferred Service Vendor 070,Preferred,24,4929,15.05,0,1.0
VEN0070,2024-04-15,Preferred Service Vendor 070,Preferred,24,5143,24.41,1,0.9795
VEN0070,2024-04-22,Preferred Service Vendor 070,Preferred,24,3137,22.31,0,1.0
VEN0070,2024-04-29,Preferred Service Vendor 070,Preferred,24,4656,32.91,1,0.5545
VEN0070,2024-05-06,Preferred Service Vendor 070,Preferred,24,6479,31.6,1,0.62
VEN0070,2024-05-13,Preferred Service Vendor 070,Preferred,24,4562,35.04,1,0.448
VEN0070,2024-05-20,Preferred Service Vendor 070,Preferred,24,3984,16.6,0,1.0
VEN0070,2024-05-27,Preferred Service Vendor 070,Preferred,24,4728,16.56,0,1.0
VEN0070,2024-06-03,Preferred Service Vendor 070,Preferred,24,4151,31.73,1,0.6135
VEN0070,2024-06-10,Preferred Service Vendor 070,Preferred,24,2077,30.69,1,0.6655
VEN0070,2024-06-17,Preferred Service Vendor 070,Preferred,24,4105,32.35,1,0.5825
VEN0070,2024-06-24,Preferred Service Vendor 070,Preferred,24,4472,35.69,1,0.4155
VEN0070,2024-07-01,Preferred Service Vendor 070,Preferred,24,4516,15.1,0,1.0
VEN0070,2024-07-08,Preferred Service Vendor 070,Preferred,24,2488,36.01,1,0.3995
VEN0070,2024-07-15,Preferred Service Vendor 070,Preferred,24,6792,23.59,0,1.0
VEN0070,2024-07-22,Preferred Service Vendor 070,Preferred,24,4787,24.2,1,0.99
VEN0070,2024-07-29,Preferred Service Vendor 070,Preferred,24,2881,32.6,1,0.57
VEN0070,2024-08-05,Preferred Service Vendor 070,Preferred,24,5400,21.5,0,1.0
VEN0070,2024-08-12,Preferred Service Vendor 070,Preferred,24,6183,22.48,0,1.0
VEN0070,2024-08-19,Preferred Service Vendor 070,Preferred,24,3142,33.0,1,0.55
VEN0070,2024-08-26,Preferred Service Vendor 070,Preferred,24,2578,17.55,0,1.0
VEN0070,2024-09-02,Preferred Service Vendor 070,Preferred,24,3925,35.34,1,0.433
VEN0070,2024-09-09,Preferred Service Vendor 070,Preferred,24,3866,33.58,1,0.521
VEN0070,2024-09-16,Preferred Service Vendor 070,Preferred,24,3413,31.02,1,0.649
VEN0070,2024-09-23,Preferred Service Vendor 070,Preferred,24,5078,36.1,1,0.395
VEN0070,2024-09-30,Preferred Service Vendor 070,Preferred,24,2409,35.13,1,0.4435
VEN0070,2024-10-07,Preferred Service Vendor 070,Preferred,24,4839,35.29,1,0.4355
VEN0070,2024-10-14,Preferred Service Vendor 070,Preferred,24,3555,18.95,0,1.0
VEN0070,2024-10-21,Preferred Service Vendor 070,Preferred,24,4994,20.05,0,1.0
VEN0070,2024-10-28,Preferred Service Vendor 070,Preferred,24,3564,16.06,0,1.0
VEN0070,2024-11-04,Preferred Service Vendor 070,Preferred,24,2825,16.69,0,1.0
VEN0070,2024-11-11,Preferred Service Vendor 070,Preferred,24,2064,30.46,1,0.677
VEN0070,2024-11-18,Preferred Service Vendor 070,Preferred,24,5727,26.12,1,0.894
VEN0070,2024-11-25,Preferred Service Vendor 070,Preferred,24,6066,17.77,0,1.0
VEN0070,2024-12-02,Preferred Service Vendor 070,Preferred,24,4326,18.25,0,1.0
VEN0070,2024-12-09,Preferred Service Vendor 070,Preferred,24,4486,31.82,1,0.609
VEN0070,2024-12-16,Preferred Service Vendor 070,Preferred,24,4067,31.92,1,0.604
VEN0070,2024-12-23,Preferred Service Vendor 070,Preferred,24,3116,15.0,0,1.0
VEN0070,2024-12-30,Preferred Service Vendor 070,Preferred,24,3261,23.74,0,1.0
VEN0071,2023-01-02,Preferred Service Vendor 071,Strategic,12,4336,15.27,1,0.8365
VEN0071,2023-01-09,Preferred Service Vendor 071,Strategic,12,2585,11.43,0,1.0
VEN0071,2023-01-16,Preferred Service Vendor 071,Strategic,12,4922,10.91,0,1.0
VEN0071,2023-01-23,Preferred Service Vendor 071,Strategic,12,6406,9.76,0,1.0
VEN0071,2023-01-30,Preferred Service Vendor 071,Strategic,12,4715,7.84,0,1.0
VEN0071,2023-02-06,Preferred Service Vendor 071,Strategic,12,4641,13.56,1,0.922
VEN0071,2023-02-13,Preferred Service Vendor 071,Strategic,12,6468,14.78,1,0.861
VEN0071,2023-02-20,Preferred Service Vendor 071,Strategic,12,5129,16.26,1,0.787
VEN0071,2023-02-27,Preferred Service Vendor 071,Strategic,12,5807,7.67,0,1.0
VEN0071,2023-03-06,Preferred Service Vendor 071,Strategic,12,3724,13.3,1,0.935
VEN0071,2023-03-13,Preferred Service Vendor 071,Strategic,12,3810,16.22,1,0.789
VEN0071,2023-03-20,Preferred Service Vendor 071,Strategic,12,4468,12.7,1,0.965
VEN0071,2023-03-27,Preferred Service Vendor 071,Strategic,12,6119,8.12,0,1.0
VEN0071,2023-04-03,Preferred Service Vendor 071,Strategic,12,4060,8.41,0,1.0
VEN0071,2023-04-10,Preferred Service Vendor 071,Strategic,12,5277,10.1,0,1.0
VEN0071,2023-04-17,Preferred Service Vendor 071,Strategic,12,4716,17.74,1,0.713
VEN0071,2023-04-24,Preferred Service Vendor 071,Strategic,12,6546,8.64,0,1.0
VEN0071,2023-05-01,Preferred Service Vendor 071,Strategic,12,7363,14.31,1,0.8845
VEN0071,2023-05-08,Preferred Service Vendor 071,Strategic,12,4211,8.95,0,1.0
VEN0071,2023-05-15,Preferred Service Vendor 071,Strategic,12,5233,16.02,1,0.799
VEN0071,2023-05-22,Preferred Service Vendor 071,Strategic,12,2921,16.58,1,0.771
VEN0071,2023-05-29,Preferred Service Vendor 071,Strategic,12,5657,19.25,1,0.6375
VEN0071,2023-06-05,Preferred Service Vendor 071,Strategic,12,5590,16.11,1,0.7945
VEN0071,2023-06-12,Preferred Service Vendor 071,Strategic,12,2579,13.46,1,0.927
VEN0071,2023-06-19,Preferred Service Vendor 071,Strategic,12,3892,18.18,1,0.691
VEN0071,2023-06-26,Preferred Service Vendor 071,Strategic,12,3174,14.13,1,0.8935
VEN0071,2023-07-03,Preferred Service Vendor 071,Strategic,12,3744,10.31,0,1.0
VEN0071,2023-07-10,Preferred Service Vendor 071,Strategic,12,4329,15.47,1,0.8265
VEN0071,2023-07-17,Preferred Service Vendor 071,Strategic,12,4163,13.36,1,0.932
VEN0071,2023-07-24,Preferred Service Vendor 071,Strategic,12,5337,13.37,1,0.9315
VEN0071,2023-07-31,Preferred Service Vendor 071,Strategic,12,3817,11.79,0,1.0
VEN0071,2023-08-07,Preferred Service Vendor 071,Strategic,12,3742,14.76,1,0.862
VEN0071,2023-08-14,Preferred Service Vendor 071,Strategic,12,4017,15.91,1,0.8045
VEN0071,2023-08-21,Preferred Service Vendor 071,Strategic,12,5100,14.11,1,0.8945
VEN0071,2023-08-28,Preferred Service Vendor 071,Strategic,12,3812,13.08,1,0.946
VEN0071,2023-09-04,Preferred Service Vendor 071,Strategic,12,3910,12.39,1,0.9805
VEN0071,2023-09-11,Preferred Service Vendor 071,Strategic,12,8167,8.44,0,1.0
VEN0071,2023-09-18,Preferred Service Vendor 071,Strategic,12,5995,9.68,0,1.0
VEN0071,2023-09-25,Preferred Service Vendor 071,Strategic,12,4683,17.9,1,0.705
VEN0071,2023-10-02,Preferred Service Vendor 071,Strategic,12,4544,15.88,1,0.806
VEN0071,2023-10-09,Preferred Service Vendor 071,Strategic,12,4255,8.8,0,1.0
VEN0071,2023-10-16,Preferred Service Vendor 071,Strategic,12,3788,15.94,1,0.803
VEN0071,2023-10-23,Preferred Service Vendor 071,Strategic,12,4263,12.34,1,0.983
VEN0071,2023-10-30,Preferred Service Vendor 071,Strategic,12,3908,17.25,1,0.7375
VEN0071,2023-11-06,Preferred Service Vendor 071,Strategic,12,4258,9.34,0,1.0
VEN0071,2023-11-13,Preferred Service Vendor 071,Strategic,12,5227,10.53,0,1.0
VEN0071,2023-11-20,Preferred Service Vendor 071,Strategic,12,3522,9.2,0,1.0
VEN0071,2023-11-27,Preferred Service Vendor 071,Strategic,12,4207,12.43,1,0.9785
VEN0071,2023-12-04,Preferred Service Vendor 071,Strategic,12,5040,16.88,1,0.756
VEN0071,2023-12-11,Preferred Service Vendor 071,Strategic,12,4518,16.93,1,0.7535
VEN0071,2023-12-18,Preferred Service Vendor 071,Strategic,12,5338,14.36,1,0.882
VEN0071,2023-12-25,Preferred Service Vendor 071,Strategic,12,4398,10.74,0,1.0
VEN0071,2024-01-01,Preferred Service Vendor 071,Strategic,12,3354,17.93,1,0.7035
VEN0071,2024-01-08,Preferred Service Vendor 071,Strategic,12,1696,9.32,0,1.0
VEN0071,2024-01-15,Preferred Service Vendor 071,Strategic,12,3226,10.53,0,1.0
VEN0071,2024-01-22,Preferred Service Vendor 071,Strategic,12,2510,17.96,1,0.702
VEN0071,2024-01-29,Preferred Service Vendor 071,Strategic,12,4085,16.52,1,0.774
VEN0071,2024-02-05,Preferred Service Vendor 071,Strategic,12,3364,9.8,0,1.0
VEN0071,2024-02-12,Preferred Service Vendor 071,Strategic,12,4143,14.21,1,0.8895
VEN0071,2024-02-19,Preferred Service Vendor 071,Strategic,12,3694,11.37,0,1.0
VEN0071,2024-02-26,Preferred Service Vendor 071,Strategic,12,2894,16.28,1,0.786
VEN0071,2024-03-04,Preferred Service Vendor 071,Strategic,12,4169,18.96,1,0.652
VEN0071,2024-03-11,Preferred Service Vendor 071,Strategic,12,2167,8.56,0,1.0
VEN0071,2024-03-18,Preferred Service Vendor 071,Strategic,12,3311,12.57,1,0.9715
VEN0071,2024-03-25,Preferred Service Vendor 071,Strategic,12,4615,14.78,1,0.861
VEN0071,2024-04-01,Preferred Service Vendor 071,Strategic,12,5390,16.67,1,0.7665
VEN0071,2024-04-08,Preferred Service Vendor 071,Strategic,12,4053,15.78,1,0.811
VEN0071,2024-04-15,Preferred Service Vendor 071,Strategic,12,1817,10.33,0,1.0
VEN0071,2024-04-22,Preferred Service Vendor 071,Strategic,12,4070,17.33,1,0.7335
VEN0071,2024-04-29,Preferred Service Vendor 071,Strategic,12,3134,9.95,0,1.0
VEN0071,2024-05-06,Preferred Service Vendor 071,Strategic,12,4319,19.09,1,0.6455
VEN0071,2024-05-13,Preferred Service Vendor 071,Strategic,12,3064,14.72,1,0.864
VEN0071,2024-05-20,Preferred Service Vendor 071,Strategic,12,6274,13.55,1,0.9225
VEN0071,2024-05-27,Preferred Service Vendor 071,Strategic,12,4109,12.89,1,0.9555
VEN0071,2024-06-03,Preferred Service Vendor 071,Strategic,12,1246,12.42,1,0.979
VEN0071,2024-06-10,Preferred Service Vendor 071,Strategic,12,4282,9.24,0,1.0
VEN0071,2024-06-17,Preferred Service Vendor 071,Strategic,12,2389,14.93,1,0.8535
VEN0071,2024-06-24,Preferred Service Vendor 071,Strategic,12,4819,12.89,1,0.9555
VEN0071,2024-07-01,Preferred Service Vendor 071,Strategic,12,3155,11.21,0,1.0
VEN0071,2024-07-08,Preferred Service Vendor 071,Strategic,12,3924,14.77,1,0.8615
VEN0071,2024-07-15,Preferred Service Vendor 071,Strategic,12,2957,20.68,1,0.566
VEN0071,2024-07-22,Preferred Service Vendor 071,Strategic,12,3781,13.82,1,0.909
VEN0071,2024-07-29,Preferred Service Vendor 071,Strategic,12,4828,7.46,0,1.0
VEN0071,2024-08-05,Preferred Service Vendor 071,Strategic,12,5314,12.97,1,0.9515
VEN0071,2024-08-12,Preferred Service Vendor 071,Strategic,12,5468,14.68,1,0.866
VEN0071,2024-08-19,Preferred Service Vendor 071,Strategic,12,3587,8.31,0,1.0
VEN0071,2024-08-26,Preferred Service Vendor 071,Strategic,12,3487,15.87,1,0.8065
VEN0071,2024-09-02,Preferred Service Vendor 071,Strategic,12,4383,10.86,0,1.0
VEN0071,2024-09-09,Preferred Service Vendor 071,Strategic,12,4324,11.82,0,1.0
VEN0071,2024-09-16,Preferred Service Vendor 071,Strategic,12,3855,15.39,1,0.8305
VEN0071,2024-09-23,Preferred Service Vendor 071,Strategic,12,2829,10.56,0,1.0
VEN0071,2024-09-30,Preferred Service Vendor 071,Strategic,12,4609,11.06,0,1.0
VEN0071,2024-10-07,Preferred Service Vendor 071,Strategic,12,1971,9.44,0,1.0
VEN0071,2024-10-14,Preferred Service Vendor 071,Strategic,12,3172,14.75,1,0.8625
VEN0071,2024-10-21,Preferred Service Vendor 071,Strategic,12,4451,16.17,1,0.7915
VEN0071,2024-10-28,Preferred Service Vendor 071,Strategic,12,1883,14.22,1,0.889
VEN0071,2024-11-04,Preferred Service Vendor 071,Strategic,12,4744,9.82,0,1.0
VEN0071,2024-11-11,Preferred Service Vendor 071,Strategic,12,7012,8.26,0,1.0
VEN0071,2024-11-18,Preferred Service Vendor 071,Strategic,12,4112,14.78,1,0.861
VEN0071,2024-11-25,Preferred Service Vendor 071,Strategic,12,4634,16.34,1,0.783
VEN0071,2024-12-02,Preferred Service Vendor 071,Strategic,12,4675,15.32,1,0.834
VEN0071,2024-12-09,Preferred Service Vendor 071,Strategic,12,3212,13.8,1,0.91
VEN0071,2024-12-16,Preferred Service Vendor 071,Strategic,12,5252,14.26,1,0.887
VEN0071,2024-12-23,Preferred Service Vendor 071,Strategic,12,5335,17.65,1,0.7175
VEN0071,2024-12-30,Preferred Service Vendor 071,Strategic,12,3006,17.43,1,0.7285
VEN0072,2023-01-02,Preferred Service Vendor 072,Preferred,12,5632,9.48,0,1.0
VEN0072,2023-01-09,Preferred Service Vendor 072,Preferred,12,4391,17.08,1,0.746
VEN0072,2023-01-16,Preferred Service Vendor 072,Preferred,12,4993,10.64,0,1.0
VEN0072,2023-01-23,Preferred Service Vendor 072,Preferred,12,3899,7.56,0,1.0
VEN0072,2023-01-30,Preferred Service Vendor 072,Preferred,12,5896,15.99,1,0.8005
VEN0072,2023-02-06,Preferred Service Vendor 072,Preferred,12,4186,8.91,0,1.0
VEN0072,2023-02-13,Preferred Service Vendor 072,Preferred,12,4090,15.88,1,0.806
VEN0072,2023-02-20,Preferred Service Vendor 072,Preferred,12,6134,10.25,0,1.0
VEN0072,2023-02-27,Preferred Service Vendor 072,Preferred,12,4455,12.02,1,0.999
VEN0072,2023-03-06,Preferred Service Vendor 072,Preferred,12,4206,13.7,1,0.915
VEN0072,2023-03-13,Preferred Service Vendor 072,Preferred,12,4993,18.62,1,0.669
VEN0072,2023-03-20,Preferred Service Vendor 072,Preferred,12,3535,13.0,1,0.95
VEN0072,2023-03-27,Preferred Service Vendor 072,Preferred,12,2669,18.64,1,0.668
VEN0072,2023-04-03,Preferred Service Vendor 072,Preferred,12,3756,9.43,0,1.0
VEN0072,2023-04-10,Preferred Service Vendor 072,Preferred,12,3276,11.62,0,1.0
VEN0072,2023-04-17,Preferred Service Vendor 072,Preferred,12,4486,17.03,1,0.7485
VEN0072,2023-04-24,Preferred Service Vendor 072,Preferred,12,4134,10.62,0,1.0
VEN0072,2023-05-01,Preferred Service Vendor 072,Preferred,12,4367,16.41,1,0.7795
VEN0072,2023-05-08,Preferred Service Vendor 072,Preferred,12,4367,10.83,0,1.0
VEN0072,2023-05-15,Preferred Service Vendor 072,Preferred,12,2758,8.54,0,1.0
VEN0072,2023-05-22,Preferred Service Vendor 072,Preferred,12,4724,8.96,0,1.0
VEN0072,2023-05-29,Preferred Service Vendor 072,Preferred,12,2503,8.62,0,1.0
VEN0072,2023-06-05,Preferred Service Vendor 072,Preferred,12,2841,10.82,0,1.0
VEN0072,2023-06-12,Preferred Service Vendor 072,Preferred,12,5407,15.27,1,0.8365
VEN0072,2023-06-19,Preferred Service Vendor 072,Preferred,12,2838,14.32,1,0.884
VEN0072,2023-06-26,Preferred Service Vendor 072,Preferred,12,2685,13.17,1,0.9415
VEN0072,2023-07-03,Preferred Service Vendor 072,Preferred,12,6390,15.93,1,0.8035
VEN0072,2023-07-10,Preferred Service Vendor 072,Preferred,12,3275,17.68,1,0.716
VEN0072,2023-07-17,Preferred Service Vendor 072,Preferred,12,1955,13.39,1,0.9305
VEN0072,2023-07-24,Preferred Service Vendor 072,Preferred,12,3131,16.34,1,0.783
VEN0072,2023-07-31,Preferred Service Vendor 072,Preferred,12,3925,13.97,1,0.9015
VEN0072,2023-08-07,Preferred Service Vendor 072,Preferred,12,2388,17.22,1,0.739
VEN0072,2023-08-14,Preferred Service Vendor 072,Preferred,12,5363,18.86,1,0.657
VEN0072,2023-08-21,Preferred Service Vendor 072,Preferred,12,2362,12.68,1,0.966
VEN0072,2023-08-28,Preferred Service Vendor 072,Preferred,12,4099,16.08,1,0.796
VEN0072,2023-09-04,Preferred Service Vendor 072,Preferred,12,3854,10.77,0,1.0
VEN0072,2023-09-11,Preferred Service Vendor 072,Preferred,12,4113,14.9,1,0.855
VEN0072,2023-09-18,Preferred Service Vendor 072,Preferred,12,6017,6.77,0,1.0
VEN0072,2023-09-25,Preferred Service Vendor 072,Preferred,12,5062,13.25,1,0.9375
VEN0072,2023-10-02,Preferred Service Vendor 072,Preferred,12,5159,14.08,1,0.896
VEN0072,2023-10-09,Preferred Service Vendor 072,Preferred,12,4503,10.27,0,1.0
VEN0072,2023-10-16,Preferred Service Vendor 072,Preferred,12,4842,15.53,1,0.8235
VEN0072,2023-10-23,Preferred Service Vendor 072,Preferred,12,3736,14.52,1,0.874
VEN0072,2023-10-30,Preferred Service Vendor 072,Preferred,12,5281,10.88,0,1.0
VEN0072,2023-11-06,Preferred Service Vendor 072,Preferred,12,5565,18.27,1,0.6865
VEN0072,2023-11-13,Preferred Service Vendor 072,Preferred,12,3546,7.51,0,1.0
VEN0072,2023-11-20,Preferred Service Vendor 072,Preferred,12,6950,17.37,1,0.7315
VEN0072,2023-11-27,Preferred Service Vendor 072,Preferred,12,5526,12.83,1,0.9585
VEN0072,2023-12-04,Preferred Service Vendor 072,Preferred,12,4784,16.06,1,0.797
VEN0072,2023-12-11,Preferred Service Vendor 072,Preferred,12,3429,16.56,1,0.772
VEN0072,2023-12-18,Preferred Service Vendor 072,Preferred,12,4047,19.63,1,0.6185
VEN0072,2023-12-25,Preferred Service Vendor 072,Preferred,12,1674,7.91,0,1.0
VEN0072,2024-01-01,Preferred Service Vendor 072,Preferred,12,2986,15.01,1,0.8495
VEN0072,2024-01-08,Preferred Service Vendor 072,Preferred,12,5224,12.87,1,0.9565
VEN0072,2024-01-15,Preferred Service Vendor 072,Preferred,12,4080,17.8,1,0.71
VEN0072,2024-01-22,Preferred Service Vendor 072,Preferred,12,3657,15.06,1,0.847
VEN0072,2024-01-29,Preferred Service Vendor 072,Preferred,12,5231,12.59,1,0.9705
VEN0072,2024-02-05,Preferred Service Vendor 072,Preferred,12,3835,10.15,0,1.0
VEN0072,2024-02-12,Preferred Service Vendor 072,Preferred,12,6433,18.4,1,0.68
VEN0072,2024-02-19,Preferred Service Vendor 072,Preferred,12,3941,15.49,1,0.8255
VEN0072,2024-02-26,Preferred Service Vendor 072,Preferred,12,6119,12.02,1,0.999
VEN0072,2024-03-04,Preferred Service Vendor 072,Preferred,12,4132,9.96,0,1.0
VEN0072,2024-03-11,Preferred Service Vendor 072,Preferred,12,3538,14.49,1,0.8755
VEN0072,2024-03-18,Preferred Service Vendor 072,Preferred,12,4455,15.0,1,0.85
VEN0072,2024-03-25,Preferred Service Vendor 072,Preferred,12,5427,10.79,0,1.0
VEN0072,2024-04-01,Preferred Service Vendor 072,Preferred,12,4700,13.05,1,0.9475
VEN0072,2024-04-08,Preferred Service Vendor 072,Preferred,12,2637,17.17,1,0.7415
VEN0072,2024-04-15,Preferred Service Vendor 072,Preferred,12,4512,9.03,0,1.0
VEN0072,2024-04-22,Preferred Service Vendor 072,Preferred,12,4326,16.27,1,0.7865
VEN0072,2024-04-29,Preferred Service Vendor 072,Preferred,12,4496,17.38,1,0.731
VEN0072,2024-05-06,Preferred Service Vendor 072,Preferred,12,3729,11.2,0,1.0
VEN0072,2024-05-13,Preferred Service Vendor 072,Preferred,12,3531,17.45,1,0.7275
VEN0072,2024-05-20,Preferred Service Vendor 072,Preferred,12,3549,14.74,1,0.863
VEN0072,2024-05-27,Preferred Service Vendor 072,Preferred,12,2179,15.81,1,0.8095
VEN0072,2024-06-03,Preferred Service Vendor 072,Preferred,12,5006,15.19,1,0.8405
VEN0072,2024-06-10,Preferred Service Vendor 072,Preferred,12,4972,10.2,0,1.0
VEN0072,2024-06-17,Preferred Service Vendor 072,Preferred,12,3285,16.58,1,0.771
VEN0072,2024-06-24,Preferred Service Vendor 072,Preferred,12,5295,8.56,0,1.0
VEN0072,2024-07-01,Preferred Service Vendor 072,Preferred,12,2417,18.25,1,0.6875
VEN0072,2024-07-08,Preferred Service Vendor 072,Preferred,12,3902,7.69,0,1.0
VEN0072,2024-07-15,Preferred Service Vendor 072,Preferred,12,6864,10.58,0,1.0
VEN0072,2024-07-22,Preferred Service Vendor 072,Preferred,12,4706,8.06,0,1.0
VEN0072,2024-07-29,Preferred Service Vendor 072,Preferred,12,5910,11.19,0,1.0
VEN0072,2024-08-05,Preferred Service Vendor 072,Preferred,12,4536,12.12,1,0.994
VEN0072,2024-08-12,Preferred Service Vendor 072,Preferred,12,4624,9.79,0,1.0
VEN0072,2024-08-19,Preferred Service Vendor 072,Preferred,12,4975,9.66,0,1.0
VEN0072,2024-08-26,Preferred Service Vendor 072,Preferred,12,3082,18.01,1,0.6995
VEN0072,2024-09-02,Preferred Service Vendor 072,Preferred,12,3971,11.25,0,1.0
VEN0072,2024-09-09,Preferred Service Vendor 072,Preferred,12,4400,15.08,1,0.846
VEN0072,2024-09-16,Preferred Service Vendor 072,Preferred,12,5785,18.25,1,0.6875
VEN0072,2024-09-23,Preferred Service Vendor 072,Preferred,12,4183,17.97,1,0.7015
VEN0072,2024-09-30,Preferred Service Vendor 072,Preferred,12,3007,7.74,0,1.0
VEN0072,2024-10-07,Preferred Service Vendor 072,Preferred,12,3069,12.41,1,0.9795
VEN0072,2024-10-14,Preferred Service Vendor 072,Preferred,12,3901,12.56,1,0.972
VEN0072,2024-10-21,Preferred Service Vendor 072,Preferred,12,3959,16.48,1,0.776
VEN0072,2024-10-28,Preferred Service Vendor 072,Preferred,12,4567,18.32,1,0.684
VEN0072,2024-11-04,Preferred Service Vendor 072,Preferred,12,2634,9.52,0,1.0
VEN0072,2024-11-11,Preferred Service Vendor 072,Preferred,12,4186,12.74,1,0.963
VEN0072,2024-11-18,Preferred Service Vendor 072,Preferred,12,8181,12.06,1,0.997
VEN0072,2024-11-25,Preferred Service Vendor 072,Preferred,12,5170,10.98,0,1.0
VEN0072,2024-12-02,Preferred Service Vendor 072,Preferred,12,4581,18.7,1,0.665
VEN0072,2024-12-09,Preferred Service Vendor 072,Preferred,12,2243,10.11,0,1.0
VEN0072,2024-12-16,Preferred Service Vendor 072,Preferred,12,5688,14.35,1,0.8825
VEN0072,2024-12-23,Preferred Service Vendor 072,Preferred,12,2925,10.24,0,1.0
VEN0072,2024-12-30,Preferred Service Vendor 072,Preferred,12,3879,8.89,0,1.0
VEN0073,2023-01-02,Preferred Service Vendor 073,Standard,8,3348,11.31,1,0.8345
VEN0073,2023-01-09,Preferred Service Vendor 073,Standard,8,4810,7.04,0,1.0
VEN0073,2023-01-16,Preferred Service Vendor 073,Standard,8,4410,5.78,0,1.0
VEN0073,2023-01-23,Preferred Service Vendor 073,Standard,8,3659,6.1,0,1.0
VEN0073,2023-01-30,Preferred Service Vendor 073,Standard,8,5360,7.42,0,1.0
VEN0073,2023-02-06,Preferred Service Vendor 073,Standard,8,5479,8.92,1,0.954
VEN0073,2023-02-13,Preferred Service Vendor 073,Standard,8,4680,5.95,0,1.0
VEN0073,2023-02-20,Preferred Service Vendor 073,Standard,8,4486,10.61,1,0.8695
VEN0073,2023-02-27,Preferred Service Vendor 073,Standard,8,2823,12.74,1,0.763
VEN0073,2023-03-06,Preferred Service Vendor 073,Standard,8,5521,9.29,1,0.9355
VEN0073,2023-03-13,Preferred Service Vendor 073,Standard,8,2955,8.43,1,0.9785
VEN0073,2023-03-20,Preferred Service Vendor 073,Standard,8,5680,4.39,0,1.0
VEN0073,2023-03-27,Preferred Service Vendor 073,Standard,8,4299,8.11,1,0.9945
VEN0073,2023-04-03,Preferred Service Vendor 073,Standard,8,4581,7.47,0,1.0
VEN0073,2023-04-10,Preferred Service Vendor 073,Standard,8,5017,9.73,1,0.9135
VEN0073,2023-04-17,Preferred Service Vendor 073,Standard,8,3434,7.89,0,1.0
VEN0073,2023-04-24,Preferred Service Vendor 073,Standard,8,1824,10.73,1,0.8635
VEN0073,2023-05-01,Preferred Service Vendor 073,Standard,8,5084,7.83,0,1.0
VEN0073,2023-05-08,Preferred Service Vendor 073,Standard,8,4261,7.79,0,1.0
VEN0073,2023-05-15,Preferred Service Vendor 073,Standard,8,3629,8.72,1,0.964
VEN0073,2023-05-22,Preferred Service Vendor 073,Standard,8,3411,6.86,0,1.0
VEN0073,2023-05-29,Preferred Service Vendor 073,Standard,8,3554,8.39,1,0.9805
VEN0073,2023-06-05,Preferred Service Vendor 073,Standard,8,4944,12.18,1,0.791
VEN0073,2023-06-12,Preferred Service Vendor 073,Standard,8,2912,11.35,1,0.8325
VEN0073,2023-06-19,Preferred Service Vendor 073,Standard,8,3879,6.47,0,1.0
VEN0073,2023-06-26,Preferred Service Vendor 073,Standard,8,4386,5.93,0,1.0
VEN0073,2023-07-03,Preferred Service Vendor 073,Standard,8,1692,9.29,1,0.9355
VEN0073,2023-07-10,Preferred Service Vendor 073,Standard,8,6122,6.48,0,1.0
VEN0073,2023-07-17,Preferred Service Vendor 073,Standard,8,3836,10.94,1,0.853
VEN0073,2023-07-24,Preferred Service Vendor 073,Standard,8,2964,8.01,1,0.9995
VEN0073,2023-07-31,Preferred Service Vendor 073,Standard,8,5634,11.09,1,0.8455
VEN0073,2023-08-07,Preferred Service Vendor 073,Standard,8,5058,7.65,0,1.0
VEN0073,2023-08-14,Preferred Service Vendor 073,Standard,8,2633,8.14,1,0.993
VEN0073,2023-08-21,Preferred Service Vendor 073,Standard,8,2888,11.36,1,0.832
VEN0073,2023-08-28,Preferred Service Vendor 073,Standard,8,5333,12.46,1,0.777
VEN0073,2023-09-04,Preferred Service Vendor 073,Standard,8,3737,3.6,0,1.0
VEN0073,2023-09-11,Preferred Service Vendor 073,Standard,8,1225,4.97,0,1.0
VEN0073,2023-09-18,Preferred Service Vendor 073,Standard,8,4742,10.6,1,0.87
VEN0073,2023-09-25,Preferred Service Vendor 073,Standard,8,4220,7.63,0,1.0
VEN0073,2023-10-02,Preferred Service Vendor 073,Standard,8,3955,8.4,1,0.98
VEN0073,2023-10-09,Preferred Service Vendor 073,Standard,8,3962,11.44,1,0.828
VEN0073,2023-10-16,Preferred Service Vendor 073,Standard,8,5112,6.93,0,1.0
VEN0073,2023-10-23,Preferred Service Vendor 073,Standard,8,4263,10.25,1,0.8875
VEN0073,2023-10-30,Preferred Service Vendor 073,Standard,8,3211,13.16,1,0.742
VEN0073,2023-11-06,Preferred Service Vendor 073,Standard,8,3486,7.97,0,1.0
VEN0073,2023-11-13,Preferred Service Vendor 073,Standard,8,3663,11.6,1,0.82
VEN0073,2023-11-20,Preferred Service Vendor 073,Standard,8,4785,11.87,1,0.8065
VEN0073,2023-11-27,Preferred Service Vendor 073,Standard,8,3530,5.41,0,1.0
VEN0073,2023-12-04,Preferred Service Vendor 073,Standard,8,2521,5.29,0,1.0
VEN0073,2023-12-11,Preferred Service Vendor 073,Standard,8,5958,5.98,0,1.0
VEN0073,2023-12-18,Preferred Service Vendor 073,Standard,8,3418,6.65,0,1.0
VEN0073,2023-12-25,Preferred Service Vendor 073,Standard,8,3159,5.39,0,1.0
VEN0073,2024-01-01,Preferred Service Vendor 073,Standard,8,2851,8.07,1,0.9965
VEN0073,2024-01-08,Preferred Service Vendor 073,Standard,8,5061,11.69,1,0.8155
VEN0073,2024-01-15,Preferred Service Vendor 073,Standard,8,2824,5.86,0,1.0
VEN0073,2024-01-22,Preferred Service Vendor 073,Standard,8,4404,11.29,1,0.8355
VEN0073,2024-01-29,Preferred Service Vendor 073,Standard,8,3549,5.72,0,1.0
VEN0073,2024-02-05,Preferred Service Vendor 073,Standard,8,3123,7.94,0,1.0
VEN0073,2024-02-12,Preferred Service Vendor 073,Standard,8,4252,6.99,0,1.0
VEN0073,2024-02-19,Preferred Service Vendor 073,Standard,8,5265,7.44,0,1.0
VEN0073,2024-02-26,Preferred Service Vendor 073,Standard,8,3717,10.57,1,0.8715
VEN0073,2024-03-04,Preferred Service Vendor 073,Standard,8,5325,5.9,0,1.0
VEN0073,2024-03-11,Preferred Service Vendor 073,Standard,8,5143,9.15,1,0.9425
VEN0073,2024-03-18,Preferred Service Vendor 073,Standard,8,3654,8.97,1,0.9515
VEN0073,2024-03-25,Preferred Service Vendor 073,Standard,8,2786,8.48,1,0.976
VEN0073,2024-04-01,Preferred Service Vendor 073,Standard,8,6025,10.68,1,0.866
VEN0073,2024-04-08,Preferred Service Vendor 073,Standard,8,5257,12.24,1,0.788
VEN0073,2024-04-15,Preferred Service Vendor 073,Standard,8,4717,5.42,0,1.0
VEN0073,2024-04-22,Preferred Service Vendor 073,Standard,8,4641,8.3,1,0.985
VEN0073,2024-04-29,Preferred Service Vendor 073,Standard,8,4799,8.74,1,0.963
VEN0073,2024-05-06,Preferred Service Vendor 073,Standard,8,5301,9.42,1,0.929
VEN0073,2024-05-13,Preferred Service Vendor 073,Standard,8,1835,7.97,0,1.0
VEN0073,2024-05-20,Preferred Service Vendor 073,Standard,8,4961,5.75,0,1.0
VEN0073,2024-05-27,Preferred Service Vendor 073,Standard,8,3843,6.15,0,1.0
VEN0073,2024-06-03,Preferred Service Vendor 073,Standard,8,5319,5.53,0,1.0
VEN0073,2024-06-10,Preferred Service Vendor 073,Standard,8,6352,9.87,1,0.9065
VEN0073,2024-06-17,Preferred Service Vendor 073,Standard,8,3390,9.12,1,0.944
VEN0073,2024-06-24,Preferred Service Vendor 073,Standard,8,3021,8.78,1,0.961
VEN0073,2024-07-01,Preferred Service Vendor 073,Standard,8,4450,8.91,1,0.9545
VEN0073,2024-07-08,Preferred Service Vendor 073,Standard,8,2624,5.12,0,1.0
VEN0073,2024-07-15,Preferred Service Vendor 073,Standard,8,4926,8.98,1,0.951
VEN0073,2024-07-22,Preferred Service Vendor 073,Standard,8,2605,6.29,0,1.0
VEN0073,2024-07-29,Preferred Service Vendor 073,Standard,8,2867,8.75,1,0.9625
VEN0073,2024-08-05,Preferred Service Vendor 073,Standard,8,4342,11.02,1,0.849
VEN0073,2024-08-12,Preferred Service Vendor 073,Standard,8,3472,12.37,1,0.7815
VEN0073,2024-08-19,Preferred Service Vendor 073,Standard,8,4332,12.3,1,0.785
VEN0073,2024-08-26,Preferred Service Vendor 073,Standard,8,3085,8.3,1,0.985
VEN0073,2024-09-02,Preferred Service Vendor 073,Standard,8,5756,7.0,0,1.0
VEN0073,2024-09-09,Preferred Service Vendor 073,Standard,8,5194,4.5,0,1.0
VEN0073,2024-09-16,Preferred Service Vendor 073,Standard,8,3360,5.83,0,1.0
VEN0073,2024-09-23,Preferred Service Vendor 073,Standard,8,4562,4.35,0,1.0
VEN0073,2024-09-30,Preferred Service Vendor 073,Standard,8,4716,6.62,0,1.0
VEN0073,2024-10-07,Preferred Service Vendor 073,Standard,8,2300,13.13,1,0.7435
VEN0073,2024-10-14,Preferred Service Vendor 073,Standard,8,2501,9.73,1,0.9135
VEN0073,2024-10-21,Preferred Service Vendor 073,Standard,8,5908,11.75,1,0.8125
VEN0073,2024-10-28,Preferred Service Vendor 073,Standard,8,5784,8.87,1,0.9565
VEN0073,2024-11-04,Preferred Service Vendor 073,Standard,8,3275,8.06,1,0.997
VEN0073,2024-11-11,Preferred Service Vendor 073,Standard,8,5897,6.48,0,1.0
VEN0073,2024-11-18,Preferred Service Vendor 073,Standard,8,5022,8.08,1,0.996
VEN0073,2024-11-25,Preferred Service Vendor 073,Standard,8,3485,12.59,1,0.7705
VEN0073,2024-12-02,Preferred Service Vendor 073,Standard,8,3148,9.36,1,0.932
VEN0073,2024-12-09,Preferred Service Vendor 073,Standard,8,2617,10.6,1,0.87
VEN0073,2024-12-16,Preferred Service Vendor 073,Standard,8,2810,10.23,1,0.8885
VEN0073,2024-12-23,Preferred Service Vendor 073,Standard,8,4985,9.46,1,0.927
VEN0073,2024-12-30,Preferred Service Vendor 073,Standard,8,4223,5.91,0,1.0
VEN0074,2023-01-02,Preferred Service Vendor 074,Standard,8,3291,12.1,1,0.795
VEN0074,2023-01-09,Preferred Service Vendor 074,Standard,8,3355,11.69,1,0.8155
VEN0074,2023-01-16,Preferred Service Vendor 074,Standard,8,5527,9.82,1,0.909
VEN0074,2023-01-23,Preferred Service Vendor 074,Standard,8,5224,10.72,1,0.864
VEN0074,2023-01-30,Preferred Service Vendor 074,Standard,8,3424,10.37,1,0.8815
VEN0074,2023-02-06,Preferred Service Vendor 074,Standard,8,3837,5.07,0,1.0
VEN0074,2023-02-13,Preferred Service Vendor 074,Standard,8,3291,11.66,1,0.817
VEN0074,2023-02-20,Preferred Service Vendor 074,Standard,8,4294,11.41,1,0.8295
VEN0074,2023-02-27,Preferred Service Vendor 074,Standard,8,4953,10.95,1,0.8525
VEN0074,2023-03-06,Preferred Service Vendor 074,Standard,8,2034,4.95,0,1.0
VEN0074,2023-03-13,Preferred Service Vendor 074,Standard,8,1859,8.3,1,0.985
VEN0074,2023-03-20,Preferred Service Vendor 074,Standard,8,4355,9.73,1,0.9135
VEN0074,2023-03-27,Preferred Service Vendor 074,Standard,8,6153,9.06,1,0.947
VEN0074,2023-04-03,Preferred Service Vendor 074,Standard,8,1517,10.19,1,0.8905
VEN0074,2023-04-10,Preferred Service Vendor 074,Standard,8,4095,12.27,1,0.7865
VEN0074,2023-04-17,Preferred Service Vendor 074,Standard,8,5285,8.26,1,0.987
VEN0074,2023-04-24,Preferred Service Vendor 074,Standard,8,4655,8.27,1,0.9865
VEN0074,2023-05-01,Preferred Service Vendor 074,Standard,8,3793,7.32,0,1.0
VEN0074,2023-05-08,Preferred Service Vendor 074,Standard,8,2492,8.59,1,0.9705
VEN0074,2023-05-15,Preferred Service Vendor 074,Standard,8,3048,10.07,1,0.8965
VEN0074,2023-05-22,Preferred Service Vendor 074,Standard,8,3180,7.78,0,1.0
VEN0074,2023-05-29,Preferred Service Vendor 074,Standard,8,3797,9.05,1,0.9475
VEN0074,2023-06-05,Preferred Service Vendor 074,Standard,8,4520,12.21,1,0.7895
VEN0074,2023-06-12,Preferred Service Vendor 074,Standard,8,4999,9.37,1,0.9315
VEN0074,2023-06-19,Preferred Service Vendor 074,Standard,8,4805,7.85,0,1.0
VEN0074,2023-06-26,Preferred Service Vendor 074,Standard,8,2144,6.54,0,1.0
VEN0074,2023-07-03,Preferred Service Vendor 074,Standard,8,3435,11.88,1,0.806
VEN0074,2023-07-10,Preferred Service Vendor 074,Standard,8,1506,10.69,1,0.8655
VEN0074,2023-07-17,Preferred Service Vendor 074,Standard,8,5660,9.78,1,0.911
VEN0074,2023-07-24,Preferred Service Vendor 074,Standard,8,4376,7.74,0,1.0
VEN0074,2023-07-31,Preferred Service Vendor 074,Standard,8,5230,9.07,1,0.9465
VEN0074,2023-08-07,Preferred Service Vendor 074,Standard,8,3761,7.47,0,1.0
VEN0074,2023-08-14,Preferred Service Vendor 074,Standard,8,3975,10.63,1,0.8685
VEN0074,2023-08-21,Preferred Service Vendor 074,Standard,8,4228,6.49,0,1.0
VEN0074,2023-08-28,Preferred Service Vendor 074,Standard,8,3946,10.91,1,0.8545
VEN0074,2023-09-04,Preferred Service Vendor 074,Standard,8,5291,8.75,1,0.9625
VEN0074,2023-09-11,Preferred Service Vendor 074,Standard,8,4338,9.54,1,0.923
VEN0074,2023-09-18,Preferred Service Vendor 074,Standard,8,3964,7.47,0,1.0
VEN0074,2023-09-25,Preferred Service Vendor 074,Standard,8,2140,9.16,1,0.942
VEN0074,2023-10-02,Preferred Service Vendor 074,Standard,8,3506,9.68,1,0.916
VEN0074,2023-10-09,Preferred Service Vendor 074,Standard,8,4551,9.35,1,0.9325
VEN0074,2023-10-16,Preferred Service Vendor 074,Standard,8,3125,12.09,1,0.7955
VEN0074,2023-10-23,Preferred Service Vendor 074,Standard,8,3546,4.39,0,1.0
VEN0074,2023-10-30,Preferred Service Vendor 074,Standard,8,3437,7.02,0,1.0
VEN0074,2023-11-06,Preferred Service Vendor 074,Standard,8,4665,10.94,1,0.853
VEN0074,2023-11-13,Preferred Service Vendor 074,Standard,8,3433,5.79,0,1.0
VEN0074,2023-11-20,Preferred Service Vendor 074,Standard,8,5188,10.23,1,0.8885
VEN0074,2023-11-27,Preferred Service Vendor 074,Standard,8,4853,8.79,1,0.9605
VEN0074,2023-12-04,Preferred Service Vendor 074,Standard,8,4378,7.46,0,1.0
VEN0074,2023-12-11,Preferred Service Vendor 074,Standard,8,6008,6.41,0,1.0
VEN0074,2023-12-18,Preferred Service Vendor 074,Standard,8,4713,11.96,1,0.802
VEN0074,2023-12-25,Preferred Service Vendor 074,Standard,8,5162,8.7,1,0.965
VEN0074,2024-01-01,Preferred Service Vendor 074,Standard,8,5376,8.43,1,0.9785
VEN0074,2024-01-08,Preferred Service Vendor 074,Standard,8,2464,4.82,0,1.0
VEN0074,2024-01-15,Preferred Service Vendor 074,Standard,8,4682,8.99,1,0.9505
VEN0074,2024-01-22,Preferred Service Vendor 074,Standard,8,4486,11.09,1,0.8455
VEN0074,2024-01-29,Preferred Service Vendor 074,Standard,8,3944,10.89,1,0.8555
VEN0074,2024-02-05,Preferred Service Vendor 074,Standard,8,4426,11.61,1,0.8195
VEN0074,2024-02-12,Preferred Service Vendor 074,Standard,8,5084,10.64,1,0.868
VEN0074,2024-02-19,Preferred Service Vendor 074,Standard,8,4662,12.05,1,0.7975
VEN0074,2024-02-26,Preferred Service Vendor 074,Standard,8,2172,9.4,1,0.93
VEN0074,2024-03-04,Preferred Service Vendor 074,Standard,8,6100,9.36,1,0.932
VEN0074,2024-03-11,Preferred Service Vendor 074,Standard,8,3228,5.58,0,1.0
VEN0074,2024-03-18,Preferred Service Vendor 074,Standard,8,5978,6.74,0,1.0
VEN0074,2024-03-25,Preferred Service Vendor 074,Standard,8,5270,9.64,1,0.918
VEN0074,2024-04-01,Preferred Service Vendor 074,Standard,8,5169,9.86,1,0.907
VEN0074,2024-04-08,Preferred Service Vendor 074,Standard,8,4166,5.98,0,1.0
VEN0074,2024-04-15,Preferred Service Vendor 074,Standard,8,4035,11.16,1,0.842
VEN0074,2024-04-22,Preferred Service Vendor 074,Standard,8,3661,5.02,0,1.0
VEN0074,2024-04-29,Preferred Service Vendor 074,Standard,8,4942,11.98,1,0.801
VEN0074,2024-05-06,Preferred Service Vendor 074,Standard,8,5706,8.18,1,0.991
VEN0074,2024-05-13,Preferred Service Vendor 074,Standard,8,2261,8.78,1,0.961
VEN0074,2024-05-20,Preferred Service Vendor 074,Standard,8,4297,13.51,1,0.7245
VEN0074,2024-05-27,Preferred Service Vendor 074,Standard,8,2319,12.63,1,0.7685
VEN0074,2024-06-03,Preferred Service Vendor 074,Standard,8,5402,7.51,0,1.0
VEN0074,2024-06-10,Preferred Service Vendor 074,Standard,8,5988,8.84,1,0.958
VEN0074,2024-06-17,Preferred Service Vendor 074,Standard,8,3170,7.63,0,1.0
VEN0074,2024-06-24,Preferred Service Vendor 074,Standard,8,3984,11.88,1,0.806
VEN0074,2024-07-01,Preferred Service Vendor 074,Standard,8,3385,10.27,1,0.8865
VEN0074,2024-07-08,Preferred Service Vendor 074,Standard,8,5155,11.23,1,0.8385
VEN0074,2024-07-15,Preferred Service Vendor 074,Standard,8,4192,9.3,1,0.935
VEN0074,2024-07-22,Preferred Service Vendor 074,Standard,8,4979,6.64,0,1.0
VEN0074,2024-07-29,Preferred Service Vendor 074,Standard,8,4618,9.6,1,0.92
VEN0074,2024-08-05,Preferred Service Vendor 074,Standard,8,5810,9.43,1,0.9285
VEN0074,2024-08-12,Preferred Service Vendor 074,Standard,8,5672,11.94,1,0.803
VEN0074,2024-08-19,Preferred Service Vendor 074,Standard,8,4390,7.86,0,1.0
VEN0074,2024-08-26,Preferred Service Vendor 074,Standard,8,4881,3.64,0,1.0
VEN0074,2024-09-02,Preferred Service Vendor 074,Standard,8,4662,7.8,0,1.0
VEN0074,2024-09-09,Preferred Service Vendor 074,Standard,8,5828,8.7,1,0.965
VEN0074,2024-09-16,Preferred Service Vendor 074,Standard,8,4464,8.25,1,0.9875
VEN0074,2024-09-23,Preferred Service Vendor 074,Standard,8,3132,11.62,1,0.819
VEN0074,2024-09-30,Preferred Service Vendor 074,Standard,8,5270,9.99,1,0.9005
VEN0074,2024-10-07,Preferred Service Vendor 074,Standard,8,4104,7.6,0,1.0
VEN0074,2024-10-14,Preferred Service Vendor 074,Standard,8,4334,5.25,0,1.0
VEN0074,2024-10-21,Preferred Service Vendor 074,Standard,8,3056,7.64,0,1.0
VEN0074,2024-10-28,Preferred Service Vendor 074,Standard,8,3511,13.18,1,0.741
VEN0074,2024-11-04,Preferred Service Vendor 074,Standard,8,4467,10.74,1,0.863
VEN0074,2024-11-11,Preferred Service Vendor 074,Standard,8,5374,11.63,1,0.8185
VEN0074,2024-11-18,Preferred Service Vendor 074,Standard,8,4937,11.57,1,0.8215
VEN0074,2024-11-25,Preferred Service Vendor 074,Standard,8,3606,7.24,0,1.0
VEN0074,2024-12-02,Preferred Service Vendor 074,Standard,8,4674,9.59,1,0.9205
VEN0074,2024-12-09,Preferred Service Vendor 074,Standard,8,5405,6.15,0,1.0
VEN0074,2024-12-16,Preferred Service Vendor 074,Standard,8,4525,8.54,1,0.973
VEN0074,2024-12-23,Preferred Service Vendor 074,Standard,8,5404,8.33,1,0.9835
VEN0074,2024-12-30,Preferred Service Vendor 074,Standard,8,2974,8.89,1,0.9555
VEN0075,2023-01-02,Preferred Service Vendor 075,Strategic,8,3947,9.19,1,0.9405
VEN0075,2023-01-09,Preferred Service Vendor 075,Strategic,8,4076,11.39,1,0.8305
VEN0075,2023-01-16,Preferred Service Vendor 075,Strategic,8,5822,9.72,1,0.914
VEN0075,2023-01-23,Preferred Service Vendor 075,Strategic,8,2552,10.53,1,0.8735
VEN0075,2023-01-30,Preferred Service Vendor 075,Strategic,8,2459,11.44,1,0.828
VEN0075,2023-02-06,Preferred Service Vendor 075,Strategic,8,4080,5.98,0,1.0
VEN0075,2023-02-13,Preferred Service Vendor 075,Strategic,8,5487,11.44,1,0.828
VEN0075,2023-02-20,Preferred Service Vendor 075,Strategic,8,5061,8.66,1,0.967
VEN0075,2023-02-27,Preferred Service Vendor 075,Strategic,8,2336,9.16,1,0.942
VEN0075,2023-03-06,Preferred Service Vendor 075,Strategic,8,3805,9.44,1,0.928
VEN0075,2023-03-13,Preferred Service Vendor 075,Strategic,8,4649,9.39,1,0.9305
VEN0075,2023-03-20,Preferred Service Vendor 075,Strategic,8,4209,5.95,0,1.0
VEN0075,2023-03-27,Preferred Service Vendor 075,Strategic,8,5465,5.01,0,1.0
VEN0075,2023-04-03,Preferred Service Vendor 075,Strategic,8,2494,6.21,0,1.0
VEN0075,2023-04-10,Preferred Service Vendor 075,Strategic,8,4304,9.91,1,0.9045
VEN0075,2023-04-17,Preferred Service Vendor 075,Strategic,8,4646,9.66,1,0.917
VEN0075,2023-04-24,Preferred Service Vendor 075,Strategic,8,3070,7.0,0,1.0
VEN0075,2023-05-01,Preferred Service Vendor 075,Strategic,8,4009,7.3,0,1.0
VEN0075,2023-05-08,Preferred Service Vendor 075,Strategic,8,1725,12.21,1,0.7895
VEN0075,2023-05-15,Preferred Service Vendor 075,Strategic,8,5292,7.95,0,1.0
VEN0075,2023-05-22,Preferred Service Vendor 075,Strategic,8,4983,9.45,1,0.9275
VEN0075,2023-05-29,Preferred Service Vendor 075,Strategic,8,3970,7.01,0,1.0
VEN0075,2023-06-05,Preferred Service Vendor 075,Strategic,8,3334,9.34,1,0.933
VEN0075,2023-06-12,Preferred Service Vendor 075,Strategic,8,4132,6.45,0,1.0
VEN0075,2023-06-19,Preferred Service Vendor 075,Strategic,8,2785,11.78,1,0.811
VEN0075,2023-06-26,Preferred Service Vendor 075,Strategic,8,6710,7.24,0,1.0
VEN0075,2023-07-03,Preferred Service Vendor 075,Strategic,8,7259,9.67,1,0.9165
VEN0075,2023-07-10,Preferred Service Vendor 075,Strategic,8,569,8.21,1,0.9895
VEN0075,2023-07-17,Preferred Service Vendor 075,Strategic,8,4483,6.96,0,1.0
VEN0075,2023-07-24,Preferred Service Vendor 075,Strategic,8,3723,8.97,1,0.9515
VEN0075,2023-07-31,Preferred Service Vendor 075,Strategic,8,4400,9.76,1,0.912
VEN0075,2023-08-07,Preferred Service Vendor 075,Strategic,8,4186,9.49,1,0.9255
VEN0075,2023-08-14,Preferred Service Vendor 075,Strategic,8,4997,11.03,1,0.8485
VEN0075,2023-08-21,Preferred Service Vendor 075,Strategic,8,3933,5.61,0,1.0
VEN0075,2023-08-28,Preferred Service Vendor 075,Strategic,8,2452,11.37,1,0.8315
VEN0075,2023-09-04,Preferred Service Vendor 075,Strategic,8,4026,6.57,0,1.0
VEN0075,2023-09-11,Preferred Service Vendor 075,Strategic,8,2270,6.46,0,1.0
VEN0075,2023-09-18,Preferred Service Vendor 075,Strategic,8,4886,11.79,1,0.8105
VEN0075,2023-09-25,Preferred Service Vendor 075,Strategic,8,4997,11.36,1,0.832
VEN0075,2023-10-02,Preferred Service Vendor 075,Strategic,8,4397,7.78,0,1.0
VEN0075,2023-10-09,Preferred Service Vendor 075,Strategic,8,4785,7.59,0,1.0
VEN0075,2023-10-16,Preferred Service Vendor 075,Strategic,8,5016,11.83,1,0.8085
VEN0075,2023-10-23,Preferred Service Vendor 075,Strategic,8,7086,11.1,1,0.845
VEN0075,2023-10-30,Preferred Service Vendor 075,Strategic,8,3329,6.08,0,1.0
VEN0075,2023-11-06,Preferred Service Vendor 075,Strategic,8,4660,9.59,1,0.9205
VEN0075,2023-11-13,Preferred Service Vendor 075,Strategic,8,4696,14.04,1,0.698
VEN0075,2023-11-20,Preferred Service Vendor 075,Strategic,8,4530,10.76,1,0.862
VEN0075,2023-11-27,Preferred Service Vendor 075,Strategic,8,3567,10.42,1,0.879
VEN0075,2023-12-04,Preferred Service Vendor 075,Strategic,8,4775,10.48,1,0.876
VEN0075,2023-12-11,Preferred Service Vendor 075,Strategic,8,3498,5.21,0,1.0
VEN0075,2023-12-18,Preferred Service Vendor 075,Strategic,8,3594,6.79,0,1.0
VEN0075,2023-12-25,Preferred Service Vendor 075,Strategic,8,5390,8.03,1,0.9985
VEN0075,2024-01-01,Preferred Service Vendor 075,Strategic,8,4079,5.82,0,1.0
VEN0075,2024-01-08,Preferred Service Vendor 075,Strategic,8,6397,7.33,0,1.0
VEN0075,2024-01-15,Preferred Service Vendor 075,Strategic,8,4132,12.04,1,0.798
VEN0075,2024-01-22,Preferred Service Vendor 075,Strategic,8,4110,10.95,1,0.8525
VEN0075,2024-01-29,Preferred Service Vendor 075,Strategic,8,4332,4.46,0,1.0
VEN0075,2024-02-05,Preferred Service Vendor 075,Strategic,8,7292,10.43,1,0.8785
VEN0075,2024-02-12,Preferred Service Vendor 075,Strategic,8,4303,7.38,0,1.0
VEN0075,2024-02-19,Preferred Service Vendor 075,Strategic,8,1947,6.51,0,1.0
VEN0075,2024-02-26,Preferred Service Vendor 075,Strategic,8,4204,11.3,1,0.835
VEN0075,2024-03-04,Preferred Service Vendor 075,Strategic,8,4195,12.31,1,0.7845
VEN0075,2024-03-11,Preferred Service Vendor 075,Strategic,8,3647,8.85,1,0.9575
VEN0075,2024-03-18,Preferred Service Vendor 075,Strategic,8,5118,6.61,0,1.0
VEN0075,2024-03-25,Preferred Service Vendor 075,Strategic,8,6104,5.82,0,1.0
VEN0075,2024-04-01,Preferred Service Vendor 075,Strategic,8,5106,6.69,0,1.0
VEN0075,2024-04-08,Preferred Service Vendor 075,Strategic,8,2612,11.39,1,0.8305
VEN0075,2024-04-15,Preferred Service Vendor 075,Strategic,8,5843,12.41,1,0.7795
VEN0075,2024-04-22,Preferred Service Vendor 075,Strategic,8,2606,7.6,0,1.0
VEN0075,2024-04-29,Preferred Service Vendor 075,Strategic,8,6052,9.29,1,0.9355
VEN0075,2024-05-06,Preferred Service Vendor 075,Strategic,8,3145,11.15,1,0.8425
VEN0075,2024-05-13,Preferred Service Vendor 075,Strategic,8,5248,10.11,1,0.8945
VEN0075,2024-05-20,Preferred Service Vendor 075,Strategic,8,2634,7.78,0,1.0
VEN0075,2024-05-27,Preferred Service Vendor 075,Strategic,8,3140,13.01,1,0.7495
VEN0075,2024-06-03,Preferred Service Vendor 075,Strategic,8,4936,11.04,1,0.848
VEN0075,2024-06-10,Preferred Service Vendor 075,Strategic,8,4077,7.65,0,1.0
VEN0075,2024-06-17,Preferred Service Vendor 075,Strategic,8,1590,7.59,0,1.0
VEN0075,2024-06-24,Preferred Service Vendor 075,Strategic,8,4674,9.86,1,0.907
VEN0075,2024-07-01,Preferred Service Vendor 075,Strategic,8,4371,6.52,0,1.0
VEN0075,2024-07-08,Preferred Service Vendor 075,Strategic,8,4236,9.27,1,0.9365
VEN0075,2024-07-15,Preferred Service Vendor 075,Strategic,8,3944,8.28,1,0.986
VEN0075,2024-07-22,Preferred Service Vendor 075,Strategic,8,5950,11.39,1,0.8305
VEN0075,2024-07-29,Preferred Service Vendor 075,Strategic,8,4254,5.72,0,1.0
VEN0075,2024-08-05,Preferred Service Vendor 075,Strategic,8,3809,7.6,0,1.0
VEN0075,2024-08-12,Preferred Service Vendor 075,Strategic,8,4475,9.94,1,0.903
VEN0075,2024-08-19,Preferred Service Vendor 075,Strategic,8,5051,6.67,0,1.0
VEN0075,2024-08-26,Preferred Service Vendor 075,Strategic,8,4100,8.08,1,0.996
VEN0075,2024-09-02,Preferred Service Vendor 075,Strategic,8,5473,8.62,1,0.969
VEN0075,2024-09-09,Preferred Service Vendor 075,Strategic,8,4277,12.51,1,0.7745
VEN0075,2024-09-16,Preferred Service Vendor 075,Strategic,8,5504,12.76,1,0.762
VEN0075,2024-09-23,Preferred Service Vendor 075,Strategic,8,5035,10.11,1,0.8945
VEN0075,2024-09-30,Preferred Service Vendor 075,Strategic,8,2016,8.16,1,0.992
VEN0075,2024-10-07,Preferred Service Vendor 075,Strategic,8,4107,9.17,1,0.9415
VEN0075,2024-10-14,Preferred Service Vendor 075,Strategic,8,4785,12.31,1,0.7845
VEN0075,2024-10-21,Preferred Service Vendor 075,Strategic,8,3734,10.62,1,0.869
VEN0075,2024-10-28,Preferred Service Vendor 075,Strategic,8,3605,7.12,0,1.0
VEN0075,2024-11-04,Preferred Service Vendor 075,Strategic,8,4810,11.5,1,0.825
VEN0075,2024-11-11,Preferred Service Vendor 075,Strategic,8,1165,7.31,0,1.0
VEN0075,2024-11-18,Preferred Service Vendor 075,Strategic,8,5929,7.01,0,1.0
VEN0075,2024-11-25,Preferred Service Vendor 075,Strategic,8,3660,11.66,1,0.817
VEN0075,2024-12-02,Preferred Service Vendor 075,Strategic,8,5237,7.59,0,1.0
VEN0075,2024-12-09,Preferred Service Vendor 075,Strategic,8,5538,9.47,1,0.9265
VEN0075,2024-12-16,Preferred Service Vendor 075,Strategic,8,3686,8.46,1,0.977
VEN0075,2024-12-23,Preferred Service Vendor 075,Strategic,8,4262,6.23,0,1.0
VEN0075,2024-12-30,Preferred Service Vendor 075,Strategic,8,5310,11.7,1,0.815
VEN0076,2023-01-02,Preferred Service Vendor 076,Standard,8,3562,9.34,1,0.933
VEN0076,2023-01-09,Preferred Service Vendor 076,Standard,8,3531,7.48,0,1.0
VEN0076,2023-01-16,Preferred Service Vendor 076,Standard,8,4325,8.91,1,0.9545
VEN0076,2023-01-23,Preferred Service Vendor 076,Standard,8,5326,13.42,1,0.729
VEN0076,2023-01-30,Preferred Service Vendor 076,Standard,8,4940,13.06,1,0.747
VEN0076,2023-02-06,Preferred Service Vendor 076,Standard,8,4004,9.37,1,0.9315
VEN0076,2023-02-13,Preferred Service Vendor 076,Standard,8,2682,6.22,0,1.0
VEN0076,2023-02-20,Preferred Service Vendor 076,Standard,8,6448,4.83,0,1.0
VEN0076,2023-02-27,Preferred Service Vendor 076,Standard,8,5265,9.7,1,0.915
VEN0076,2023-03-06,Preferred Service Vendor 076,Standard,8,4138,10.09,1,0.8955
VEN0076,2023-03-13,Preferred Service Vendor 076,Standard,8,5354,7.87,0,1.0
VEN0076,2023-03-20,Preferred Service Vendor 076,Standard,8,7190,6.07,0,1.0
VEN0076,2023-03-27,Preferred Service Vendor 076,Standard,8,3737,5.99,0,1.0
VEN0076,2023-04-03,Preferred Service Vendor 076,Standard,8,8719,10.79,1,0.8605
VEN0076,2023-04-10,Preferred Service Vendor 076,Standard,8,4541,10.28,1,0.886
VEN0076,2023-04-17,Preferred Service Vendor 076,Standard,8,4531,8.84,1,0.958
VEN0076,2023-04-24,Preferred Service Vendor 076,Standard,8,2872,10.9,1,0.855
VEN0076,2023-05-01,Preferred Service Vendor 076,Standard,8,4657,8.9,1,0.955
VEN0076,2023-05-08,Preferred Service Vendor 076,Standard,8,2826,11.58,1,0.821
VEN0076,2023-05-15,Preferred Service Vendor 076,Standard,8,3089,9.73,1,0.9135
VEN0076,2023-05-22,Preferred Service Vendor 076,Standard,8,3473,4.54,0,1.0
VEN0076,2023-05-29,Preferred Service Vendor 076,Standard,8,4136,9.78,1,0.911
VEN0076,2023-06-05,Preferred Service Vendor 076,Standard,8,4002,10.34,1,0.883
VEN0076,2023-06-12,Preferred Service Vendor 076,Standard,8,6038,7.65,0,1.0
VEN0076,2023-06-19,Preferred Service Vendor 076,Standard,8,3428,12.37,1,0.7815
VEN0076,2023-06-26,Preferred Service Vendor 076,Standard,8,4052,7.44,0,1.0
VEN0076,2023-07-03,Preferred Service Vendor 076,Standard,8,5639,6.19,0,1.0
VEN0076,2023-07-10,Preferred Service Vendor 076,Standard,8,5466,9.84,1,0.908
VEN0076,2023-07-17,Preferred Service Vendor 076,Standard,8,6481,11.03,1,0.8485
VEN0076,2023-07-24,Preferred Service Vendor 076,Standard,8,4594,8.83,1,0.9585
VEN0076,2023-07-31,Preferred Service Vendor 076,Standard,8,2258,10.56,1,0.872
VEN0076,2023-08-07,Preferred Service Vendor 076,Standard,8,4018,12.37,1,0.7815
VEN0076,2023-08-14,Preferred Service Vendor 076,Standard,8,3970,10.9,1,0.855
VEN0076,2023-08-21,Preferred Service Vendor 076,Standard,8,3892,8.73,1,0.9635
VEN0076,2023-08-28,Preferred Service Vendor 076,Standard,8,3556,12.02,1,0.799
VEN0076,2023-09-04,Preferred Service Vendor 076,Standard,8,3088,4.86,0,1.0
VEN0076,2023-09-11,Preferred Service Vendor 076,Standard,8,3578,11.17,1,0.8415
VEN0076,2023-09-18,Preferred Service Vendor 076,Standard,8,4723,9.63,1,0.9185
VEN0076,2023-09-25,Preferred Service Vendor 076,Standard,8,4332,10.7,1,0.865
VEN0076,2023-10-02,Preferred Service Vendor 076,Standard,8,4460,9.82,1,0.909
VEN0076,2023-10-09,Preferred Service Vendor 076,Standard,8,4360,7.97,0,1.0
VEN0076,2023-10-16,Preferred Service Vendor 076,Standard,8,4414,8.48,1,0.976
VEN0076,2023-10-23,Preferred Service Vendor 076,Standard,8,4361,8.6,1,0.97
VEN0076,2023-10-30,Preferred Service Vendor 076,Standard,8,4069,12.63,1,0.7685
VEN0076,2023-11-06,Preferred Service Vendor 076,Standard,8,3070,5.62,0,1.0
VEN0076,2023-11-13,Preferred Service Vendor 076,Standard,8,3995,13.42,1,0.729
VEN0076,2023-11-20,Preferred Service Vendor 076,Standard,8,7242,9.62,1,0.919
VEN0076,2023-11-27,Preferred Service Vendor 076,Standard,8,5795,5.58,0,1.0
VEN0076,2023-12-04,Preferred Service Vendor 076,Standard,8,4418,12.74,1,0.763
VEN0076,2023-12-11,Preferred Service Vendor 076,Standard,8,6016,8.92,1,0.954
VEN0076,2023-12-18,Preferred Service Vendor 076,Standard,8,5524,5.94,0,1.0
VEN0076,2023-12-25,Preferred Service Vendor 076,Standard,8,4656,8.49,1,0.9755
VEN0076,2024-01-01,Preferred Service Vendor 076,Standard,8,3937,11.02,1,0.849
VEN0076,2024-01-08,Preferred Service Vendor 076,Standard,8,4471,12.55,1,0.7725
VEN0076,2024-01-15,Preferred Service Vendor 076,Standard,8,4719,7.49,0,1.0
VEN0076,2024-01-22,Preferred Service Vendor 076,Standard,8,4235,10.84,1,0.858
VEN0076,2024-01-29,Preferred Service Vendor 076,Standard,8,5432,7.63,0,1.0
VEN0076,2024-02-05,Preferred Service Vendor 076,Standard,8,500,5.72,0,1.0
VEN0076,2024-02-12,Preferred Service Vendor 076,Standard,8,3329,5.92,0,1.0
VEN0076,2024-02-19,Preferred Service Vendor 076,Standard,8,5875,11.86,1,0.807
VEN0076,2024-02-26,Preferred Service Vendor 076,Standard,8,4053,8.23,1,0.9885
VEN0076,2024-03-04,Preferred Service Vendor 076,Standard,8,5243,7.04,0,1.0
VEN0076,2024-03-11,Preferred Service Vendor 076,Standard,8,4289,6.5,0,1.0
VEN0076,2024-03-18,Preferred Service Vendor 076,Standard,8,4700,7.19,0,1.0
VEN0076,2024-03-25,Preferred Service Vendor 076,Standard,8,4501,12.06,1,0.797
VEN0076,2024-04-01,Preferred Service Vendor 076,Standard,8,4313,7.09,0,1.0
VEN0076,2024-04-08,Preferred Service Vendor 076,Standard,8,3970,11.76,1,0.812
VEN0076,2024-04-15,Preferred Service Vendor 076,Standard,8,3457,7.41,0,1.0
VEN0076,2024-04-22,Preferred Service Vendor 076,Standard,8,5313,8.22,1,0.989
VEN0076,2024-04-29,Preferred Service Vendor 076,Standard,8,2992,6.7,0,1.0
VEN0076,2024-05-06,Preferred Service Vendor 076,Standard,8,5850,12.03,1,0.7985
VEN0076,2024-05-13,Preferred Service Vendor 076,Standard,8,4817,12.31,1,0.7845
VEN0076,2024-05-20,Preferred Service Vendor 076,Standard,8,4933,7.64,0,1.0
VEN0076,2024-05-27,Preferred Service Vendor 076,Standard,8,3756,10.37,1,0.8815
VEN0076,2024-06-03,Preferred Service Vendor 076,Standard,8,3525,9.77,1,0.9115
VEN0076,2024-06-10,Preferred Service Vendor 076,Standard,8,3700,10.73,1,0.8635
VEN0076,2024-06-17,Preferred Service Vendor 076,Standard,8,4056,8.86,1,0.957
VEN0076,2024-06-24,Preferred Service Vendor 076,Standard,8,4569,5.11,0,1.0
VEN0076,2024-07-01,Preferred Service Vendor 076,Standard,8,4255,11.57,1,0.8215
VEN0076,2024-07-08,Preferred Service Vendor 076,Standard,8,3299,11.93,1,0.8035
VEN0076,2024-07-15,Preferred Service Vendor 076,Standard,8,5235,11.29,1,0.8355
VEN0076,2024-07-22,Preferred Service Vendor 076,Standard,8,4882,10.75,1,0.8625
VEN0076,2024-07-29,Preferred Service Vendor 076,Standard,8,3901,5.11,0,1.0
VEN0076,2024-08-05,Preferred Service Vendor 076,Standard,8,2771,7.57,0,1.0
VEN0076,2024-08-12,Preferred Service Vendor 076,Standard,8,4590,8.95,1,0.9525
VEN0076,2024-08-19,Preferred Service Vendor 076,Standard,8,4769,12.26,1,0.787
VEN0076,2024-08-26,Preferred Service Vendor 076,Standard,8,3367,6.55,0,1.0
VEN0076,2024-09-02,Preferred Service Vendor 076,Standard,8,5666,7.53,0,1.0
VEN0076,2024-09-09,Preferred Service Vendor 076,Standard,8,2799,10.54,1,0.873
VEN0076,2024-09-16,Preferred Service Vendor 076,Standard,8,5037,6.25,0,1.0
VEN0076,2024-09-23,Preferred Service Vendor 076,Standard,8,4194,9.38,1,0.931
VEN0076,2024-09-30,Preferred Service Vendor 076,Standard,8,4641,5.1,0,1.0
VEN0076,2024-10-07,Preferred Service Vendor 076,Standard,8,4453,7.36,0,1.0
VEN0076,2024-10-14,Preferred Service Vendor 076,Standard,8,6645,6.88,0,1.0
VEN0076,2024-10-21,Preferred Service Vendor 076,Standard,8,2726,9.36,1,0.932
VEN0076,2024-10-28,Preferred Service Vendor 076,Standard,8,4204,5.67,0,1.0
VEN0076,2024-11-04,Preferred Service Vendor 076,Standard,8,2110,6.02,0,1.0
VEN0076,2024-11-11,Preferred Service Vendor 076,Standard,8,6641,6.04,0,1.0
VEN0076,2024-11-18,Preferred Service Vendor 076,Standard,8,3861,10.43,1,0.8785
VEN0076,2024-11-25,Preferred Service Vendor 076,Standard,8,2857,10.3,1,0.885
VEN0076,2024-12-02,Preferred Service Vendor 076,Standard,8,3311,8.05,1,0.9975
VEN0076,2024-12-09,Preferred Service Vendor 076,Standard,8,6567,7.4,0,1.0
VEN0076,2024-12-16,Preferred Service Vendor 076,Standard,8,3645,9.61,1,0.9195
VEN0076,2024-12-23,Preferred Service Vendor 076,Standard,8,3912,7.58,0,1.0
VEN0076,2024-12-30,Preferred Service Vendor 076,Standard,8,4013,12.28,1,0.786
VEN0077,2023-01-02,Preferred Service Vendor 077,Standard,4,4790,6.03,1,0.8985
VEN0077,2023-01-09,Preferred Service Vendor 077,Standard,4,5639,3.97,0,1.0
VEN0077,2023-01-16,Preferred Service Vendor 077,Standard,4,3117,2.97,0,1.0
VEN0077,2023-01-23,Preferred Service Vendor 077,Standard,4,4138,2.87,0,1.0
VEN0077,2023-01-30,Preferred Service Vendor 077,Standard,4,4888,1.06,0,1.0
VEN0077,2023-02-06,Preferred Service Vendor 077,Standard,4,3283,4.37,1,0.9815
VEN0077,2023-02-13,Preferred Service Vendor 077,Standard,4,4793,3.67,0,1.0
VEN0077,2023-02-20,Preferred Service Vendor 077,Standard,4,6643,5.53,1,0.9235
VEN0077,2023-02-27,Preferred Service Vendor 077,Standard,4,3956,3.15,0,1.0
VEN0077,2023-03-06,Preferred Service Vendor 077,Standard,4,4776,2.93,0,1.0
VEN0077,2023-03-13,Preferred Service Vendor 077,Standard,4,2788,5.09,1,0.9455
VEN0077,2023-03-20,Preferred Service Vendor 077,Standard,4,4539,4.73,1,0.9635
VEN0077,2023-03-27,Preferred Service Vendor 077,Standard,4,4243,3.2,0,1.0
VEN0077,2023-04-03,Preferred Service Vendor 077,Standard,4,4205,1.53,0,1.0
VEN0077,2023-04-10,Preferred Service Vendor 077,Standard,4,4930,5.35,1,0.9325
VEN0077,2023-04-17,Preferred Service Vendor 077,Standard,4,4380,3.67,0,1.0
VEN0077,2023-04-24,Preferred Service Vendor 077,Standard,4,5001,4.73,1,0.9635
VEN0077,2023-05-01,Preferred Service Vendor 077,Standard,4,4389,1.85,0,1.0
VEN0077,2023-05-08,Preferred Service Vendor 077,Standard,4,2089,6.69,1,0.8655
VEN0077,2023-05-15,Preferred Service Vendor 077,Standard,4,6260,4.27,1,0.9865
VEN0077,2023-05-22,Preferred Service Vendor 077,Standard,4,4159,7.82,1,0.809
VEN0077,2023-05-29,Preferred Service Vendor 077,Standard,4,3065,3.27,0,1.0
VEN0077,2023-06-05,Preferred Service Vendor 077,Standard,4,2712,3.95,0,1.0
VEN0077,2023-06-12,Preferred Service Vendor 077,Standard,4,3617,5.57,1,0.9215
VEN0077,2023-06-19,Preferred Service Vendor 077,Standard,4,4064,4.32,1,0.984
VEN0077,2023-06-26,Preferred Service Vendor 077,Standard,4,5105,5.95,1,0.9025
VEN0077,2023-07-03,Preferred Service Vendor 077,Standard,4,4401,4.67,1,0.9665
VEN0077,2023-07-10,Preferred Service Vendor 077,Standard,4,5354,2.82,0,1.0
VEN0077,2023-07-17,Preferred Service Vendor 077,Standard,4,4857,5.27,1,0.9365
VEN0077,2023-07-24,Preferred Service Vendor 077,Standard,4,4150,4.36,1,0.982
VEN0077,2023-07-31,Preferred Service Vendor 077,Standard,4,2471,1.65,0,1.0
VEN0077,2023-08-07,Preferred Service Vendor 077,Standard,4,5093,4.49,1,0.9755
VEN0077,2023-08-14,Preferred Service Vendor 077,Standard,4,6358,4.75,1,0.9625
VEN0077,2023-08-21,Preferred Service Vendor 077,Standard,4,3220,2.73,0,1.0
VEN0077,2023-08-28,Preferred Service Vendor 077,Standard,4,3902,3.21,0,1.0
VEN0077,2023-09-04,Preferred Service Vendor 077,Standard,4,5414,3.45,0,1.0
VEN0077,2023-09-11,Preferred Service Vendor 077,Standard,4,5403,5.75,1,0.9125
VEN0077,2023-09-18,Preferred Service Vendor 077,Standard,4,4041,6.29,1,0.8855
VEN0077,2023-09-25,Preferred Service Vendor 077,Standard,4,4529,6.82,1,0.859
VEN0077,2023-10-02,Preferred Service Vendor 077,Standard,4,4399,3.54,0,1.0
VEN0077,2023-10-09,Preferred Service Vendor 077,Standard,4,5838,1.52,0,1.0
VEN0077,2023-10-16,Preferred Service Vendor 077,Standard,4,3778,2.81,0,1.0
VEN0077,2023-10-23,Preferred Service Vendor 077,Standard,4,4255,5.08,1,0.946
VEN0077,2023-10-30,Preferred Service Vendor 077,Standard,4,5519,3.63,0,1.0
VEN0077,2023-11-06,Preferred Service Vendor 077,Standard,4,6764,4.89,1,0.9555
VEN0077,2023-11-13,Preferred Service Vendor 077,Standard,4,5501,2.36,0,1.0
VEN0077,2023-11-20,Preferred Service Vendor 077,Standard,4,5868,6.36,1,0.882
VEN0077,2023-11-27,Preferred Service Vendor 077,Standard,4,2721,5.18,1,0.941
VEN0077,2023-12-04,Preferred Service Vendor 077,Standard,4,4962,2.9,0,1.0
VEN0077,2023-12-11,Preferred Service Vendor 077,Standard,4,3115,3.66,0,1.0
VEN0077,2023-12-18,Preferred Service Vendor 077,Standard,4,3540,2.61,0,1.0
VEN0077,2023-12-25,Preferred Service Vendor 077,Standard,4,2810,4.94,1,0.953
VEN0077,2024-01-01,Preferred Service Vendor 077,Standard,4,3319,2.24,0,1.0
VEN0077,2024-01-08,Preferred Service Vendor 077,Standard,4,6811,5.01,1,0.9495
VEN0077,2024-01-15,Preferred Service Vendor 077,Standard,4,4619,4.39,1,0.9805
VEN0077,2024-01-22,Preferred Service Vendor 077,Standard,4,5774,1.89,0,1.0
VEN0077,2024-01-29,Preferred Service Vendor 077,Standard,4,3883,5.79,1,0.9105
VEN0077,2024-02-05,Preferred Service Vendor 077,Standard,4,5423,6.6,1,0.87
VEN0077,2024-02-12,Preferred Service Vendor 077,Standard,4,2739,5.19,1,0.9405
VEN0077,2024-02-19,Preferred Service Vendor 077,Standard,4,6933,3.82,0,1.0
VEN0077,2024-02-26,Preferred Service Vendor 077,Standard,4,3699,6.78,1,0.861
VEN0077,2024-03-04,Preferred Service Vendor 077,Standard,4,4916,7.29,1,0.8355
VEN0077,2024-03-11,Preferred Service Vendor 077,Standard,4,3381,3.85,0,1.0
VEN0077,2024-03-18,Preferred Service Vendor 077,Standard,4,4848,4.2,1,0.99
VEN0077,2024-03-25,Preferred Service Vendor 077,Standard,4,6077,5.19,1,0.9405
VEN0077,2024-04-01,Preferred Service Vendor 077,Standard,4,3474,7.57,1,0.8215
VEN0077,2024-04-08,Preferred Service Vendor 077,Standard,4,5803,6.08,1,0.896
VEN0077,2024-04-15,Preferred Service Vendor 077,Standard,4,4653,4.89,1,0.9555
VEN0077,2024-04-22,Preferred Service Vendor 077,Standard,4,4610,2.63,0,1.0
VEN0077,2024-04-29,Preferred Service Vendor 077,Standard,4,2809,3.02,0,1.0
VEN0077,2024-05-06,Preferred Service Vendor 077,Standard,4,4049,6.44,1,0.878
VEN0077,2024-05-13,Preferred Service Vendor 077,Standard,4,5183,1.57,0,1.0
VEN0077,2024-05-20,Preferred Service Vendor 077,Standard,4,3769,3.99,0,1.0
VEN0077,2024-05-27,Preferred Service Vendor 077,Standard,4,4275,5.47,1,0.9265
VEN0077,2024-06-03,Preferred Service Vendor 077,Standard,4,5186,4.63,1,0.9685
VEN0077,2024-06-10,Preferred Service Vendor 077,Standard,4,4579,4.85,1,0.9575
VEN0077,2024-06-17,Preferred Service Vendor 077,Standard,4,6232,0.83,0,1.0
VEN0077,2024-06-24,Preferred Service Vendor 077,Standard,4,2912,3.36,0,1.0
VEN0077,2024-07-01,Preferred Service Vendor 077,Standard,4,5562,3.59,0,1.0
VEN0077,2024-07-08,Preferred Service Vendor 077,Standard,4,2911,1.41,0,1.0
VEN0077,2024-07-15,Preferred Service Vendor 077,Standard,4,6129,2.43,0,1.0
VEN0077,2024-07-22,Preferred Service Vendor 077,Standard,4,4608,2.14,0,1.0
VEN0077,2024-07-29,Preferred Service Vendor 077,Standard,4,4646,2.81,0,1.0
VEN0077,2024-08-05,Preferred Service Vendor 077,Standard,4,2271,4.75,1,0.9625
VEN0077,2024-08-12,Preferred Service Vendor 077,Standard,4,4005,3.87,0,1.0
VEN0077,2024-08-19,Preferred Service Vendor 077,Standard,4,2153,5.21,1,0.9395
VEN0077,2024-08-26,Preferred Service Vendor 077,Standard,4,1832,4.78,1,0.961
VEN0077,2024-09-02,Preferred Service Vendor 077,Standard,4,3298,4.06,1,0.997
VEN0077,2024-09-09,Preferred Service Vendor 077,Standard,4,4545,2.0,0,1.0
VEN0077,2024-09-16,Preferred Service Vendor 077,Standard,4,2436,4.23,1,0.9885
VEN0077,2024-09-23,Preferred Service Vendor 077,Standard,4,2418,2.77,0,1.0
VEN0077,2024-09-30,Preferred Service Vendor 077,Standard,4,1983,5.48,1,0.926
VEN0077,2024-10-07,Preferred Service Vendor 077,Standard,4,2450,5.35,1,0.9325
VEN0077,2024-10-14,Preferred Service Vendor 077,Standard,4,6632,2.73,0,1.0
VEN0077,2024-10-21,Preferred Service Vendor 077,Standard,4,2284,4.08,1,0.996
VEN0077,2024-10-28,Preferred Service Vendor 077,Standard,4,2021,3.38,0,1.0
VEN0077,2024-11-04,Preferred Service Vendor 077,Standard,4,4069,4.47,1,0.9765
VEN0077,2024-11-11,Preferred Service Vendor 077,Standard,4,4043,4.23,1,0.9885
VEN0077,2024-11-18,Preferred Service Vendor 077,Standard,4,3087,3.68,0,1.0
VEN0077,2024-11-25,Preferred Service Vendor 077,Standard,4,4825,4.14,1,0.993
VEN0077,2024-12-02,Preferred Service Vendor 077,Standard,4,3987,4.76,1,0.962
VEN0077,2024-12-09,Preferred Service Vendor 077,Standard,4,4254,4.2,1,0.99
VEN0077,2024-12-16,Preferred Service Vendor 077,Standard,4,6574,5.37,1,0.9315
VEN0077,2024-12-23,Preferred Service Vendor 077,Standard,4,5201,5.9,1,0.905
VEN0077,2024-12-30,Preferred Service Vendor 077,Standard,4,4707,4.66,1,0.967
VEN0078,2023-01-02,Preferred Service Vendor 078,Standard,8,4193,8.37,1,0.9815
VEN0078,2023-01-09,Preferred Service Vendor 078,Standard,8,4323,12.17,1,0.7915
VEN0078,2023-01-16,Preferred Service Vendor 078,Standard,8,5316,8.86,1,0.957
VEN0078,2023-01-23,Preferred Service Vendor 078,Standard,8,5563,10.49,1,0.8755
VEN0078,2023-01-30,Preferred Service Vendor 078,Standard,8,4480,4.69,0,1.0
VEN0078,2023-02-06,Preferred Service Vendor 078,Standard,8,5561,12.2,1,0.79
VEN0078,2023-02-13,Preferred Service Vendor 078,Standard,8,5587,6.72,0,1.0
VEN0078,2023-02-20,Preferred Service Vendor 078,Standard,8,4729,10.99,1,0.8505
VEN0078,2023-02-27,Preferred Service Vendor 078,Standard,8,2783,9.35,1,0.9325
VEN0078,2023-03-06,Preferred Service Vendor 078,Standard,8,4775,9.9,1,0.905
VEN0078,2023-03-13,Preferred Service Vendor 078,Standard,8,5844,8.74,1,0.963
VEN0078,2023-03-20,Preferred Service Vendor 078,Standard,8,2090,9.59,1,0.9205
VEN0078,2023-03-27,Preferred Service Vendor 078,Standard,8,4930,13.0,1,0.75
VEN0078,2023-04-03,Preferred Service Vendor 078,Standard,8,3496,9.99,1,0.9005
VEN0078,2023-04-10,Preferred Service Vendor 078,Standard,8,2427,5.44,0,1.0
VEN0078,2023-04-17,Preferred Service Vendor 078,Standard,8,4908,10.11,1,0.8945
VEN0078,2023-04-24,Preferred Service Vendor 078,Standard,8,3532,11.69,1,0.8155
VEN0078,2023-05-01,Preferred Service Vendor 078,Standard,8,5052,8.88,1,0.956
VEN0078,2023-05-08,Preferred Service Vendor 078,Standard,8,4916,6.82,0,1.0
VEN0078,2023-05-15,Preferred Service Vendor 078,Standard,8,5254,7.02,0,1.0
VEN0078,2023-05-22,Preferred Service Vendor 078,Standard,8,5405,4.85,0,1.0
VEN0078,2023-05-29,Preferred Service Vendor 078,Standard,8,3966,6.84,0,1.0
VEN0078,2023-06-05,Preferred Service Vendor 078,Standard,8,2458,5.52,0,1.0
VEN0078,2023-06-12,Preferred Service Vendor 078,Standard,8,3938,7.19,0,1.0
VEN0078,2023-06-19,Preferred Service Vendor 078,Standard,8,3791,7.22,0,1.0
VEN0078,2023-06-26,Preferred Service Vendor 078,Standard,8,7044,13.15,1,0.7425
VEN0078,2023-07-03,Preferred Service Vendor 078,Standard,8,2959,12.55,1,0.7725
VEN0078,2023-07-10,Preferred Service Vendor 078,Standard,8,4965,11.91,1,0.8045
VEN0078,2023-07-17,Preferred Service Vendor 078,Standard,8,4630,10.84,1,0.858
VEN0078,2023-07-24,Preferred Service Vendor 078,Standard,8,3669,10.02,1,0.899
VEN0078,2023-07-31,Preferred Service Vendor 078,Standard,8,3141,8.27,1,0.9865
VEN0078,2023-08-07,Preferred Service Vendor 078,Standard,8,3325,7.67,0,1.0
VEN0078,2023-08-14,Preferred Service Vendor 078,Standard,8,4514,7.8,0,1.0
VEN0078,2023-08-21,Preferred Service Vendor 078,Standard,8,4389,8.89,1,0.9555
VEN0078,2023-08-28,Preferred Service Vendor 078,Standard,8,4297,6.14,0,1.0
VEN0078,2023-09-04,Preferred Service Vendor 078,Standard,8,6188,5.31,0,1.0
VEN0078,2023-09-11,Preferred Service Vendor 078,Standard,8,3960,6.07,0,1.0
VEN0078,2023-09-18,Preferred Service Vendor 078,Standard,8,500,10.55,1,0.8725
VEN0078,2023-09-25,Preferred Service Vendor 078,Standard,8,3406,8.18,1,0.991
VEN0078,2023-10-02,Preferred Service Vendor 078,Standard,8,4497,10.63,1,0.8685
VEN0078,2023-10-09,Preferred Service Vendor 078,Standard,8,4145,5.49,0,1.0
VEN0078,2023-10-16,Preferred Service Vendor 078,Standard,8,4801,12.48,1,0.776
VEN0078,2023-10-23,Preferred Service Vendor 078,Standard,8,3183,12.52,1,0.774
VEN0078,2023-10-30,Preferred Service Vendor 078,Standard,8,4179,12.98,1,0.751
VEN0078,2023-11-06,Preferred Service Vendor 078,Standard,8,1855,8.51,1,0.9745
VEN0078,2023-11-13,Preferred Service Vendor 078,Standard,8,3252,8.67,1,0.9665
VEN0078,2023-11-20,Preferred Service Vendor 078,Standard,8,5971,5.45,0,1.0
VEN0078,2023-11-27,Preferred Service Vendor 078,Standard,8,4358,10.97,1,0.8515
VEN0078,2023-12-04,Preferred Service Vendor 078,Standard,8,3677,5.36,0,1.0
VEN0078,2023-12-11,Preferred Service Vendor 078,Standard,8,3796,6.7,0,1.0
VEN0078,2023-12-18,Preferred Service Vendor 078,Standard,8,7076,7.29,0,1.0
VEN0078,2023-12-25,Preferred Service Vendor 078,Standard,8,1915,10.59,1,0.8705
VEN0078,2024-01-01,Preferred Service Vendor 078,Standard,8,3543,6.42,0,1.0
VEN0078,2024-01-08,Preferred Service Vendor 078,Standard,8,3513,4.91,0,1.0
VEN0078,2024-01-15,Preferred Service Vendor 078,Standard,8,3088,10.61,1,0.8695
VEN0078,2024-01-22,Preferred Service Vendor 078,Standard,8,3871,6.78,0,1.0
VEN0078,2024-01-29,Preferred Service Vendor 078,Standard,8,5979,7.26,0,1.0
VEN0078,2024-02-05,Preferred Service Vendor 078,Standard,8,2795,10.96,1,0.852
VEN0078,2024-02-12,Preferred Service Vendor 078,Standard,8,3846,10.74,1,0.863
VEN0078,2024-02-19,Preferred Service Vendor 078,Standard,8,3520,7.38,0,1.0
VEN0078,2024-02-26,Preferred Service Vendor 078,Standard,8,3682,5.14,0,1.0
VEN0078,2024-03-04,Preferred Service Vendor 078,Standard,8,2311,9.07,1,0.9465
VEN0078,2024-03-11,Preferred Service Vendor 078,Standard,8,3789,10.38,1,0.881
VEN0078,2024-03-18,Preferred Service Vendor 078,Standard,8,3632,8.76,1,0.962
VEN0078,2024-03-25,Preferred Service Vendor 078,Standard,8,5993,11.23,1,0.8385
VEN0078,2024-04-01,Preferred Service Vendor 078,Standard,8,3066,10.51,1,0.8745
VEN0078,2024-04-08,Preferred Service Vendor 078,Standard,8,3777,7.34,0,1.0
VEN0078,2024-04-15,Preferred Service Vendor 078,Standard,8,3885,9.96,1,0.902
VEN0078,2024-04-22,Preferred Service Vendor 078,Standard,8,1292,11.56,1,0.822
VEN0078,2024-04-29,Preferred Service Vendor 078,Standard,8,4333,10.57,1,0.8715
VEN0078,2024-05-06,Preferred Service Vendor 078,Standard,8,3990,8.89,1,0.9555
VEN0078,2024-05-13,Preferred Service Vendor 078,Standard,8,3927,13.8,1,0.71
VEN0078,2024-05-20,Preferred Service Vendor 078,Standard,8,6795,10.66,1,0.867
VEN0078,2024-05-27,Preferred Service Vendor 078,Standard,8,4848,8.21,1,0.9895
VEN0078,2024-06-03,Preferred Service Vendor 078,Standard,8,6025,9.24,1,0.938
VEN0078,2024-06-10,Preferred Service Vendor 078,Standard,8,4761,8.92,1,0.954
VEN0078,2024-06-17,Preferred Service Vendor 078,Standard,8,3313,7.38,0,1.0
VEN0078,2024-06-24,Preferred Service Vendor 078,Standard,8,4515,8.36,1,0.982
VEN0078,2024-07-01,Preferred Service Vendor 078,Standard,8,5329,10.84,1,0.858
VEN0078,2024-07-08,Preferred Service Vendor 078,Standard,8,3566,6.19,0,1.0
VEN0078,2024-07-15,Preferred Service Vendor 078,Standard,8,3740,5.19,0,1.0
VEN0078,2024-07-22,Preferred Service Vendor 078,Standard,8,5441,12.0,1,0.8
VEN0078,2024-07-29,Preferred Service Vendor 078,Standard,8,3426,7.08,0,1.0
VEN0078,2024-08-05,Preferred Service Vendor 078,Standard,8,3783,9.56,1,0.922
VEN0078,2024-08-12,Preferred Service Vendor 078,Standard,8,5349,7.19,0,1.0
VEN0078,2024-08-19,Preferred Service Vendor 078,Standard,8,2501,4.4,0,1.0
VEN0078,2024-08-26,Preferred Service Vendor 078,Standard,8,4838,6.85,0,1.0
VEN0078,2024-09-02,Preferred Service Vendor 078,Standard,8,5499,7.96,0,1.0
VEN0078,2024-09-09,Preferred Service Vendor 078,Standard,8,2333,8.15,1,0.9925
VEN0078,2024-09-16,Preferred Service Vendor 078,Standard,8,4741,8.98,1,0.951
VEN0078,2024-09-23,Preferred Service Vendor 078,Standard,8,5372,10.89,1,0.8555
VEN0078,2024-09-30,Preferred Service Vendor 078,Standard,8,3126,11.01,1,0.8495
VEN0078,2024-10-07,Preferred Service Vendor 078,Standard,8,5487,6.24,0,1.0
VEN0078,2024-10-14,Preferred Service Vendor 078,Standard,8,5146,9.85,1,0.9075
VEN0078,2024-10-21,Preferred Service Vendor 078,Standard,8,5297,10.89,1,0.8555
VEN0078,2024-10-28,Preferred Service Vendor 078,Standard,8,2769,8.43,1,0.9785
VEN0078,2024-11-04,Preferred Service Vendor 078,Standard,8,4997,5.36,0,1.0
VEN0078,2024-11-11,Preferred Service Vendor 078,Standard,8,3719,12.66,1,0.767
VEN0078,2024-11-18,Preferred Service Vendor 078,Standard,8,3826,9.04,1,0.948
VEN0078,2024-11-25,Preferred Service Vendor 078,Standard,8,4465,7.32,0,1.0
VEN0078,2024-12-02,Preferred Service Vendor 078,Standard,8,6048,6.2,0,1.0
VEN0078,2024-12-09,Preferred Service Vendor 078,Standard,8,2735,13.73,1,0.7135
VEN0078,2024-12-16,Preferred Service Vendor 078,Standard,8,7031,10.72,1,0.864
VEN0078,2024-12-23,Preferred Service Vendor 078,Standard,8,4844,12.29,1,0.7855
VEN0078,2024-12-30,Preferred Service Vendor 078,Standard,8,3509,7.9,0,1.0
VEN0079,2023-01-02,Preferred Service Vendor 079,Preferred,8,2911,5.3,0,1.0
VEN0079,2023-01-09,Preferred Service Vendor 079,Preferred,8,5192,10.44,1,0.878
VEN0079,2023-01-16,Preferred Service Vendor 079,Preferred,8,5698,6.78,0,1.0
VEN0079,2023-01-23,Preferred Service Vendor 079,Preferred,8,6718,9.75,1,0.9125
VEN0079,2023-01-30,Preferred Service Vendor 079,Preferred,8,3476,6.32,0,1.0
VEN0079,2023-02-06,Preferred Service Vendor 079,Preferred,8,2948,6.67,0,1.0
VEN0079,2023-02-13,Preferred Service Vendor 079,Preferred,8,4495,9.75,1,0.9125
VEN0079,2023-02-20,Preferred Service Vendor 079,Preferred,8,3925,7.5,0,1.0
VEN0079,2023-02-27,Preferred Service Vendor 079,Preferred,8,2585,11.63,1,0.8185
VEN0079,2023-03-06,Preferred Service Vendor 079,Preferred,8,1436,7.13,0,1.0
VEN0079,2023-03-13,Preferred Service Vendor 079,Preferred,8,4299,4.91,0,1.0
VEN0079,2023-03-20,Preferred Service Vendor 079,Preferred,8,4876,8.48,1,0.976
VEN0079,2023-03-27,Preferred Service Vendor 079,Preferred,8,6198,9.07,1,0.9465
VEN0079,2023-04-03,Preferred Service Vendor 079,Preferred,8,3509,6.69,0,1.0
VEN0079,2023-04-10,Preferred Service Vendor 079,Preferred,8,4489,11.57,1,0.8215
VEN0079,2023-04-17,Preferred Service Vendor 079,Preferred,8,2144,7.08,0,1.0
VEN0079,2023-04-24,Preferred Service Vendor 079,Preferred,8,4395,9.86,1,0.907
VEN0079,2023-05-01,Preferred Service Vendor 079,Preferred,8,4446,8.47,1,0.9765
VEN0079,2023-05-08,Preferred Service Vendor 079,Preferred,8,3315,5.16,0,1.0
VEN0079,2023-05-15,Preferred Service Vendor 079,Preferred,8,4347,12.84,1,0.758
VEN0079,2023-05-22,Preferred Service Vendor 079,Preferred,8,4445,13.61,1,0.7195
VEN0079,2023-05-29,Preferred Service Vendor 079,Preferred,8,3976,7.34,0,1.0
VEN0079,2023-06-05,Preferred Service Vendor 079,Preferred,8,2682,8.86,1,0.957
VEN0079,2023-06-12,Preferred Service Vendor 079,Preferred,8,2996,8.56,1,0.972
VEN0079,2023-06-19,Preferred Service Vendor 079,Preferred,8,4541,5.06,0,1.0
VEN0079,2023-06-26,Preferred Service Vendor 079,Preferred,8,5250,7.04,0,1.0
VEN0079,2023-07-03,Preferred Service Vendor 079,Preferred,8,5819,5.42,0,1.0
VEN0079,2023-07-10,Preferred Service Vendor 079,Preferred,8,3537,12.09,1,0.7955
VEN0079,2023-07-17,Preferred Service Vendor 079,Preferred,8,5069,5.69,0,1.0
VEN0079,2023-07-24,Preferred Service Vendor 079,Preferred,8,5041,4.49,0,1.0
VEN0079,2023-07-31,Preferred Service Vendor 079,Preferred,8,3585,11.18,1,0.841
VEN0079,2023-08-07,Preferred Service Vendor 079,Preferred,8,5157,8.29,1,0.9855
VEN0079,2023-08-14,Preferred Service Vendor 079,Preferred,8,6294,12.1,1,0.795
VEN0079,2023-08-21,Preferred Service Vendor 079,Preferred,8,5824,5.89,0,1.0
VEN0079,2023-08-28,Preferred Service Vendor 079,Preferred,8,4767,12.73,1,0.7635
VEN0079,2023-09-04,Preferred Service Vendor 079,Preferred,8,3886,5.35,0,1.0
VEN0079,2023-09-11,Preferred Service Vendor 079,Preferred,8,2315,11.85,1,0.8075
VEN0079,2023-09-18,Preferred Service Vendor 079,Preferred,8,4490,12.13,1,0.7935
VEN0079,2023-09-25,Preferred Service Vendor 079,Preferred,8,3277,6.72,0,1.0
VEN0079,2023-10-02,Preferred Service Vendor 079,Preferred,8,2951,10.19,1,0.8905
VEN0079,2023-10-09,Preferred Service Vendor 079,Preferred,8,4357,7.46,0,1.0
VEN0079,2023-10-16,Preferred Service Vendor 079,Preferred,8,4911,9.69,1,0.9155
VEN0079,2023-10-23,Preferred Service Vendor 079,Preferred,8,4435,12.24,1,0.788
VEN0079,2023-10-30,Preferred Service Vendor 079,Preferred,8,1693,13.78,1,0.711
VEN0079,2023-11-06,Preferred Service Vendor 079,Preferred,8,5930,5.21,0,1.0
VEN0079,2023-11-13,Preferred Service Vendor 079,Preferred,8,4671,11.76,1,0.812
VEN0079,2023-11-20,Preferred Service Vendor 079,Preferred,8,2665,11.56,1,0.822
VEN0079,2023-11-27,Preferred Service Vendor 079,Preferred,8,4759,10.02,1,0.899
VEN0079,2023-12-04,Preferred Service Vendor 079,Preferred,8,6171,11.31,1,0.8345
VEN0079,2023-12-11,Preferred Service Vendor 079,Preferred,8,4587,8.37,1,0.9815
VEN0079,2023-12-18,Preferred Service Vendor 079,Preferred,8,5423,8.92,1,0.954
VEN0079,2023-12-25,Preferred Service Vendor 079,Preferred,8,3057,6.41,0,1.0
VEN0079,2024-01-01,Preferred Service Vendor 079,Preferred,8,3403,8.63,1,0.9685
VEN0079,2024-01-08,Preferred Service Vendor 079,Preferred,8,4607,9.27,1,0.9365
VEN0079,2024-01-15,Preferred Service Vendor 079,Preferred,8,2958,5.53,0,1.0
VEN0079,2024-01-22,Preferred Service Vendor 079,Preferred,8,2958,7.35,0,1.0
VEN0079,2024-01-29,Preferred Service Vendor 079,Preferred,8,2784,6.88,0,1.0
VEN0079,2024-02-05,Preferred Service Vendor 079,Preferred,8,3791,8.73,1,0.9635
VEN0079,2024-02-12,Preferred Service Vendor 079,Preferred,8,2866,10.0,1,0.9
VEN0079,2024-02-19,Preferred Service Vendor 079,Preferred,8,4433,4.86,0,1.0
VEN0079,2024-02-26,Preferred Service Vendor 079,Preferred,8,2718,8.3,1,0.985
VEN0079,2024-03-04,Preferred Service Vendor 079,Preferred,8,3039,9.61,1,0.9195
VEN0079,2024-03-11,Preferred Service Vendor 079,Preferred,8,4006,7.74,0,1.0
VEN0079,2024-03-18,Preferred Service Vendor 079,Preferred,8,4526,5.87,0,1.0
VEN0079,2024-03-25,Preferred Service Vendor 079,Preferred,8,2837,10.38,1,0.881
VEN0079,2024-04-01,Preferred Service Vendor 079,Preferred,8,2820,6.83,0,1.0
VEN0079,2024-04-08,Preferred Service Vendor 079,Preferred,8,5433,6.27,0,1.0
VEN0079,2024-04-15,Preferred Service Vendor 079,Preferred,8,4756,4.87,0,1.0
VEN0079,2024-04-22,Preferred Service Vendor 079,Preferred,8,4168,7.02,0,1.0
VEN0079,2024-04-29,Preferred Service Vendor 079,Preferred,8,4060,9.28,1,0.936
VEN0079,2024-05-06,Preferred Service Vendor 079,Preferred,8,1697,3.6,0,1.0
VEN0079,2024-05-13,Preferred Service Vendor 079,Preferred,8,4954,7.57,0,1.0
VEN0079,2024-05-20,Preferred Service Vendor 079,Preferred,8,4564,8.59,1,0.9705
VEN0079,2024-05-27,Preferred Service Vendor 079,Preferred,8,4114,5.91,0,1.0
VEN0079,2024-06-03,Preferred Service Vendor 079,Preferred,8,5363,4.69,0,1.0
VEN0079,2024-06-10,Preferred Service Vendor 079,Preferred,8,4213,6.45,0,1.0
VEN0079,2024-06-17,Preferred Service Vendor 079,Preferred,8,2972,7.13,0,1.0
VEN0079,2024-06-24,Preferred Service Vendor 079,Preferred,8,4334,10.07,1,0.8965
VEN0079,2024-07-01,Preferred Service Vendor 079,Preferred,8,3485,5.76,0,1.0
VEN0079,2024-07-08,Preferred Service Vendor 079,Preferred,8,5268,10.13,1,0.8935
VEN0079,2024-07-15,Preferred Service Vendor 079,Preferred,8,3412,12.5,1,0.775
VEN0079,2024-07-22,Preferred Service Vendor 079,Preferred,8,5712,9.31,1,0.9345
VEN0079,2024-07-29,Preferred Service Vendor 079,Preferred,8,3357,12.06,1,0.797
VEN0079,2024-08-05,Preferred Service Vendor 079,Preferred,8,4141,7.0,0,1.0
VEN0079,2024-08-12,Preferred Service Vendor 079,Preferred,8,1774,11.01,1,0.8495
VEN0079,2024-08-19,Preferred Service Vendor 079,Preferred,8,3558,10.17,1,0.8915
VEN0079,2024-08-26,Preferred Service Vendor 079,Preferred,8,5095,8.87,1,0.9565
VEN0079,2024-09-02,Preferred Service Vendor 079,Preferred,8,5049,7.27,0,1.0
VEN0079,2024-09-09,Preferred Service Vendor 079,Preferred,8,6117,11.38,1,0.831
VEN0079,2024-09-16,Preferred Service Vendor 079,Preferred,8,4840,6.27,0,1.0
VEN0079,2024-09-23,Preferred Service Vendor 079,Preferred,8,2704,10.85,1,0.8575
VEN0079,2024-09-30,Preferred Service Vendor 079,Preferred,8,4639,10.33,1,0.8835
VEN0079,2024-10-07,Preferred Service Vendor 079,Preferred,8,5237,11.48,1,0.826
VEN0079,2024-10-14,Preferred Service Vendor 079,Preferred,8,2041,11.46,1,0.827
VEN0079,2024-10-21,Preferred Service Vendor 079,Preferred,8,4424,8.05,1,0.9975
VEN0079,2024-10-28,Preferred Service Vendor 079,Preferred,8,3810,6.97,0,1.0
VEN0079,2024-11-04,Preferred Service Vendor 079,Preferred,8,3059,9.61,1,0.9195
VEN0079,2024-11-11,Preferred Service Vendor 079,Preferred,8,3940,7.32,0,1.0
VEN0079,2024-11-18,Preferred Service Vendor 079,Preferred,8,2180,7.58,0,1.0
VEN0079,2024-11-25,Preferred Service Vendor 079,Preferred,8,3815,5.93,0,1.0
VEN0079,2024-12-02,Preferred Service Vendor 079,Preferred,8,5383,6.18,0,1.0
VEN0079,2024-12-09,Preferred Service Vendor 079,Preferred,8,3912,8.42,1,0.979
VEN0079,2024-12-16,Preferred Service Vendor 079,Preferred,8,3645,8.37,1,0.9815
VEN0079,2024-12-23,Preferred Service Vendor 079,Preferred,8,5763,5.32,0,1.0
VEN0079,2024-12-30,Preferred Service Vendor 079,Preferred,8,4751,10.1,1,0.895
VEN0080,2023-01-02,Preferred Service Vendor 080,Standard,12,5993,9.22,0,1.0
VEN0080,2023-01-09,Preferred Service Vendor 080,Standard,12,5450,18.48,1,0.676
VEN0080,2023-01-16,Preferred Service Vendor 080,Standard,12,5274,19.83,1,0.6085
VEN0080,2023-01-23,Preferred Service Vendor 080,Standard,12,3022,14.55,1,0.8725
VEN0080,2023-01-30,Preferred Service Vendor 080,Standard,12,3565,17.76,1,0.712
VEN0080,2023-02-06,Preferred Service Vendor 080,Standard,12,4248,11.51,0,1.0
VEN0080,2023-02-13,Preferred Service Vendor 080,Standard,12,3771,13.63,1,0.9185
VEN0080,2023-02-20,Preferred Service Vendor 080,Standard,12,3452,18.07,1,0.6965
VEN0080,2023-02-27,Preferred Service Vendor 080,Standard,12,3869,7.08,0,1.0
VEN0080,2023-03-06,Preferred Service Vendor 080,Standard,12,5569,14.67,1,0.8665
VEN0080,2023-03-13,Preferred Service Vendor 080,Standard,12,3637,12.47,1,0.9765
VEN0080,2023-03-20,Preferred Service Vendor 080,Standard,12,6016,10.84,0,1.0
VEN0080,2023-03-27,Preferred Service Vendor 080,Standard,12,2578,16.76,1,0.762
VEN0080,2023-04-03,Preferred Service Vendor 080,Standard,12,5072,11.63,0,1.0
VEN0080,2023-04-10,Preferred Service Vendor 080,Standard,12,3188,13.88,1,0.906
VEN0080,2023-04-17,Preferred Service Vendor 080,Standard,12,2646,10.97,0,1.0
VEN0080,2023-04-24,Preferred Service Vendor 080,Standard,12,3027,12.45,1,0.9775
VEN0080,2023-05-01,Preferred Service Vendor 080,Standard,12,5159,18.1,1,0.695
VEN0080,2023-05-08,Preferred Service Vendor 080,Standard,12,2648,13.23,1,0.9385
VEN0080,2023-05-15,Preferred Service Vendor 080,Standard,12,4809,17.09,1,0.7455
VEN0080,2023-05-22,Preferred Service Vendor 080,Standard,12,4026,10.93,0,1.0
VEN0080,2023-05-29,Preferred Service Vendor 080,Standard,12,4562,11.17,0,1.0
VEN0080,2023-06-05,Preferred Service Vendor 080,Standard,12,2580,14.98,1,0.851
VEN0080,2023-06-12,Preferred Service Vendor 080,Standard,12,3818,18.25,1,0.6875
VEN0080,2023-06-19,Preferred Service Vendor 080,Standard,12,3349,18.45,1,0.6775
VEN0080,2023-06-26,Preferred Service Vendor 080,Standard,12,3669,10.84,0,1.0
VEN0080,2023-07-03,Preferred Service Vendor 080,Standard,12,4314,11.03,0,1.0
VEN0080,2023-07-10,Preferred Service Vendor 080,Standard,12,2401,15.49,1,0.8255
VEN0080,2023-07-17,Preferred Service Vendor 080,Standard,12,3072,17.92,1,0.704
VEN0080,2023-07-24,Preferred Service Vendor 080,Standard,12,5451,7.99,0,1.0
VEN0080,2023-07-31,Preferred Service Vendor 080,Standard,12,6522,19.14,1,0.643
VEN0080,2023-08-07,Preferred Service Vendor 080,Standard,12,2747,17.14,1,0.743
VEN0080,2023-08-14,Preferred Service Vendor 080,Standard,12,4356,15.28,1,0.836
VEN0080,2023-08-21,Preferred Service Vendor 080,Standard,12,4000,14.47,1,0.8765
VEN0080,2023-08-28,Preferred Service Vendor 080,Standard,12,3709,12.2,1,0.99
VEN0080,2023-09-04,Preferred Service Vendor 080,Standard,12,3880,11.31,0,1.0
VEN0080,2023-09-11,Preferred Service Vendor 080,Standard,12,6317,16.33,1,0.7835
VEN0080,2023-09-18,Preferred Service Vendor 080,Standard,12,4252,9.27,0,1.0
VEN0080,2023-09-25,Preferred Service Vendor 080,Standard,12,3712,6.81,0,1.0
VEN0080,2023-10-02,Preferred Service Vendor 080,Standard,12,6128,13.38,1,0.931
VEN0080,2023-10-09,Preferred Service Vendor 080,Standard,12,2804,15.4,1,0.83
VEN0080,2023-10-16,Preferred Service Vendor 080,Standard,12,2476,17.21,1,0.7395
VEN0080,2023-10-23,Preferred Service Vendor 080,Standard,12,4564,9.38,0,1.0
VEN0080,2023-10-30,Preferred Service Vendor 080,Standard,12,2011,16.35,1,0.7825
VEN0080,2023-11-06,Preferred Service Vendor 080,Standard,12,2810,19.18,1,0.641
VEN0080,2023-11-13,Preferred Service Vendor 080,Standard,12,3276,13.79,1,0.9105
VEN0080,2023-11-20,Preferred Service Vendor 080,Standard,12,2252,16.2,1,0.79
VEN0080,2023-11-27,Preferred Service Vendor 080,Standard,12,2860,19.57,1,0.6215
VEN0080,2023-12-04,Preferred Service Vendor 080,Standard,12,5274,14.7,1,0.865
VEN0080,2023-12-11,Preferred Service Vendor 080,Standard,12,2920,18.78,1,0.661
VEN0080,2023-12-18,Preferred Service Vendor 080,Standard,12,4485,17.55,1,0.7225
VEN0080,2023-12-25,Preferred Service Vendor 080,Standard,12,4529,15.37,1,0.8315
VEN0080,2024-01-01,Preferred Service Vendor 080,Standard,12,2970,10.83,0,1.0
VEN0080,2024-01-08,Preferred Service Vendor 080,Standard,12,2337,14.46,1,0.877
VEN0080,2024-01-15,Preferred Service Vendor 080,Standard,12,3059,13.85,1,0.9075
VEN0080,2024-01-22,Preferred Service Vendor 080,Standard,12,4666,9.81,0,1.0
VEN0080,2024-01-29,Preferred Service Vendor 080,Standard,12,5398,14.41,1,0.8795
VEN0080,2024-02-05,Preferred Service Vendor 080,Standard,12,4750,15.2,1,0.84
VEN0080,2024-02-12,Preferred Service Vendor 080,Standard,12,4609,11.97,0,1.0
VEN0080,2024-02-19,Preferred Service Vendor 080,Standard,12,5504,13.52,1,0.924
VEN0080,2024-02-26,Preferred Service Vendor 080,Standard,12,2177,12.39,1,0.9805
VEN0080,2024-03-04,Preferred Service Vendor 080,Standard,12,4929,8.38,0,1.0
VEN0080,2024-03-11,Preferred Service Vendor 080,Standard,12,3396,16.97,1,0.7515
VEN0080,2024-03-18,Preferred Service Vendor 080,Standard,12,2948,8.24,0,1.0
VEN0080,2024-03-25,Preferred Service Vendor 080,Standard,12,5567,17.09,1,0.7455
VEN0080,2024-04-01,Preferred Service Vendor 080,Standard,12,3620,9.12,0,1.0
VEN0080,2024-04-08,Preferred Service Vendor 080,Standard,12,4409,9.68,0,1.0
VEN0080,2024-04-15,Preferred Service Vendor 080,Standard,12,4691,15.35,1,0.8325
VEN0080,2024-04-22,Preferred Service Vendor 080,Standard,12,4221,14.15,1,0.8925
VEN0080,2024-04-29,Preferred Service Vendor 080,Standard,12,5512,8.91,0,1.0
VEN0080,2024-05-06,Preferred Service Vendor 080,Standard,12,3826,12.75,1,0.9625
VEN0080,2024-05-13,Preferred Service Vendor 080,Standard,12,3595,7.57,0,1.0
VEN0080,2024-05-20,Preferred Service Vendor 080,Standard,12,5704,7.95,0,1.0
VEN0080,2024-05-27,Preferred Service Vendor 080,Standard,12,5237,19.03,1,0.6485
VEN0080,2024-06-03,Preferred Service Vendor 080,Standard,12,2558,18.71,1,0.6645
VEN0080,2024-06-10,Preferred Service Vendor 080,Standard,12,5677,9.27,0,1.0
VEN0080,2024-06-17,Preferred Service Vendor 080,Standard,12,5630,18.5,1,0.675
VEN0080,2024-06-24,Preferred Service Vendor 080,Standard,12,3369,11.39,0,1.0
VEN0080,2024-07-01,Preferred Service Vendor 080,Standard,12,4311,14.37,1,0.8815
VEN0080,2024-07-08,Preferred Service Vendor 080,Standard,12,3043,16.93,1,0.7535
VEN0080,2024-07-15,Preferred Service Vendor 080,Standard,12,4819,10.52,0,1.0
VEN0080,2024-07-22,Preferred Service Vendor 080,Standard,12,3228,7.68,0,1.0
VEN0080,2024-07-29,Preferred Service Vendor 080,Standard,12,4674,5.6,0,1.0
VEN0080,2024-08-05,Preferred Service Vendor 080,Standard,12,5812,14.52,1,0.874
VEN0080,2024-08-12,Preferred Service Vendor 080,Standard,12,4019,8.68,0,1.0
VEN0080,2024-08-19,Preferred Service Vendor 080,Standard,12,4307,14.88,1,0.856
VEN0080,2024-08-26,Preferred Service Vendor 080,Standard,12,6545,12.29,1,0.9855
VEN0080,2024-09-02,Preferred Service Vendor 080,Standard,12,4786,8.49,0,1.0
VEN0080,2024-09-09,Preferred Service Vendor 080,Standard,12,3095,11.36,0,1.0
VEN0080,2024-09-16,Preferred Service Vendor 080,Standard,12,5609,14.49,1,0.8755
VEN0080,2024-09-23,Preferred Service Vendor 080,Standard,12,4476,13.32,1,0.934
VEN0080,2024-09-30,Preferred Service Vendor 080,Standard,12,5136,16.63,1,0.7685
VEN0080,2024-10-07,Preferred Service Vendor 080,Standard,12,2870,18.74,1,0.663
VEN0080,2024-10-14,Preferred Service Vendor 080,Standard,12,3961,10.99,0,1.0
VEN0080,2024-10-21,Preferred Service Vendor 080,Standard,12,3519,8.7,0,1.0
VEN0080,2024-10-28,Preferred Service Vendor 080,Standard,12,2045,15.51,1,0.8245
VEN0080,2024-11-04,Preferred Service Vendor 080,Standard,12,3924,9.2,0,1.0
VEN0080,2024-11-11,Preferred Service Vendor 080,Standard,12,2828,16.67,1,0.7665
VEN0080,2024-11-18,Preferred Service Vendor 080,Standard,12,2953,10.68,0,1.0
VEN0080,2024-11-25,Preferred Service Vendor 080,Standard,12,4566,9.0,0,1.0
VEN0080,2024-12-02,Preferred Service Vendor 080,Standard,12,4936,15.41,1,0.8295
VEN0080,2024-12-09,Preferred Service Vendor 080,Standard,12,3179,11.4,0,1.0
VEN0080,2024-12-16,Preferred Service Vendor 080,Standard,12,3960,14.87,1,0.8565
VEN0080,2024-12-23,Preferred Service Vendor 080,Standard,12,4554,14.37,1,0.8815
VEN0080,2024-12-30,Preferred Service Vendor 080,Standard,12,5049,14.2,1,0.89
VEN0081,2023-01-02,Preferred Service Vendor 081,Standard,8,4743,8.3,1,0.985
VEN0081,2023-01-09,Preferred Service Vendor 081,Standard,8,3633,9.46,1,0.927
VEN0081,2023-01-16,Preferred Service Vendor 081,Standard,8,5340,9.99,1,0.9005
VEN0081,2023-01-23,Preferred Service Vendor 081,Standard,8,3859,7.84,0,1.0
VEN0081,2023-01-30,Preferred Service Vendor 081,Standard,8,3580,5.17,0,1.0
VEN0081,2023-02-06,Preferred Service Vendor 081,Standard,8,4572,12.81,1,0.7595
VEN0081,2023-02-13,Preferred Service Vendor 081,Standard,8,5615,4.35,0,1.0
VEN0081,2023-02-20,Preferred Service Vendor 081,Standard,8,3073,12.22,1,0.789
VEN0081,2023-02-27,Preferred Service Vendor 081,Standard,8,3241,6.59,0,1.0
VEN0081,2023-03-06,Preferred Service Vendor 081,Standard,8,4928,12.66,1,0.767
VEN0081,2023-03-13,Preferred Service Vendor 081,Standard,8,5663,7.75,0,1.0
VEN0081,2023-03-20,Preferred Service Vendor 081,Standard,8,5069,10.43,1,0.8785
VEN0081,2023-03-27,Preferred Service Vendor 081,Standard,8,6762,8.41,1,0.9795
VEN0081,2023-04-03,Preferred Service Vendor 081,Standard,8,1907,8.65,1,0.9675
VEN0081,2023-04-10,Preferred Service Vendor 081,Standard,8,2713,8.01,1,0.9995
VEN0081,2023-04-17,Preferred Service Vendor 081,Standard,8,3967,11.76,1,0.812
VEN0081,2023-04-24,Preferred Service Vendor 081,Standard,8,5745,6.5,0,1.0
VEN0081,2023-05-01,Preferred Service Vendor 081,Standard,8,3999,8.69,1,0.9655
VEN0081,2023-05-08,Preferred Service Vendor 081,Standard,8,3052,5.31,0,1.0
VEN0081,2023-05-15,Preferred Service Vendor 081,Standard,8,2809,8.45,1,0.9775
VEN0081,2023-05-22,Preferred Service Vendor 081,Standard,8,3601,7.03,0,1.0
VEN0081,2023-05-29,Preferred Service Vendor 081,Standard,8,3369,6.13,0,1.0
VEN0081,2023-06-05,Preferred Service Vendor 081,Standard,8,4882,11.86,1,0.807
VEN0081,2023-06-12,Preferred Service Vendor 081,Standard,8,4248,11.9,1,0.805
VEN0081,2023-06-19,Preferred Service Vendor 081,Standard,8,5015,6.92,0,1.0
VEN0081,2023-06-26,Preferred Service Vendor 081,Standard,8,6372,11.58,1,0.821
VEN0081,2023-07-03,Preferred Service Vendor 081,Standard,8,4337,6.48,0,1.0
VEN0081,2023-07-10,Preferred Service Vendor 081,Standard,8,3312,7.07,0,1.0
VEN0081,2023-07-17,Preferred Service Vendor 081,Standard,8,4717,11.15,1,0.8425
VEN0081,2023-07-24,Preferred Service Vendor 081,Standard,8,2369,7.6,0,1.0
VEN0081,2023-07-31,Preferred Service Vendor 081,Standard,8,4263,8.08,1,0.996
VEN0081,2023-08-07,Preferred Service Vendor 081,Standard,8,5957,10.63,1,0.8685
VEN0081,2023-08-14,Preferred Service Vendor 081,Standard,8,4192,6.54,0,1.0
VEN0081,2023-08-21,Preferred Service Vendor 081,Standard,8,3013,10.05,1,0.8975
VEN0081,2023-08-28,Preferred Service Vendor 081,Standard,8,5892,11.24,1,0.838
VEN0081,2023-09-04,Preferred Service Vendor 081,Standard,8,6837,11.35,1,0.8325
VEN0081,2023-09-11,Preferred Service Vendor 081,Standard,8,3168,10.85,1,0.8575
VEN0081,2023-09-18,Preferred Service Vendor 081,Standard,8,4610,10.29,1,0.8855
VEN0081,2023-09-25,Preferred Service Vendor 081,Standard,8,5287,7.31,0,1.0
VEN0081,2023-10-02,Preferred Service Vendor 081,Standard,8,3983,7.19,0,1.0
VEN0081,2023-10-09,Preferred Service Vendor 081,Standard,8,1668,13.38,1,0.731
VEN0081,2023-10-16,Preferred Service Vendor 081,Standard,8,4163,6.51,0,1.0
VEN0081,2023-10-23,Preferred Service Vendor 081,Standard,8,4749,6.68,0,1.0
VEN0081,2023-10-30,Preferred Service Vendor 081,Standard,8,4408,6.14,0,1.0
VEN0081,2023-11-06,Preferred Service Vendor 081,Standard,8,3165,11.94,1,0.803
VEN0081,2023-11-13,Preferred Service Vendor 081,Standard,8,5804,10.17,1,0.8915
VEN0081,2023-11-20,Preferred Service Vendor 081,Standard,8,3596,6.27,0,1.0
VEN0081,2023-11-27,Preferred Service Vendor 081,Standard,8,4176,10.5,1,0.875
VEN0081,2023-12-04,Preferred Service Vendor 081,Standard,8,4800,10.94,1,0.853
VEN0081,2023-12-11,Preferred Service Vendor 081,Standard,8,4291,11.17,1,0.8415
VEN0081,2023-12-18,Preferred Service Vendor 081,Standard,8,6731,11.72,1,0.814
VEN0081,2023-12-25,Preferred Service Vendor 081,Standard,8,5389,9.9,1,0.905
VEN0081,2024-01-01,Preferred Service Vendor 081,Standard,8,4479,13.23,1,0.7385
VEN0081,2024-01-08,Preferred Service Vendor 081,Standard,8,2946,10.2,1,0.89
VEN0081,2024-01-15,Preferred Service Vendor 081,Standard,8,3694,6.54,0,1.0
VEN0081,2024-01-22,Preferred Service Vendor 081,Standard,8,5669,11.37,1,0.8315
VEN0081,2024-01-29,Preferred Service Vendor 081,Standard,8,3260,7.54,0,1.0
VEN0081,2024-02-05,Preferred Service Vendor 081,Standard,8,4256,8.93,1,0.9535
VEN0081,2024-02-12,Preferred Service Vendor 081,Standard,8,3940,11.14,1,0.843
VEN0081,2024-02-19,Preferred Service Vendor 081,Standard,8,6175,8.53,1,0.9735
VEN0081,2024-02-26,Preferred Service Vendor 081,Standard,8,3926,6.81,0,1.0
VEN0081,2024-03-04,Preferred Service Vendor 081,Standard,8,5986,10.54,1,0.873
VEN0081,2024-03-11,Preferred Service Vendor 081,Standard,8,4909,7.73,0,1.0
VEN0081,2024-03-18,Preferred Service Vendor 081,Standard,8,2670,11.71,1,0.8145
VEN0081,2024-03-25,Preferred Service Vendor 081,Standard,8,4375,3.12,0,1.0
VEN0081,2024-04-01,Preferred Service Vendor 081,Standard,8,3201,8.36,1,0.982
VEN0081,2024-04-08,Preferred Service Vendor 081,Standard,8,3602,6.55,0,1.0
VEN0081,2024-04-15,Preferred Service Vendor 081,Standard,8,6601,12.66,1,0.767
VEN0081,2024-04-22,Preferred Service Vendor 081,Standard,8,5219,11.58,1,0.821
VEN0081,2024-04-29,Preferred Service Vendor 081,Standard,8,5330,6.66,0,1.0
VEN0081,2024-05-06,Preferred Service Vendor 081,Standard,8,4628,9.85,1,0.9075
VEN0081,2024-05-13,Preferred Service Vendor 081,Standard,8,5079,5.83,0,1.0
VEN0081,2024-05-20,Preferred Service Vendor 081,Standard,8,2182,9.59,1,0.9205
VEN0081,2024-05-27,Preferred Service Vendor 081,Standard,8,4912,5.2,0,1.0
VEN0081,2024-06-03,Preferred Service Vendor 081,Standard,8,5245,10.62,1,0.869
VEN0081,2024-06-10,Preferred Service Vendor 081,Standard,8,3303,12.73,1,0.7635
VEN0081,2024-06-17,Preferred Service Vendor 081,Standard,8,4240,7.52,0,1.0
VEN0081,2024-06-24,Preferred Service Vendor 081,Standard,8,5224,10.55,1,0.8725
VEN0081,2024-07-01,Preferred Service Vendor 081,Standard,8,5949,9.14,1,0.943
VEN0081,2024-07-08,Preferred Service Vendor 081,Standard,8,1394,12.84,1,0.758
VEN0081,2024-07-15,Preferred Service Vendor 081,Standard,8,4047,9.08,1,0.946
VEN0081,2024-07-22,Preferred Service Vendor 081,Standard,8,4467,5.97,0,1.0
VEN0081,2024-07-29,Preferred Service Vendor 081,Standard,8,2125,7.73,0,1.0
VEN0081,2024-08-05,Preferred Service Vendor 081,Standard,8,3580,8.27,1,0.9865
VEN0081,2024-08-12,Preferred Service Vendor 081,Standard,8,4564,6.89,0,1.0
VEN0081,2024-08-19,Preferred Service Vendor 081,Standard,8,4960,10.32,1,0.884
VEN0081,2024-08-26,Preferred Service Vendor 081,Standard,8,4395,8.46,1,0.977
VEN0081,2024-09-02,Preferred Service Vendor 081,Standard,8,2813,11.58,1,0.821
VEN0081,2024-09-09,Preferred Service Vendor 081,Standard,8,4838,9.13,1,0.9435
VEN0081,2024-09-16,Preferred Service Vendor 081,Standard,8,1823,10.28,1,0.886
VEN0081,2024-09-23,Preferred Service Vendor 081,Standard,8,3455,7.62,0,1.0
VEN0081,2024-09-30,Preferred Service Vendor 081,Standard,8,2635,9.01,1,0.9495
VEN0081,2024-10-07,Preferred Service Vendor 081,Standard,8,6605,10.55,1,0.8725
VEN0081,2024-10-14,Preferred Service Vendor 081,Standard,8,5484,11.07,1,0.8465
VEN0081,2024-10-21,Preferred Service Vendor 081,Standard,8,5702,10.64,1,0.868
VEN0081,2024-10-28,Preferred Service Vendor 081,Standard,8,3636,7.11,0,1.0
VEN0081,2024-11-04,Preferred Service Vendor 081,Standard,8,3978,9.0,1,0.95
VEN0081,2024-11-11,Preferred Service Vendor 081,Standard,8,4743,11.71,1,0.8145
VEN0081,2024-11-18,Preferred Service Vendor 081,Standard,8,3140,9.44,1,0.928
VEN0081,2024-11-25,Preferred Service Vendor 081,Standard,8,3109,8.55,1,0.9725
VEN0081,2024-12-02,Preferred Service Vendor 081,Standard,8,4099,8.29,1,0.9855
VEN0081,2024-12-09,Preferred Service Vendor 081,Standard,8,5098,7.43,0,1.0
VEN0081,2024-12-16,Preferred Service Vendor 081,Standard,8,3665,5.93,0,1.0
VEN0081,2024-12-23,Preferred Service Vendor 081,Standard,8,5390,6.29,0,1.0
VEN0081,2024-12-30,Preferred Service Vendor 081,Standard,8,4702,12.83,1,0.7585
VEN0082,2023-01-02,Preferred Service Vendor 082,Preferred,2,3419,1.52,0,1.0
VEN0082,2023-01-09,Preferred Service Vendor 082,Preferred,2,4097,1.41,0,1.0
VEN0082,2023-01-16,Preferred Service Vendor 082,Preferred,2,4205,2.73,1,0.9635
VEN0082,2023-01-23,Preferred Service Vendor 082,Preferred,2,3995,3.54,1,0.923
VEN0082,2023-01-30,Preferred Service Vendor 082,Preferred,2,4587,1.36,0,1.0
VEN0082,2023-02-06,Preferred Service Vendor 082,Preferred,2,4191,2.67,1,0.9665
VEN0082,2023-02-13,Preferred Service Vendor 082,Preferred,2,3719,1.53,0,1.0
VEN0082,2023-02-20,Preferred Service Vendor 082,Preferred,2,3158,1.16,0,1.0
VEN0082,2023-02-27,Preferred Service Vendor 082,Preferred,2,4586,2.24,1,0.988
VEN0082,2023-03-06,Preferred Service Vendor 082,Preferred,2,3306,2.71,1,0.9645
VEN0082,2023-03-13,Preferred Service Vendor 082,Preferred,2,4395,2.66,1,0.967
VEN0082,2023-03-20,Preferred Service Vendor 082,Preferred,2,2842,1.74,0,1.0
VEN0082,2023-03-27,Preferred Service Vendor 082,Preferred,2,2805,2.21,1,0.9895
VEN0082,2023-04-03,Preferred Service Vendor 082,Preferred,2,5118,1.17,0,1.0
VEN0082,2023-04-10,Preferred Service Vendor 082,Preferred,2,5026,3.82,1,0.909
VEN0082,2023-04-17,Preferred Service Vendor 082,Preferred,2,4744,1.52,0,1.0
VEN0082,2023-04-24,Preferred Service Vendor 082,Preferred,2,5916,3.64,1,0.918
VEN0082,2023-05-01,Preferred Service Vendor 082,Preferred,2,5419,2.91,1,0.9545
VEN0082,2023-05-08,Preferred Service Vendor 082,Preferred,2,5334,1.13,0,1.0
VEN0082,2023-05-15,Preferred Service Vendor 082,Preferred,2,3604,3.56,1,0.922
VEN0082,2023-05-22,Preferred Service Vendor 082,Preferred,2,3371,3.01,1,0.9495
VEN0082,2023-05-29,Preferred Service Vendor 082,Preferred,2,3222,4.54,1,0.873
VEN0082,2023-06-05,Preferred Service Vendor 082,Preferred,2,4198,2.76,1,0.962
VEN0082,2023-06-12,Preferred Service Vendor 082,Preferred,2,3883,1.2,0,1.0
VEN0082,2023-06-19,Preferred Service Vendor 082,Preferred,2,4151,3.17,1,0.9415
VEN0082,2023-06-26,Preferred Service Vendor 082,Preferred,2,4633,2.86,1,0.957
VEN0082,2023-07-03,Preferred Service Vendor 082,Preferred,2,5346,3.2,1,0.94
VEN0082,2023-07-10,Preferred Service Vendor 082,Preferred,2,5987,1.29,0,1.0
VEN0082,2023-07-17,Preferred Service Vendor 082,Preferred,2,4962,2.25,1,0.9875
VEN0082,2023-07-24,Preferred Service Vendor 082,Preferred,2,7194,1.37,0,1.0
VEN0082,2023-07-31,Preferred Service Vendor 082,Preferred,2,1105,2.68,1,0.966
VEN0082,2023-08-07,Preferred Service Vendor 082,Preferred,2,2601,0.5,0,1.0
VEN0082,2023-08-14,Preferred Service Vendor 082,Preferred,2,3594,1.93,0,1.0
VEN0082,2023-08-21,Preferred Service Vendor 082,Preferred,2,5802,2.3,1,0.985
VEN0082,2023-08-28,Preferred Service Vendor 082,Preferred,2,5803,1.15,0,1.0
VEN0082,2023-09-04,Preferred Service Vendor 082,Preferred,2,4201,0.64,0,1.0
VEN0082,2023-09-11,Preferred Service Vendor 082,Preferred,2,4459,4.31,1,0.8845
VEN0082,2023-09-18,Preferred Service Vendor 082,Preferred,2,4346,2.4,1,0.98
VEN0082,2023-09-25,Preferred Service Vendor 082,Preferred,2,4927,1.19,0,1.0
VEN0082,2023-10-02,Preferred Service Vendor 082,Preferred,2,3696,4.74,1,0.863
VEN0082,2023-10-09,Preferred Service Vendor 082,Preferred,2,4763,4.84,1,0.858
VEN0082,2023-10-16,Preferred Service Vendor 082,Preferred,2,4229,2.54,1,0.973
VEN0082,2023-10-23,Preferred Service Vendor 082,Preferred,2,5748,1.33,0,1.0
VEN0082,2023-10-30,Preferred Service Vendor 082,Preferred,2,3234,4.11,1,0.8945
VEN0082,2023-11-06,Preferred Service Vendor 082,Preferred,2,5417,2.05,1,0.9975
VEN0082,2023-11-13,Preferred Service Vendor 082,Preferred,2,4061,4.16,1,0.892
VEN0082,2023-11-20,Preferred Service Vendor 082,Preferred,2,4618,4.74,1,0.863
VEN0082,2023-11-27,Preferred Service Vendor 082,Preferred,2,3736,1.32,0,1.0
VEN0082,2023-12-04,Preferred Service Vendor 082,Preferred,2,1782,2.34,1,0.983
VEN0082,2023-12-11,Preferred Service Vendor 082,Preferred,2,2251,2.64,1,0.968
VEN0082,2023-12-18,Preferred Service Vendor 082,Preferred,2,5714,0.84,0,1.0
VEN0082,2023-12-25,Preferred Service Vendor 082,Preferred,2,2768,2.81,1,0.9595
VEN0082,2024-01-01,Preferred Service Vendor 082,Preferred,2,4550,0.82,0,1.0
VEN0082,2024-01-08,Preferred Service Vendor 082,Preferred,2,5724,2.97,1,0.9515
VEN0082,2024-01-15,Preferred Service Vendor 082,Preferred,2,5648,3.58,1,0.921
VEN0082,2024-01-22,Preferred Service Vendor 082,Preferred,2,4490,0.92,0,1.0
VEN0082,2024-01-29,Preferred Service Vendor 082,Preferred,2,6304,3.92,1,0.904
VEN0082,2024-02-05,Preferred Service Vendor 082,Preferred,2,4169,2.48,1,0.976
VEN0082,2024-02-12,Preferred Service Vendor 082,Preferred,2,2285,2.55,1,0.9725
VEN0082,2024-02-19,Preferred Service Vendor 082,Preferred,2,3098,1.74,0,1.0
VEN0082,2024-02-26,Preferred Service Vendor 082,Preferred,2,5014,2.96,1,0.952
VEN0082,2024-03-04,Preferred Service Vendor 082,Preferred,2,3145,2.27,1,0.9865
VEN0082,2024-03-11,Preferred Service Vendor 082,Preferred,2,4710,3.18,1,0.941
VEN0082,2024-03-18,Preferred Service Vendor 082,Preferred,2,4847,1.93,0,1.0
VEN0082,2024-03-25,Preferred Service Vendor 082,Preferred,2,2624,1.14,0,1.0
VEN0082,2024-04-01,Preferred Service Vendor 082,Preferred,2,4926,2.41,1,0.9795
VEN0082,2024-04-08,Preferred Service Vendor 082,Preferred,2,3530,2.13,1,0.9935
VEN0082,2024-04-15,Preferred Service Vendor 082,Preferred,2,2250,1.05,0,1.0
VEN0082,2024-04-22,Preferred Service Vendor 082,Preferred,2,4646,0.5,0,1.0
VEN0082,2024-04-29,Preferred Service Vendor 082,Preferred,2,5853,1.86,0,1.0
VEN0082,2024-05-06,Preferred Service Vendor 082,Preferred,2,1452,3.4,1,0.93
VEN0082,2024-05-13,Preferred Service Vendor 082,Preferred,2,2942,3.66,1,0.917
VEN0082,2024-05-20,Preferred Service Vendor 082,Preferred,2,5199,1.62,0,1.0
VEN0082,2024-05-27,Preferred Service Vendor 082,Preferred,2,2990,4.04,1,0.898
VEN0082,2024-06-03,Preferred Service Vendor 082,Preferred,2,5136,2.09,1,0.9955
VEN0082,2024-06-10,Preferred Service Vendor 082,Preferred,2,4302,1.75,0,1.0
VEN0082,2024-06-17,Preferred Service Vendor 082,Preferred,2,6024,1.52,0,1.0
VEN0082,2024-06-24,Preferred Service Vendor 082,Preferred,2,2951,1.52,0,1.0
VEN0082,2024-07-01,Preferred Service Vendor 082,Preferred,2,5032,3.0,1,0.95
VEN0082,2024-07-08,Preferred Service Vendor 082,Preferred,2,3260,1.64,0,1.0
VEN0082,2024-07-15,Preferred Service Vendor 082,Preferred,2,4295,3.73,1,0.9135
VEN0082,2024-07-22,Preferred Service Vendor 082,Preferred,2,2531,2.75,1,0.9625
VEN0082,2024-07-29,Preferred Service Vendor 082,Preferred,2,4362,4.35,1,0.8825
VEN0082,2024-08-05,Preferred Service Vendor 082,Preferred,2,2377,1.61,0,1.0
VEN0082,2024-08-12,Preferred Service Vendor 082,Preferred,2,3314,3.2,1,0.94
VEN0082,2024-08-19,Preferred Service Vendor 082,Preferred,2,4119,0.5,0,1.0
VEN0082,2024-08-26,Preferred Service Vendor 082,Preferred,2,2940,4.3,1,0.885
VEN0082,2024-09-02,Preferred Service Vendor 082,Preferred,2,4287,3.71,1,0.9145
VEN0082,2024-09-09,Preferred Service Vendor 082,Preferred,2,7923,3.51,1,0.9245
VEN0082,2024-09-16,Preferred Service Vendor 082,Preferred,2,3735,0.5,0,1.0
VEN0082,2024-09-23,Preferred Service Vendor 082,Preferred,2,3023,2.73,1,0.9635
VEN0082,2024-09-30,Preferred Service Vendor 082,Preferred,2,4859,2.92,1,0.954
VEN0082,2024-10-07,Preferred Service Vendor 082,Preferred,2,3933,1.58,0,1.0
VEN0082,2024-10-14,Preferred Service Vendor 082,Preferred,2,4414,2.55,1,0.9725
VEN0082,2024-10-21,Preferred Service Vendor 082,Preferred,2,3694,2.66,1,0.967
VEN0082,2024-10-28,Preferred Service Vendor 082,Preferred,2,5309,1.75,0,1.0
VEN0082,2024-11-04,Preferred Service Vendor 082,Preferred,2,5467,1.75,0,1.0
VEN0082,2024-11-11,Preferred Service Vendor 082,Preferred,2,4594,3.13,1,0.9435
VEN0082,2024-11-18,Preferred Service Vendor 082,Preferred,2,5340,1.19,0,1.0
VEN0082,2024-11-25,Preferred Service Vendor 082,Preferred,2,4304,0.93,0,1.0
VEN0082,2024-12-02,Preferred Service Vendor 082,Preferred,2,4051,0.73,0,1.0
VEN0082,2024-12-09,Preferred Service Vendor 082,Preferred,2,4606,1.45,0,1.0
VEN0082,2024-12-16,Preferred Service Vendor 082,Preferred,2,5249,1.61,0,1.0
VEN0082,2024-12-23,Preferred Service Vendor 082,Preferred,2,7076,1.15,0,1.0
VEN0082,2024-12-30,Preferred Service Vendor 082,Preferred,2,3723,0.95,0,1.0
VEN0083,2023-01-02,Preferred Service Vendor 083,Preferred,24,4555,31.79,1,0.6105
VEN0083,2023-01-09,Preferred Service Vendor 083,Preferred,24,4774,29.15,1,0.7425
VEN0083,2023-01-16,Preferred Service Vendor 083,Preferred,24,3526,16.32,0,1.0
VEN0083,2023-01-23,Preferred Service Vendor 083,Preferred,24,4480,35.05,1,0.4475
VEN0083,2023-01-30,Preferred Service Vendor 083,Preferred,24,5126,21.43,0,1.0
VEN0083,2023-02-06,Preferred Service Vendor 083,Preferred,24,3790,24.53,1,0.9735
VEN0083,2023-02-13,Preferred Service Vendor 083,Preferred,24,4424,19.29,0,1.0
VEN0083,2023-02-20,Preferred Service Vendor 083,Preferred,24,5135,35.17,1,0.4415
VEN0083,2023-02-27,Preferred Service Vendor 083,Preferred,24,5141,24.87,1,0.9565
VEN0083,2023-03-06,Preferred Service Vendor 083,Preferred,24,3930,33.45,1,0.5275
VEN0083,2023-03-13,Preferred Service Vendor 083,Preferred,24,4848,15.56,0,1.0
VEN0083,2023-03-20,Preferred Service Vendor 083,Preferred,24,4161,21.98,0,1.0
VEN0083,2023-03-27,Preferred Service Vendor 083,Preferred,24,4218,23.33,0,1.0
VEN0083,2023-04-03,Preferred Service Vendor 083,Preferred,24,3945,24.23,1,0.9885
VEN0083,2023-04-10,Preferred Service Vendor 083,Preferred,24,4489,20.54,0,1.0
VEN0083,2023-04-17,Preferred Service Vendor 083,Preferred,24,3927,37.45,1,0.35
VEN0083,2023-04-24,Preferred Service Vendor 083,Preferred,24,3384,15.31,0,1.0
VEN0083,2023-05-01,Preferred Service Vendor 083,Preferred,24,5132,28.32,1,0.784
VEN0083,2023-05-08,Preferred Service Vendor 083,Preferred,24,4985,27.86,1,0.807
VEN0083,2023-05-15,Preferred Service Vendor 083,Preferred,24,5601,34.33,1,0.4835
VEN0083,2023-05-22,Preferred Service Vendor 083,Preferred,24,4429,30.22,1,0.689
VEN0083,2023-05-29,Preferred Service Vendor 083,Preferred,24,5001,17.38,0,1.0
VEN0083,2023-06-05,Preferred Service Vendor 083,Preferred,24,3168,30.46,1,0.677
VEN0083,2023-06-12,Preferred Service Vendor 083,Preferred,24,2247,28.48,1,0.776
VEN0083,2023-06-19,Preferred Service Vendor 083,Preferred,24,3818,17.85,0,1.0
VEN0083,2023-06-26,Preferred Service Vendor 083,Preferred,24,5724,19.42,0,1.0
VEN0083,2023-07-03,Preferred Service Vendor 083,Preferred,24,4675,35.64,1,0.418
VEN0083,2023-07-10,Preferred Service Vendor 083,Preferred,24,1073,16.85,0,1.0
VEN0083,2023-07-17,Preferred Service Vendor 083,Preferred,24,3564,20.49,0,1.0
VEN0083,2023-07-24,Preferred Service Vendor 083,Preferred,24,3411,16.22,0,1.0
VEN0083,2023-07-31,Preferred Service Vendor 083,Preferred,24,4415,29.77,1,0.7115
VEN0083,2023-08-07,Preferred Service Vendor 083,Preferred,24,4029,32.11,1,0.5945
VEN0083,2023-08-14,Preferred Service Vendor 083,Preferred,24,3373,26.5,1,0.875
VEN0083,2023-08-21,Preferred Service Vendor 083,Preferred,24,4522,18.39,0,1.0
VEN0083,2023-08-28,Preferred Service Vendor 083,Preferred,24,5121,31.16,1,0.642
VEN0083,2023-09-04,Preferred Service Vendor 083,Preferred,24,3931,31.04,1,0.648
VEN0083,2023-09-11,Preferred Service Vendor 083,Preferred,24,5658,19.64,0,1.0
VEN0083,2023-09-18,Preferred Service Vendor 083,Preferred,24,2027,28.63,1,0.7685
VEN0083,2023-09-25,Preferred Service Vendor 083,Preferred,24,3320,28.45,1,0.7775
VEN0083,2023-10-02,Preferred Service Vendor 083,Preferred,24,3512,22.01,0,1.0
VEN0083,2023-10-09,Preferred Service Vendor 083,Preferred,24,3835,18.45,0,1.0
VEN0083,2023-10-16,Preferred Service Vendor 083,Preferred,24,2517,29.6,1,0.72
VEN0083,2023-10-23,Preferred Service Vendor 083,Preferred,24,3239,22.94,0,1.0
VEN0083,2023-10-30,Preferred Service Vendor 083,Preferred,24,4329,29.84,1,0.708
VEN0083,2023-11-06,Preferred Service Vendor 083,Preferred,24,4455,24.07,1,0.9965
VEN0083,2023-11-13,Preferred Service Vendor 083,Preferred,24,7024,18.93,0,1.0
VEN0083,2023-11-20,Preferred Service Vendor 083,Preferred,24,4660,26.36,1,0.882
VEN0083,2023-11-27,Preferred Service Vendor 083,Preferred,24,2436,25.09,1,0.9455
VEN0083,2023-12-04,Preferred Service Vendor 083,Preferred,24,4379,30.82,1,0.659
VEN0083,2023-12-11,Preferred Service Vendor 083,Preferred,24,4485,21.83,0,1.0
VEN0083,2023-12-18,Preferred Service Vendor 083,Preferred,24,3240,20.81,0,1.0
VEN0083,2023-12-25,Preferred Service Vendor 083,Preferred,24,5018,18.11,0,1.0
VEN0083,2024-01-01,Preferred Service Vendor 083,Preferred,24,3944,15.98,0,1.0
VEN0083,2024-01-08,Preferred Service Vendor 083,Preferred,24,5716,19.22,0,1.0
VEN0083,2024-01-15,Preferred Service Vendor 083,Preferred,24,3798,18.26,0,1.0
VEN0083,2024-01-22,Preferred Service Vendor 083,Preferred,24,2362,15.63,0,1.0
VEN0083,2024-01-29,Preferred Service Vendor 083,Preferred,24,1643,36.5,1,0.375
VEN0083,2024-02-05,Preferred Service Vendor 083,Preferred,24,3155,28.98,1,0.751
VEN0083,2024-02-12,Preferred Service Vendor 083,Preferred,24,3379,27.59,1,0.8205
VEN0083,2024-02-19,Preferred Service Vendor 083,Preferred,24,4382,20.8,0,1.0
VEN0083,2024-02-26,Preferred Service Vendor 083,Preferred,24,4923,32.24,1,0.588
VEN0083,2024-03-04,Preferred Service Vendor 083,Preferred,24,4944,33.36,1,0.532
VEN0083,2024-03-11,Preferred Service Vendor 083,Preferred,24,4822,30.93,1,0.6535
VEN0083,2024-03-18,Preferred Service Vendor 083,Preferred,24,4169,22.04,0,1.0
VEN0083,2024-03-25,Preferred Service Vendor 083,Preferred,24,3451,26.57,1,0.8715
VEN0083,2024-04-01,Preferred Service Vendor 083,Preferred,24,5905,22.28,0,1.0
VEN0083,2024-04-08,Preferred Service Vendor 083,Preferred,24,5567,25.66,1,0.917
VEN0083,2024-04-15,Preferred Service Vendor 083,Preferred,24,4258,33.21,1,0.5395
VEN0083,2024-04-22,Preferred Service Vendor 083,Preferred,24,5046,29.33,1,0.7335
VEN0083,2024-04-29,Preferred Service Vendor 083,Preferred,24,4198,24.9,1,0.955
VEN0083,2024-05-06,Preferred Service Vendor 083,Preferred,24,5354,35.55,1,0.4225
VEN0083,2024-05-13,Preferred Service Vendor 083,Preferred,24,2165,22.44,0,1.0
VEN0083,2024-05-20,Preferred Service Vendor 083,Preferred,24,4543,26.35,1,0.8825
VEN0083,2024-05-27,Preferred Service Vendor 083,Preferred,24,4610,23.63,0,1.0
VEN0083,2024-06-03,Preferred Service Vendor 083,Preferred,24,3188,20.31,0,1.0
VEN0083,2024-06-10,Preferred Service Vendor 083,Preferred,24,2771,31.84,1,0.608
VEN0083,2024-06-17,Preferred Service Vendor 083,Preferred,24,3093,26.43,1,0.8785
VEN0083,2024-06-24,Preferred Service Vendor 083,Preferred,24,3780,31.35,1,0.6325
VEN0083,2024-07-01,Preferred Service Vendor 083,Preferred,24,3731,18.4,0,1.0
VEN0083,2024-07-08,Preferred Service Vendor 083,Preferred,24,2961,16.58,0,1.0
VEN0083,2024-07-15,Preferred Service Vendor 083,Preferred,24,3727,23.78,0,1.0
VEN0083,2024-07-22,Preferred Service Vendor 083,Preferred,24,3529,30.36,1,0.682
VEN0083,2024-07-29,Preferred Service Vendor 083,Preferred,24,3432,32.74,1,0.563
VEN0083,2024-08-05,Preferred Service Vendor 083,Preferred,24,5702,20.26,0,1.0
VEN0083,2024-08-12,Preferred Service Vendor 083,Preferred,24,4039,17.81,0,1.0
VEN0083,2024-08-19,Preferred Service Vendor 083,Preferred,24,1932,17.88,0,1.0
VEN0083,2024-08-26,Preferred Service Vendor 083,Preferred,24,879,21.6,0,1.0
VEN0083,2024-09-02,Preferred Service Vendor 083,Preferred,24,3951,17.07,0,1.0
VEN0083,2024-09-09,Preferred Service Vendor 083,Preferred,24,7161,18.45,0,1.0
VEN0083,2024-09-16,Preferred Service Vendor 083,Preferred,24,4832,32.74,1,0.563
VEN0083,2024-09-23,Preferred Service Vendor 083,Preferred,24,5312,18.16,0,1.0
VEN0083,2024-09-30,Preferred Service Vendor 083,Preferred,24,7187,27.33,1,0.8335
VEN0083,2024-10-07,Preferred Service Vendor 083,Preferred,24,3130,27.05,1,0.8475
VEN0083,2024-10-14,Preferred Service Vendor 083,Preferred,24,4454,17.45,0,1.0
VEN0083,2024-10-21,Preferred Service Vendor 083,Preferred,24,4971,20.92,0,1.0
VEN0083,2024-10-28,Preferred Service Vendor 083,Preferred,24,4402,20.02,0,1.0
VEN0083,2024-11-04,Preferred Service Vendor 083,Preferred,24,2519,26.18,1,0.891
VEN0083,2024-11-11,Preferred Service Vendor 083,Preferred,24,3240,25.79,1,0.9105
VEN0083,2024-11-18,Preferred Service Vendor 083,Preferred,24,4397,35.69,1,0.4155
VEN0083,2024-11-25,Preferred Service Vendor 083,Preferred,24,4139,16.72,0,1.0
VEN0083,2024-12-02,Preferred Service Vendor 083,Preferred,24,5645,20.41,0,1.0
VEN0083,2024-12-09,Preferred Service Vendor 083,Preferred,24,2129,34.75,1,0.4625
VEN0083,2024-12-16,Preferred Service Vendor 083,Preferred,24,4499,21.55,0,1.0
VEN0083,2024-12-23,Preferred Service Vendor 083,Preferred,24,4236,21.93,0,1.0
VEN0083,2024-12-30,Preferred Service Vendor 083,Preferred,24,4191,21.89,0,1.0
VEN0084,2023-01-02,Preferred Service Vendor 084,Strategic,12,3154,17.68,1,0.716
VEN0084,2023-01-09,Preferred Service Vendor 084,Strategic,12,3595,13.12,1,0.944
VEN0084,2023-01-16,Preferred Service Vendor 084,Strategic,12,3348,13.82,1,0.909
VEN0084,2023-01-23,Preferred Service Vendor 084,Strategic,12,6410,11.61,0,1.0
VEN0084,2023-01-30,Preferred Service Vendor 084,Strategic,12,4136,14.29,1,0.8855
VEN0084,2023-02-06,Preferred Service Vendor 084,Strategic,12,2218,11.42,0,1.0
VEN0084,2023-02-13,Preferred Service Vendor 084,Strategic,12,5146,17.03,1,0.7485
VEN0084,2023-02-20,Preferred Service Vendor 084,Strategic,12,7502,17.87,1,0.7065
VEN0084,2023-02-27,Preferred Service Vendor 084,Strategic,12,5588,14.68,1,0.866
VEN0084,2023-03-06,Preferred Service Vendor 084,Strategic,12,2826,13.9,1,0.905
VEN0084,2023-03-13,Preferred Service Vendor 084,Strategic,12,3591,20.1,1,0.595
VEN0084,2023-03-20,Preferred Service Vendor 084,Strategic,12,2940,10.94,0,1.0
VEN0084,2023-03-27,Preferred Service Vendor 084,Strategic,12,6581,6.98,0,1.0
VEN0084,2023-04-03,Preferred Service Vendor 084,Strategic,12,6733,15.54,1,0.823
VEN0084,2023-04-10,Preferred Service Vendor 084,Strategic,12,1524,8.79,0,1.0
VEN0084,2023-04-17,Preferred Service Vendor 084,Strategic,12,2558,14.48,1,0.876
VEN0084,2023-04-24,Preferred Service Vendor 084,Strategic,12,3809,11.44,0,1.0
VEN0084,2023-05-01,Preferred Service Vendor 084,Strategic,12,5727,10.98,0,1.0
VEN0084,2023-05-08,Preferred Service Vendor 084,Strategic,12,3359,14.72,1,0.864
VEN0084,2023-05-15,Preferred Service Vendor 084,Strategic,12,4366,14.6,1,0.87
VEN0084,2023-05-22,Preferred Service Vendor 084,Strategic,12,4086,10.7,0,1.0
VEN0084,2023-05-29,Preferred Service Vendor 084,Strategic,12,4088,12.67,1,0.9665
VEN0084,2023-06-05,Preferred Service Vendor 084,Strategic,12,3545,16.49,1,0.7755
VEN0084,2023-06-12,Preferred Service Vendor 084,Strategic,12,3767,14.27,1,0.8865
VEN0084,2023-06-19,Preferred Service Vendor 084,Strategic,12,4176,7.43,0,1.0
VEN0084,2023-06-26,Preferred Service Vendor 084,Strategic,12,5596,11.84,0,1.0
VEN0084,2023-07-03,Preferred Service Vendor 084,Strategic,12,6912,16.8,1,0.76
VEN0084,2023-07-10,Preferred Service Vendor 084,Strategic,12,5385,14.91,1,0.8545
VEN0084,2023-07-17,Preferred Service Vendor 084,Strategic,12,3360,15.58,1,0.821
VEN0084,2023-07-24,Preferred Service Vendor 084,Strategic,12,3752,14.3,1,0.885
VEN0084,2023-07-31,Preferred Service Vendor 084,Strategic,12,4752,9.09,0,1.0
VEN0084,2023-08-07,Preferred Service Vendor 084,Strategic,12,4262,7.84,0,1.0
VEN0084,2023-08-14,Preferred Service Vendor 084,Strategic,12,6019,6.88,0,1.0
VEN0084,2023-08-21,Preferred Service Vendor 084,Strategic,12,3128,13.69,1,0.9155
VEN0084,2023-08-28,Preferred Service Vendor 084,Strategic,12,3223,15.53,1,0.8235
VEN0084,2023-09-04,Preferred Service Vendor 084,Strategic,12,5036,14.62,1,0.869
VEN0084,2023-09-11,Preferred Service Vendor 084,Strategic,12,4213,14.3,1,0.885
VEN0084,2023-09-18,Preferred Service Vendor 084,Strategic,12,2336,14.86,1,0.857
VEN0084,2023-09-25,Preferred Service Vendor 084,Strategic,12,4664,14.52,1,0.874
VEN0084,2023-10-02,Preferred Service Vendor 084,Strategic,12,5233,12.58,1,0.971
VEN0084,2023-10-09,Preferred Service Vendor 084,Strategic,12,3526,8.93,0,1.0
VEN0084,2023-10-16,Preferred Service Vendor 084,Strategic,12,3385,13.07,1,0.9465
VEN0084,2023-10-23,Preferred Service Vendor 084,Strategic,12,4810,10.82,0,1.0
VEN0084,2023-10-30,Preferred Service Vendor 084,Strategic,12,4292,7.1,0,1.0
VEN0084,2023-11-06,Preferred Service Vendor 084,Strategic,12,3017,17.18,1,0.741
VEN0084,2023-11-13,Preferred Service Vendor 084,Strategic,12,5531,8.59,0,1.0
VEN0084,2023-11-20,Preferred Service Vendor 084,Strategic,12,4399,12.61,1,0.9695
VEN0084,2023-11-27,Preferred Service Vendor 084,Strategic,12,4003,13.77,1,0.9115
VEN0084,2023-12-04,Preferred Service Vendor 084,Strategic,12,3073,8.63,0,1.0
VEN0084,2023-12-11,Preferred Service Vendor 084,Strategic,12,4189,16.37,1,0.7815
VEN0084,2023-12-18,Preferred Service Vendor 084,Strategic,12,5487,15.8,1,0.81
VEN0084,2023-12-25,Preferred Service Vendor 084,Strategic,12,1918,10.21,0,1.0
VEN0084,2024-01-01,Preferred Service Vendor 084,Strategic,12,3755,9.09,0,1.0
VEN0084,2024-01-08,Preferred Service Vendor 084,Strategic,12,3470,16.54,1,0.773
VEN0084,2024-01-15,Preferred Service Vendor 084,Strategic,12,3834,12.23,1,0.9885
VEN0084,2024-01-22,Preferred Service Vendor 084,Strategic,12,6150,8.49,0,1.0
VEN0084,2024-01-29,Preferred Service Vendor 084,Strategic,12,4683,9.09,0,1.0
VEN0084,2024-02-05,Preferred Service Vendor 084,Strategic,12,5268,17.21,1,0.7395
VEN0084,2024-02-12,Preferred Service Vendor 084,Strategic,12,3642,12.94,1,0.953
VEN0084,2024-02-19,Preferred Service Vendor 084,Strategic,12,1413,8.63,0,1.0
VEN0084,2024-02-26,Preferred Service Vendor 084,Strategic,12,3236,15.92,1,0.804
VEN0084,2024-03-04,Preferred Service Vendor 084,Strategic,12,2231,11.42,0,1.0
VEN0084,2024-03-11,Preferred Service Vendor 084,Strategic,12,2906,16.88,1,0.756
VEN0084,2024-03-18,Preferred Service Vendor 084,Strategic,12,3845,10.34,0,1.0
VEN0084,2024-03-25,Preferred Service Vendor 084,Strategic,12,4623,18.22,1,0.689
VEN0084,2024-04-01,Preferred Service Vendor 084,Strategic,12,4078,9.03,0,1.0
VEN0084,2024-04-08,Preferred Service Vendor 084,Strategic,12,4104,8.07,0,1.0
VEN0084,2024-04-15,Preferred Service Vendor 084,Strategic,12,4154,17.18,1,0.741
VEN0084,2024-04-22,Preferred Service Vendor 084,Strategic,12,4235,12.48,1,0.976
VEN0084,2024-04-29,Preferred Service Vendor 084,Strategic,12,4991,15.71,1,0.8145
VEN0084,2024-05-06,Preferred Service Vendor 084,Strategic,12,4387,18.49,1,0.6755
VEN0084,2024-05-13,Preferred Service Vendor 084,Strategic,12,4245,11.22,0,1.0
VEN0084,2024-05-20,Preferred Service Vendor 084,Strategic,12,4799,9.04,0,1.0
VEN0084,2024-05-27,Preferred Service Vendor 084,Strategic,12,4329,7.53,0,1.0
VEN0084,2024-06-03,Preferred Service Vendor 084,Strategic,12,4400,17.15,1,0.7425
VEN0084,2024-06-10,Preferred Service Vendor 084,Strategic,12,3886,13.62,1,0.919
VEN0084,2024-06-17,Preferred Service Vendor 084,Strategic,12,1713,17.74,1,0.713
VEN0084,2024-06-24,Preferred Service Vendor 084,Strategic,12,4162,16.7,1,0.765
VEN0084,2024-07-01,Preferred Service Vendor 084,Strategic,12,3363,7.86,0,1.0
VEN0084,2024-07-08,Preferred Service Vendor 084,Strategic,12,3979,17.2,1,0.74
VEN0084,2024-07-15,Preferred Service Vendor 084,Strategic,12,5263,9.92,0,1.0
VEN0084,2024-07-22,Preferred Service Vendor 084,Strategic,12,5111,9.12,0,1.0
VEN0084,2024-07-29,Preferred Service Vendor 084,Strategic,12,5728,19.23,1,0.6385
VEN0084,2024-08-05,Preferred Service Vendor 084,Strategic,12,4362,17.47,1,0.7265
VEN0084,2024-08-12,Preferred Service Vendor 084,Strategic,12,3331,9.95,0,1.0
VEN0084,2024-08-19,Preferred Service Vendor 084,Strategic,12,3378,10.33,0,1.0
VEN0084,2024-08-26,Preferred Service Vendor 084,Strategic,12,3603,12.73,1,0.9635
VEN0084,2024-09-02,Preferred Service Vendor 084,Strategic,12,2518,13.43,1,0.9285
VEN0084,2024-09-09,Preferred Service Vendor 084,Strategic,12,5705,7.86,0,1.0
VEN0084,2024-09-16,Preferred Service Vendor 084,Strategic,12,6148,13.07,1,0.9465
VEN0084,2024-09-23,Preferred Service Vendor 084,Strategic,12,5449,14.42,1,0.879
VEN0084,2024-09-30,Preferred Service Vendor 084,Strategic,12,3102,12.28,1,0.986
VEN0084,2024-10-07,Preferred Service Vendor 084,Strategic,12,2570,10.66,0,1.0
VEN0084,2024-10-14,Preferred Service Vendor 084,Strategic,12,5601,16.9,1,0.755
VEN0084,2024-10-21,Preferred Service Vendor 084,Strategic,12,3712,11.06,0,1.0
VEN0084,2024-10-28,Preferred Service Vendor 084,Strategic,12,6008,13.38,1,0.931
VEN0084,2024-11-04,Preferred Service Vendor 084,Strategic,12,2301,8.78,0,1.0
VEN0084,2024-11-11,Preferred Service Vendor 084,Strategic,12,3421,15.47,1,0.8265
VEN0084,2024-11-18,Preferred Service Vendor 084,Strategic,12,2137,18.7,1,0.665
VEN0084,2024-11-25,Preferred Service Vendor 084,Strategic,12,4050,14.05,1,0.8975
VEN0084,2024-12-02,Preferred Service Vendor 084,Strategic,12,4714,14.89,1,0.8555
VEN0084,2024-12-09,Preferred Service Vendor 084,Strategic,12,1565,13.68,1,0.916
VEN0084,2024-12-16,Preferred Service Vendor 084,Strategic,12,2257,13.77,1,0.9115
VEN0084,2024-12-23,Preferred Service Vendor 084,Strategic,12,3655,17.5,1,0.725
VEN0084,2024-12-30,Preferred Service Vendor 084,Strategic,12,4085,8.85,0,1.0
VEN0085,2023-01-02,Preferred Service Vendor 085,Preferred,2,5169,2.23,1,0.9885
VEN0085,2023-01-09,Preferred Service Vendor 085,Preferred,2,5189,1.43,0,1.0
VEN0085,2023-01-16,Preferred Service Vendor 085,Preferred,2,3717,2.57,1,0.9715
VEN0085,2023-01-23,Preferred Service Vendor 085,Preferred,2,5130,2.32,1,0.984
VEN0085,2023-01-30,Preferred Service Vendor 085,Preferred,2,3481,2.36,1,0.982
VEN0085,2023-02-06,Preferred Service Vendor 085,Preferred,2,5658,3.03,1,0.9485
VEN0085,2023-02-13,Preferred Service Vendor 085,Preferred,2,5281,2.64,1,0.968
VEN0085,2023-02-20,Preferred Service Vendor 085,Preferred,2,5728,3.65,1,0.9175
VEN0085,2023-02-27,Preferred Service Vendor 085,Preferred,2,3985,1.68,0,1.0
VEN0085,2023-03-06,Preferred Service Vendor 085,Preferred,2,2760,1.42,0,1.0
VEN0085,2023-03-13,Preferred Service Vendor 085,Preferred,2,4223,2.94,1,0.953
VEN0085,2023-03-20,Preferred Service Vendor 085,Preferred,2,4954,2.51,1,0.9745
VEN0085,2023-03-27,Preferred Service Vendor 085,Preferred,2,2095,2.35,1,0.9825
VEN0085,2023-04-03,Preferred Service Vendor 085,Preferred,2,5221,0.93,0,1.0
VEN0085,2023-04-10,Preferred Service Vendor 085,Preferred,2,2461,3.95,1,0.9025
VEN0085,2023-04-17,Preferred Service Vendor 085,Preferred,2,4864,2.45,1,0.9775
VEN0085,2023-04-24,Preferred Service Vendor 085,Preferred,2,2718,1.52,0,1.0
VEN0085,2023-05-01,Preferred Service Vendor 085,Preferred,2,5574,1.79,0,1.0
VEN0085,2023-05-08,Preferred Service Vendor 085,Preferred,2,3092,2.63,1,0.9685
VEN0085,2023-05-15,Preferred Service Vendor 085,Preferred,2,3776,0.86,0,1.0
VEN0085,2023-05-22,Preferred Service Vendor 085,Preferred,2,4643,2.6,1,0.97
VEN0085,2023-05-29,Preferred Service Vendor 085,Preferred,2,4485,3.21,1,0.9395
VEN0085,2023-06-05,Preferred Service Vendor 085,Preferred,2,4598,3.27,1,0.9365
VEN0085,2023-06-12,Preferred Service Vendor 085,Preferred,2,2192,1.95,0,1.0
VEN0085,2023-06-19,Preferred Service Vendor 085,Preferred,2,2732,0.5,0,1.0
VEN0085,2023-06-26,Preferred Service Vendor 085,Preferred,2,6941,2.96,1,0.952
VEN0085,2023-07-03,Preferred Service Vendor 085,Preferred,2,3627,3.59,1,0.9205
VEN0085,2023-07-10,Preferred Service Vendor 085,Preferred,2,3205,1.87,0,1.0
VEN0085,2023-07-17,Preferred Service Vendor 085,Preferred,2,2843,0.5,0,1.0
VEN0085,2023-07-24,Preferred Service Vendor 085,Preferred,2,3528,1.59,0,1.0
VEN0085,2023-07-31,Preferred Service Vendor 085,Preferred,2,4792,2.23,1,0.9885
VEN0085,2023-08-07,Preferred Service Vendor 085,Preferred,2,4217,2.82,1,0.959
VEN0085,2023-08-14,Preferred Service Vendor 085,Preferred,2,2421,1.23,0,1.0
VEN0085,2023-08-21,Preferred Service Vendor 085,Preferred,2,3572,3.63,1,0.9185
VEN0085,2023-08-28,Preferred Service Vendor 085,Preferred,2,4148,2.9,1,0.955
VEN0085,2023-09-04,Preferred Service Vendor 085,Preferred,2,7555,3.52,1,0.924
VEN0085,2023-09-11,Preferred Service Vendor 085,Preferred,2,3878,2.78,1,0.961
VEN0085,2023-09-18,Preferred Service Vendor 085,Preferred,2,2488,2.29,1,0.9855
VEN0085,2023-09-25,Preferred Service Vendor 085,Preferred,2,4517,0.5,0,1.0
VEN0085,2023-10-02,Preferred Service Vendor 085,Preferred,2,3991,3.17,1,0.9415
VEN0085,2023-10-09,Preferred Service Vendor 085,Preferred,2,2449,1.8,0,1.0
VEN0085,2023-10-16,Preferred Service Vendor 085,Preferred,2,5956,2.11,1,0.9945
VEN0085,2023-10-23,Preferred Service Vendor 085,Preferred,2,5594,3.7,1,0.915
VEN0085,2023-10-30,Preferred Service Vendor 085,Preferred,2,2952,1.68,0,1.0
VEN0085,2023-11-06,Preferred Service Vendor 085,Preferred,2,3951,3.3,1,0.935
VEN0085,2023-11-13,Preferred Service Vendor 085,Preferred,2,5456,2.24,1,0.988
VEN0085,2023-11-20,Preferred Service Vendor 085,Preferred,2,5150,1.88,0,1.0
VEN0085,2023-11-27,Preferred Service Vendor 085,Preferred,2,3583,1.36,0,1.0
VEN0085,2023-12-04,Preferred Service Vendor 085,Preferred,2,4842,1.93,0,1.0
VEN0085,2023-12-11,Preferred Service Vendor 085,Preferred,2,3917,0.54,0,1.0
VEN0085,2023-12-18,Preferred Service Vendor 085,Preferred,2,5767,1.55,0,1.0
VEN0085,2023-12-25,Preferred Service Vendor 085,Preferred,2,4876,0.5,0,1.0
VEN0085,2024-01-01,Preferred Service Vendor 085,Preferred,2,2489,1.29,0,1.0
VEN0085,2024-01-08,Preferred Service Vendor 085,Preferred,2,4220,1.51,0,1.0
VEN0085,2024-01-15,Preferred Service Vendor 085,Preferred,2,2694,1.59,0,1.0
VEN0085,2024-01-22,Preferred Service Vendor 085,Preferred,2,3988,1.02,0,1.0
VEN0085,2024-01-29,Preferred Service Vendor 085,Preferred,2,5066,1.01,0,1.0
VEN0085,2024-02-05,Preferred Service Vendor 085,Preferred,2,3849,2.38,1,0.981
VEN0085,2024-02-12,Preferred Service Vendor 085,Preferred,2,4138,1.21,0,1.0
VEN0085,2024-02-19,Preferred Service Vendor 085,Preferred,2,3341,1.92,0,1.0
VEN0085,2024-02-26,Preferred Service Vendor 085,Preferred,2,4530,2.53,1,0.9735
VEN0085,2024-03-04,Preferred Service Vendor 085,Preferred,2,3240,1.69,0,1.0
VEN0085,2024-03-11,Preferred Service Vendor 085,Preferred,2,4117,3.8,1,0.91
VEN0085,2024-03-18,Preferred Service Vendor 085,Preferred,2,5712,4.22,1,0.889
VEN0085,2024-03-25,Preferred Service Vendor 085,Preferred,2,4205,2.16,1,0.992
VEN0085,2024-04-01,Preferred Service Vendor 085,Preferred,2,4139,3.27,1,0.9365
VEN0085,2024-04-08,Preferred Service Vendor 085,Preferred,2,3447,0.5,0,1.0
VEN0085,2024-04-15,Preferred Service Vendor 085,Preferred,2,5206,3.71,1,0.9145
VEN0085,2024-04-22,Preferred Service Vendor 085,Preferred,2,2349,4.16,1,0.892
VEN0085,2024-04-29,Preferred Service Vendor 085,Preferred,2,4486,2.73,1,0.9635
VEN0085,2024-05-06,Preferred Service Vendor 085,Preferred,2,3766,1.81,0,1.0
VEN0085,2024-05-13,Preferred Service Vendor 085,Preferred,2,4617,1.2,0,1.0
VEN0085,2024-05-20,Preferred Service Vendor 085,Preferred,2,2309,2.03,1,0.9985
VEN0085,2024-05-27,Preferred Service Vendor 085,Preferred,2,2071,2.13,1,0.9935
VEN0085,2024-06-03,Preferred Service Vendor 085,Preferred,2,3194,2.88,1,0.956
VEN0085,2024-06-10,Preferred Service Vendor 085,Preferred,2,5718,2.42,1,0.979
VEN0085,2024-06-17,Preferred Service Vendor 085,Preferred,2,1571,2.21,1,0.9895
VEN0085,2024-06-24,Preferred Service Vendor 085,Preferred,2,4700,2.59,1,0.9705
VEN0085,2024-07-01,Preferred Service Vendor 085,Preferred,2,3733,4.57,1,0.8715
VEN0085,2024-07-08,Preferred Service Vendor 085,Preferred,2,5098,2.7,1,0.965
VEN0085,2024-07-15,Preferred Service Vendor 085,Preferred,2,3607,3.21,1,0.9395
VEN0085,2024-07-22,Preferred Service Vendor 085,Preferred,2,5086,2.94,1,0.953
VEN0085,2024-07-29,Preferred Service Vendor 085,Preferred,2,5503,2.74,1,0.963
VEN0085,2024-08-05,Preferred Service Vendor 085,Preferred,2,6825,0.68,0,1.0
VEN0085,2024-08-12,Preferred Service Vendor 085,Preferred,2,4003,0.75,0,1.0
VEN0085,2024-08-19,Preferred Service Vendor 085,Preferred,2,4661,4.14,1,0.893
VEN0085,2024-08-26,Preferred Service Vendor 085,Preferred,2,4209,0.74,0,1.0
VEN0085,2024-09-02,Preferred Service Vendor 085,Preferred,2,4634,2.58,1,0.971
VEN0085,2024-09-09,Preferred Service Vendor 085,Preferred,2,4628,2.14,1,0.993
VEN0085,2024-09-16,Preferred Service Vendor 085,Preferred,2,7473,0.83,0,1.0
VEN0085,2024-09-23,Preferred Service Vendor 085,Preferred,2,6066,3.63,1,0.9185
VEN0085,2024-09-30,Preferred Service Vendor 085,Preferred,2,4473,2.91,1,0.9545
VEN0085,2024-10-07,Preferred Service Vendor 085,Preferred,2,3637,3.73,1,0.9135
VEN0085,2024-10-14,Preferred Service Vendor 085,Preferred,2,5266,3.74,1,0.913
VEN0085,2024-10-21,Preferred Service Vendor 085,Preferred,2,3056,2.44,1,0.978
VEN0085,2024-10-28,Preferred Service Vendor 085,Preferred,2,2576,1.19,0,1.0
VEN0085,2024-11-04,Preferred Service Vendor 085,Preferred,2,5363,2.98,1,0.951
VEN0085,2024-11-11,Preferred Service Vendor 085,Preferred,2,5515,2.08,1,0.996
VEN0085,2024-11-18,Preferred Service Vendor 085,Preferred,2,5615,2.85,1,0.9575
VEN0085,2024-11-25,Preferred Service Vendor 085,Preferred,2,4418,2.6,1,0.97
VEN0085,2024-12-02,Preferred Service Vendor 085,Preferred,2,2898,3.54,1,0.923
VEN0085,2024-12-09,Preferred Service Vendor 085,Preferred,2,1319,1.22,0,1.0
VEN0085,2024-12-16,Preferred Service Vendor 085,Preferred,2,2763,3.94,1,0.903
VEN0085,2024-12-23,Preferred Service Vendor 085,Preferred,2,5542,2.13,1,0.9935
VEN0085,2024-12-30,Preferred Service Vendor 085,Preferred,2,4353,3.11,1,0.9445
VEN0086,2023-01-02,Preferred Service Vendor 086,Preferred,8,4309,8.81,1,0.9595
VEN0086,2023-01-09,Preferred Service Vendor 086,Preferred,8,3538,6.97,0,1.0
VEN0086,2023-01-16,Preferred Service Vendor 086,Preferred,8,3714,6.06,0,1.0
VEN0086,2023-01-23,Preferred Service Vendor 086,Preferred,8,4909,6.34,0,1.0
VEN0086,2023-01-30,Preferred Service Vendor 086,Preferred,8,6080,11.91,1,0.8045
VEN0086,2023-02-06,Preferred Service Vendor 086,Preferred,8,4537,10.29,1,0.8855
VEN0086,2023-02-13,Preferred Service Vendor 086,Preferred,8,4181,8.61,1,0.9695
VEN0086,2023-02-20,Preferred Service Vendor 086,Preferred,8,5635,9.55,1,0.9225
VEN0086,2023-02-27,Preferred Service Vendor 086,Preferred,8,1576,10.07,1,0.8965
VEN0086,2023-03-06,Preferred Service Vendor 086,Preferred,8,5184,3.86,0,1.0
VEN0086,2023-03-13,Preferred Service Vendor 086,Preferred,8,5333,11.16,1,0.842
VEN0086,2023-03-20,Preferred Service Vendor 086,Preferred,8,6427,7.76,0,1.0
VEN0086,2023-03-27,Preferred Service Vendor 086,Preferred,8,4724,5.54,0,1.0
VEN0086,2023-04-03,Preferred Service Vendor 086,Preferred,8,1626,5.53,0,1.0
VEN0086,2023-04-10,Preferred Service Vendor 086,Preferred,8,4951,5.74,0,1.0
VEN0086,2023-04-17,Preferred Service Vendor 086,Preferred,8,4396,10.03,1,0.8985
VEN0086,2023-04-24,Preferred Service Vendor 086,Preferred,8,4263,6.95,0,1.0
VEN0086,2023-05-01,Preferred Service Vendor 086,Preferred,8,4835,7.75,0,1.0
VEN0086,2023-05-08,Preferred Service Vendor 086,Preferred,8,4414,9.25,1,0.9375
VEN0086,2023-05-15,Preferred Service Vendor 086,Preferred,8,4296,11.94,1,0.803
VEN0086,2023-05-22,Preferred Service Vendor 086,Preferred,8,4233,5.96,0,1.0
VEN0086,2023-05-29,Preferred Service Vendor 086,Preferred,8,3620,8.1,1,0.995
VEN0086,2023-06-05,Preferred Service Vendor 086,Preferred,8,3676,11.73,1,0.8135
VEN0086,2023-06-12,Preferred Service Vendor 086,Preferred,8,3740,11.11,1,0.8445
VEN0086,2023-06-19,Preferred Service Vendor 086,Preferred,8,4634,11.91,1,0.8045
VEN0086,2023-06-26,Preferred Service Vendor 086,Preferred,8,3681,5.49,0,1.0
VEN0086,2023-07-03,Preferred Service Vendor 086,Preferred,8,3402,8.56,1,0.972
VEN0086,2023-07-10,Preferred Service Vendor 086,Preferred,8,3035,8.1,1,0.995
VEN0086,2023-07-17,Preferred Service Vendor 086,Preferred,8,4714,9.66,1,0.917
VEN0086,2023-07-24,Preferred Service Vendor 086,Preferred,8,2417,8.67,1,0.9665
VEN0086,2023-07-31,Preferred Service Vendor 086,Preferred,8,2874,11.02,1,0.849
VEN0086,2023-08-07,Preferred Service Vendor 086,Preferred,8,5716,6.53,0,1.0
VEN0086,2023-08-14,Preferred Service Vendor 086,Preferred,8,2877,9.81,1,0.9095
VEN0086,2023-08-21,Preferred Service Vendor 086,Preferred,8,4450,12.77,1,0.7615
VEN0086,2023-08-28,Preferred Service Vendor 086,Preferred,8,1904,6.6,0,1.0
VEN0086,2023-09-04,Preferred Service Vendor 086,Preferred,8,5092,10.54,1,0.873
VEN0086,2023-09-11,Preferred Service Vendor 086,Preferred,8,4021,9.95,1,0.9025
VEN0086,2023-09-18,Preferred Service Vendor 086,Preferred,8,4068,4.89,0,1.0
VEN0086,2023-09-25,Preferred Service Vendor 086,Preferred,8,3475,8.88,1,0.956
VEN0086,2023-10-02,Preferred Service Vendor 086,Preferred,8,4100,7.0,0,1.0
VEN0086,2023-10-09,Preferred Service Vendor 086,Preferred,8,3396,5.93,0,1.0
VEN0086,2023-10-16,Preferred Service Vendor 086,Preferred,8,3385,11.64,1,0.818
VEN0086,2023-10-23,Preferred Service Vendor 086,Preferred,8,3781,5.24,0,1.0
VEN0086,2023-10-30,Preferred Service Vendor 086,Preferred,8,3675,9.59,1,0.9205
VEN0086,2023-11-06,Preferred Service Vendor 086,Preferred,8,5710,7.48,0,1.0
VEN0086,2023-11-13,Preferred Service Vendor 086,Preferred,8,3561,11.88,1,0.806
VEN0086,2023-11-20,Preferred Service Vendor 086,Preferred,8,4143,7.53,0,1.0
VEN0086,2023-11-27,Preferred Service Vendor 086,Preferred,8,6176,6.27,0,1.0
VEN0086,2023-12-04,Preferred Service Vendor 086,Preferred,8,6192,11.24,1,0.838
VEN0086,2023-12-11,Preferred Service Vendor 086,Preferred,8,3229,8.24,1,0.988
VEN0086,2023-12-18,Preferred Service Vendor 086,Preferred,8,3569,6.79,0,1.0
VEN0086,2023-12-25,Preferred Service Vendor 086,Preferred,8,3885,6.41,0,1.0
VEN0086,2024-01-01,Preferred Service Vendor 086,Preferred,8,6049,8.47,1,0.9765
VEN0086,2024-01-08,Preferred Service Vendor 086,Preferred,8,3541,6.55,0,1.0
VEN0086,2024-01-15,Preferred Service Vendor 086,Preferred,8,3728,10.38,1,0.881
VEN0086,2024-01-22,Preferred Service Vendor 086,Preferred,8,4648,5.71,0,1.0
VEN0086,2024-01-29,Preferred Service Vendor 086,Preferred,8,4921,5.79,0,1.0
VEN0086,2024-02-05,Preferred Service Vendor 086,Preferred,8,2648,10.06,1,0.897
VEN0086,2024-02-12,Preferred Service Vendor 086,Preferred,8,4204,10.32,1,0.884
VEN0086,2024-02-19,Preferred Service Vendor 086,Preferred,8,3395,10.77,1,0.8615
VEN0086,2024-02-26,Preferred Service Vendor 086,Preferred,8,3752,7.6,0,1.0
VEN0086,2024-03-04,Preferred Service Vendor 086,Preferred,8,3296,8.08,1,0.996
VEN0086,2024-03-11,Preferred Service Vendor 086,Preferred,8,2671,11.19,1,0.8405
VEN0086,2024-03-18,Preferred Service Vendor 086,Preferred,8,2659,13.02,1,0.749
VEN0086,2024-03-25,Preferred Service Vendor 086,Preferred,8,3180,10.31,1,0.8845
VEN0086,2024-04-01,Preferred Service Vendor 086,Preferred,8,7377,5.92,0,1.0
VEN0086,2024-04-08,Preferred Service Vendor 086,Preferred,8,2842,7.24,0,1.0
VEN0086,2024-04-15,Preferred Service Vendor 086,Preferred,8,2931,9.19,1,0.9405
VEN0086,2024-04-22,Preferred Service Vendor 086,Preferred,8,6651,11.03,1,0.8485
VEN0086,2024-04-29,Preferred Service Vendor 086,Preferred,8,3425,10.24,1,0.888
VEN0086,2024-05-06,Preferred Service Vendor 086,Preferred,8,4087,13.12,1,0.744
VEN0086,2024-05-13,Preferred Service Vendor 086,Preferred,8,3564,5.79,0,1.0
VEN0086,2024-05-20,Preferred Service Vendor 086,Preferred,8,4601,5.06,0,1.0
VEN0086,2024-05-27,Preferred Service Vendor 086,Preferred,8,5602,9.6,1,0.92
VEN0086,2024-06-03,Preferred Service Vendor 086,Preferred,8,4566,8.01,1,0.9995
VEN0086,2024-06-10,Preferred Service Vendor 086,Preferred,8,1362,12.19,1,0.7905
VEN0086,2024-06-17,Preferred Service Vendor 086,Preferred,8,5231,9.93,1,0.9035
VEN0086,2024-06-24,Preferred Service Vendor 086,Preferred,8,5230,7.49,0,1.0
VEN0086,2024-07-01,Preferred Service Vendor 086,Preferred,8,4037,5.8,0,1.0
VEN0086,2024-07-08,Preferred Service Vendor 086,Preferred,8,3993,11.04,1,0.848
VEN0086,2024-07-15,Preferred Service Vendor 086,Preferred,8,2713,9.51,1,0.9245
VEN0086,2024-07-22,Preferred Service Vendor 086,Preferred,8,3591,11.53,1,0.8235
VEN0086,2024-07-29,Preferred Service Vendor 086,Preferred,8,4619,11.98,1,0.801
VEN0086,2024-08-05,Preferred Service Vendor 086,Preferred,8,4687,9.17,1,0.9415
VEN0086,2024-08-12,Preferred Service Vendor 086,Preferred,8,2911,10.6,1,0.87
VEN0086,2024-08-19,Preferred Service Vendor 086,Preferred,8,5218,9.4,1,0.93
VEN0086,2024-08-26,Preferred Service Vendor 086,Preferred,8,3559,9.09,1,0.9455
VEN0086,2024-09-02,Preferred Service Vendor 086,Preferred,8,5291,11.71,1,0.8145
VEN0086,2024-09-09,Preferred Service Vendor 086,Preferred,8,5963,8.88,1,0.956
VEN0086,2024-09-16,Preferred Service Vendor 086,Preferred,8,7381,7.51,0,1.0
VEN0086,2024-09-23,Preferred Service Vendor 086,Preferred,8,3748,6.92,0,1.0
VEN0086,2024-09-30,Preferred Service Vendor 086,Preferred,8,4958,8.49,1,0.9755
VEN0086,2024-10-07,Preferred Service Vendor 086,Preferred,8,2831,11.95,1,0.8025
VEN0086,2024-10-14,Preferred Service Vendor 086,Preferred,8,4081,6.08,0,1.0
VEN0086,2024-10-21,Preferred Service Vendor 086,Preferred,8,3079,8.89,1,0.9555
VEN0086,2024-10-28,Preferred Service Vendor 086,Preferred,8,4061,8.75,1,0.9625
VEN0086,2024-11-04,Preferred Service Vendor 086,Preferred,8,1559,7.87,0,1.0
VEN0086,2024-11-11,Preferred Service Vendor 086,Preferred,8,2516,7.4,0,1.0
VEN0086,2024-11-18,Preferred Service Vendor 086,Preferred,8,5187,8.39,1,0.9805
VEN0086,2024-11-25,Preferred Service Vendor 086,Preferred,8,4546,13.13,1,0.7435
VEN0086,2024-12-02,Preferred Service Vendor 086,Preferred,8,5399,4.82,0,1.0
VEN0086,2024-12-09,Preferred Service Vendor 086,Preferred,8,5622,5.5,0,1.0
VEN0086,2024-12-16,Preferred Service Vendor 086,Preferred,8,3970,12.14,1,0.793
VEN0086,2024-12-23,Preferred Service Vendor 086,Preferred,8,1862,5.3,0,1.0
VEN0086,2024-12-30,Preferred Service Vendor 086,Preferred,8,3538,11.96,1,0.802
VEN0087,2023-01-02,Preferred Service Vendor 087,Strategic,4,3073,2.44,0,1.0
VEN0087,2023-01-09,Preferred Service Vendor 087,Strategic,4,4841,2.69,0,1.0
VEN0087,2023-01-16,Preferred Service Vendor 087,Strategic,4,3847,4.94,1,0.953
VEN0087,2023-01-23,Preferred Service Vendor 087,Strategic,4,6385,6.91,1,0.8545
VEN0087,2023-01-30,Preferred Service Vendor 087,Strategic,4,3040,4.47,1,0.9765
VEN0087,2023-02-06,Preferred Service Vendor 087,Strategic,4,3394,5.4,1,0.93
VEN0087,2023-02-13,Preferred Service Vendor 087,Strategic,4,5709,5.45,1,0.9275
VEN0087,2023-02-20,Preferred Service Vendor 087,Strategic,4,2687,4.26,1,0.987
VEN0087,2023-02-27,Preferred Service Vendor 087,Strategic,4,3186,4.37,1,0.9815
VEN0087,2023-03-06,Preferred Service Vendor 087,Strategic,4,3410,4.53,1,0.9735
VEN0087,2023-03-13,Preferred Service Vendor 087,Strategic,4,5022,5.98,1,0.901
VEN0087,2023-03-20,Preferred Service Vendor 087,Strategic,4,3203,7.02,1,0.849
VEN0087,2023-03-27,Preferred Service Vendor 087,Strategic,4,6014,4.24,1,0.988
VEN0087,2023-04-03,Preferred Service Vendor 087,Strategic,4,3222,6.19,1,0.8905
VEN0087,2023-04-10,Preferred Service Vendor 087,Strategic,4,3464,5.31,1,0.9345
VEN0087,2023-04-17,Preferred Service Vendor 087,Strategic,4,4759,6.78,1,0.861
VEN0087,2023-04-24,Preferred Service Vendor 087,Strategic,4,2531,5.79,1,0.9105
VEN0087,2023-05-01,Preferred Service Vendor 087,Strategic,4,4966,7.41,1,0.8295
VEN0087,2023-05-08,Preferred Service Vendor 087,Strategic,4,2978,7.97,1,0.8015
VEN0087,2023-05-15,Preferred Service Vendor 087,Strategic,4,3781,4.74,1,0.963
VEN0087,2023-05-22,Preferred Service Vendor 087,Strategic,4,5566,3.05,0,1.0
VEN0087,2023-05-29,Preferred Service Vendor 087,Strategic,4,3223,4.18,1,0.991
VEN0087,2023-06-05,Preferred Service Vendor 087,Strategic,4,4878,4.6,1,0.97
VEN0087,2023-06-12,Preferred Service Vendor 087,Strategic,4,3429,4.64,1,0.968
VEN0087,2023-06-19,Preferred Service Vendor 087,Strategic,4,2970,4.26,1,0.987
VEN0087,2023-06-26,Preferred Service Vendor 087,Strategic,4,3547,2.81,0,1.0
VEN0087,2023-07-03,Preferred Service Vendor 087,Strategic,4,4820,3.18,0,1.0
VEN0087,2023-07-10,Preferred Service Vendor 087,Strategic,4,5109,2.84,0,1.0
VEN0087,2023-07-17,Preferred Service Vendor 087,Strategic,4,6130,2.62,0,1.0
VEN0087,2023-07-24,Preferred Service Vendor 087,Strategic,4,3717,6.03,1,0.8985
VEN0087,2023-07-31,Preferred Service Vendor 087,Strategic,4,6324,5.37,1,0.9315
VEN0087,2023-08-07,Preferred Service Vendor 087,Strategic,4,6004,6.49,1,0.8755
VEN0087,2023-08-14,Preferred Service Vendor 087,Strategic,4,5446,1.69,0,1.0
VEN0087,2023-08-21,Preferred Service Vendor 087,Strategic,4,4064,3.27,0,1.0
VEN0087,2023-08-28,Preferred Service Vendor 087,Strategic,4,7183,4.25,1,0.9875
VEN0087,2023-09-04,Preferred Service Vendor 087,Strategic,4,1416,3.95,0,1.0
VEN0087,2023-09-11,Preferred Service Vendor 087,Strategic,4,4192,4.7,1,0.965
VEN0087,2023-09-18,Preferred Service Vendor 087,Strategic,4,5276,3.63,0,1.0
VEN0087,2023-09-25,Preferred Service Vendor 087,Strategic,4,3063,5.79,1,0.9105
VEN0087,2023-10-02,Preferred Service Vendor 087,Strategic,4,4459,2.64,0,1.0
VEN0087,2023-10-09,Preferred Service Vendor 087,Strategic,4,5093,7.32,1,0.834
VEN0087,2023-10-16,Preferred Service Vendor 087,Strategic,4,2092,4.98,1,0.951
VEN0087,2023-10-23,Preferred Service Vendor 087,Strategic,4,3701,2.07,0,1.0
VEN0087,2023-10-30,Preferred Service Vendor 087,Strategic,4,4386,3.72,0,1.0
VEN0087,2023-11-06,Preferred Service Vendor 087,Strategic,4,4840,4.76,1,0.962
VEN0087,2023-11-13,Preferred Service Vendor 087,Strategic,4,4945,1.71,0,1.0
VEN0087,2023-11-20,Preferred Service Vendor 087,Strategic,4,5982,3.62,0,1.0
VEN0087,2023-11-27,Preferred Service Vendor 087,Strategic,4,7200,6.21,1,0.8895
VEN0087,2023-12-04,Preferred Service Vendor 087,Strategic,4,2978,5.67,1,0.9165
VEN0087,2023-12-11,Preferred Service Vendor 087,Strategic,4,3064,1.94,0,1.0
VEN0087,2023-12-18,Preferred Service Vendor 087,Strategic,4,4105,2.48,0,1.0
VEN0087,2023-12-25,Preferred Service Vendor 087,Strategic,4,4481,4.02,1,0.999
VEN0087,2024-01-01,Preferred Service Vendor 087,Strategic,4,2560,3.13,0,1.0
VEN0087,2024-01-08,Preferred Service Vendor 087,Strategic,4,4934,4.6,1,0.97
VEN0087,2024-01-15,Preferred Service Vendor 087,Strategic,4,2966,3.05,0,1.0
VEN0087,2024-01-22,Preferred Service Vendor 087,Strategic,4,3966,3.73,0,1.0
VEN0087,2024-01-29,Preferred Service Vendor 087,Strategic,4,2857,3.44,0,1.0
VEN0087,2024-02-05,Preferred Service Vendor 087,Strategic,4,2959,3.53,0,1.0
VEN0087,2024-02-12,Preferred Service Vendor 087,Strategic,4,5092,3.78,0,1.0
VEN0087,2024-02-19,Preferred Service Vendor 087,Strategic,4,5601,3.53,0,1.0
VEN0087,2024-02-26,Preferred Service Vendor 087,Strategic,4,3434,3.81,0,1.0
VEN0087,2024-03-04,Preferred Service Vendor 087,Strategic,4,3515,7.01,1,0.8495
VEN0087,2024-03-11,Preferred Service Vendor 087,Strategic,4,4597,4.85,1,0.9575
VEN0087,2024-03-18,Preferred Service Vendor 087,Strategic,4,4242,0.53,0,1.0
VEN0087,2024-03-25,Preferred Service Vendor 087,Strategic,4,2301,5.55,1,0.9225
VEN0087,2024-04-01,Preferred Service Vendor 087,Strategic,4,4005,5.14,1,0.943
VEN0087,2024-04-08,Preferred Service Vendor 087,Strategic,4,2379,4.0,0,1.0
VEN0087,2024-04-15,Preferred Service Vendor 087,Strategic,4,4160,2.23,0,1.0
VEN0087,2024-04-22,Preferred Service Vendor 087,Strategic,4,3018,3.92,0,1.0
VEN0087,2024-04-29,Preferred Service Vendor 087,Strategic,4,3523,5.61,1,0.9195
VEN0087,2024-05-06,Preferred Service Vendor 087,Strategic,4,4110,6.14,1,0.893
VEN0087,2024-05-13,Preferred Service Vendor 087,Strategic,4,4061,6.39,1,0.8805
VEN0087,2024-05-20,Preferred Service Vendor 087,Strategic,4,3888,3.32,0,1.0
VEN0087,2024-05-27,Preferred Service Vendor 087,Strategic,4,4153,5.18,1,0.941
VEN0087,2024-06-03,Preferred Service Vendor 087,Strategic,4,2344,5.11,1,0.9445
VEN0087,2024-06-10,Preferred Service Vendor 087,Strategic,4,5351,4.41,1,0.9795
VEN0087,2024-06-17,Preferred Service Vendor 087,Strategic,4,2701,2.9,0,1.0
VEN0087,2024-06-24,Preferred Service Vendor 087,Strategic,4,5011,6.66,1,0.867
VEN0087,2024-07-01,Preferred Service Vendor 087,Strategic,4,6802,4.31,1,0.9845
VEN0087,2024-07-08,Preferred Service Vendor 087,Strategic,4,5448,4.57,1,0.9715
VEN0087,2024-07-15,Preferred Service Vendor 087,Strategic,4,4720,6.93,1,0.8535
VEN0087,2024-07-22,Preferred Service Vendor 087,Strategic,4,4107,6.19,1,0.8905
VEN0087,2024-07-29,Preferred Service Vendor 087,Strategic,4,5047,4.91,1,0.9545
VEN0087,2024-08-05,Preferred Service Vendor 087,Strategic,4,3580,3.04,0,1.0
VEN0087,2024-08-12,Preferred Service Vendor 087,Strategic,4,5841,3.55,0,1.0
VEN0087,2024-08-19,Preferred Service Vendor 087,Strategic,4,942,2.71,0,1.0
VEN0087,2024-08-26,Preferred Service Vendor 087,Strategic,4,5281,6.17,1,0.8915
VEN0087,2024-09-02,Preferred Service Vendor 087,Strategic,4,3643,2.84,0,1.0
VEN0087,2024-09-09,Preferred Service Vendor 087,Strategic,4,4852,2.23,0,1.0
VEN0087,2024-09-16,Preferred Service Vendor 087,Strategic,4,6509,2.45,0,1.0
VEN0087,2024-09-23,Preferred Service Vendor 087,Strategic,4,2326,4.18,1,0.991
VEN0087,2024-09-30,Preferred Service Vendor 087,Strategic,4,4240,1.75,0,1.0
VEN0087,2024-10-07,Preferred Service Vendor 087,Strategic,4,6137,4.16,1,0.992
VEN0087,2024-10-14,Preferred Service Vendor 087,Strategic,4,4663,5.2,1,0.94
VEN0087,2024-10-21,Preferred Service Vendor 087,Strategic,4,2878,3.32,0,1.0
VEN0087,2024-10-28,Preferred Service Vendor 087,Strategic,4,3743,6.71,1,0.8645
VEN0087,2024-11-04,Preferred Service Vendor 087,Strategic,4,5817,3.01,0,1.0
VEN0087,2024-11-11,Preferred Service Vendor 087,Strategic,4,3613,6.05,1,0.8975
VEN0087,2024-11-18,Preferred Service Vendor 087,Strategic,4,3103,5.15,1,0.9425
VEN0087,2024-11-25,Preferred Service Vendor 087,Strategic,4,5229,2.54,0,1.0
VEN0087,2024-12-02,Preferred Service Vendor 087,Strategic,4,5053,6.02,1,0.899
VEN0087,2024-12-09,Preferred Service Vendor 087,Strategic,4,3557,4.51,1,0.9745
VEN0087,2024-12-16,Preferred Service Vendor 087,Strategic,4,3769,4.62,1,0.969
VEN0087,2024-12-23,Preferred Service Vendor 087,Strategic,4,1769,4.82,1,0.959
VEN0087,2024-12-30,Preferred Service Vendor 087,Strategic,4,5906,2.93,0,1.0
VEN0088,2023-01-02,Preferred Service Vendor 088,Preferred,12,6247,11.22,0,1.0
VEN0088,2023-01-09,Preferred Service Vendor 088,Preferred,12,2902,9.95,0,1.0
VEN0088,2023-01-16,Preferred Service Vendor 088,Preferred,12,2915,10.65,0,1.0
VEN0088,2023-01-23,Preferred Service Vendor 088,Preferred,12,5908,16.38,1,0.781
VEN0088,2023-01-30,Preferred Service Vendor 088,Preferred,12,2715,14.92,1,0.854
VEN0088,2023-02-06,Preferred Service Vendor 088,Preferred,12,1970,12.9,1,0.955
VEN0088,2023-02-13,Preferred Service Vendor 088,Preferred,12,3600,20.38,1,0.581
VEN0088,2023-02-20,Preferred Service Vendor 088,Preferred,12,4626,9.54,0,1.0
VEN0088,2023-02-27,Preferred Service Vendor 088,Preferred,12,4122,9.09,0,1.0
VEN0088,2023-03-06,Preferred Service Vendor 088,Preferred,12,2544,18.93,1,0.6535
VEN0088,2023-03-13,Preferred Service Vendor 088,Preferred,12,3640,16.96,1,0.752
VEN0088,2023-03-20,Preferred Service Vendor 088,Preferred,12,2717,15.89,1,0.8055
VEN0088,2023-03-27,Preferred Service Vendor 088,Preferred,12,4883,16.68,1,0.766
VEN0088,2023-04-03,Preferred Service Vendor 088,Preferred,12,4853,13.71,1,0.9145
VEN0088,2023-04-10,Preferred Service Vendor 088,Preferred,12,5286,11.63,0,1.0
VEN0088,2023-04-17,Preferred Service Vendor 088,Preferred,12,3464,14.62,1,0.869
VEN0088,2023-04-24,Preferred Service Vendor 088,Preferred,12,2298,12.56,1,0.972
VEN0088,2023-05-01,Preferred Service Vendor 088,Preferred,12,5323,14.46,1,0.877
VEN0088,2023-05-08,Preferred Service Vendor 088,Preferred,12,5219,7.45,0,1.0
VEN0088,2023-05-15,Preferred Service Vendor 088,Preferred,12,5289,16.71,1,0.7645
VEN0088,2023-05-22,Preferred Service Vendor 088,Preferred,12,3645,6.31,0,1.0
VEN0088,2023-05-29,Preferred Service Vendor 088,Preferred,12,3691,8.5,0,1.0
VEN0088,2023-06-05,Preferred Service Vendor 088,Preferred,12,4444,17.67,1,0.7165
VEN0088,2023-06-12,Preferred Service Vendor 088,Preferred,12,4780,11.92,0,1.0
VEN0088,2023-06-19,Preferred Service Vendor 088,Preferred,12,4416,11.21,0,1.0
VEN0088,2023-06-26,Preferred Service Vendor 088,Preferred,12,3544,8.17,0,1.0
VEN0088,2023-07-03,Preferred Service Vendor 088,Preferred,12,4096,16.12,1,0.794
VEN0088,2023-07-10,Preferred Service Vendor 088,Preferred,12,5778,16.68,1,0.766
VEN0088,2023-07-17,Preferred Service Vendor 088,Preferred,12,2608,17.7,1,0.715
VEN0088,2023-07-24,Preferred Service Vendor 088,Preferred,12,6137,19.68,1,0.616
VEN0088,2023-07-31,Preferred Service Vendor 088,Preferred,12,3218,15.07,1,0.8465
VEN0088,2023-08-07,Preferred Service Vendor 088,Preferred,12,6804,10.55,0,1.0
VEN0088,2023-08-14,Preferred Service Vendor 088,Preferred,12,3914,16.8,1,0.76
VEN0088,2023-08-21,Preferred Service Vendor 088,Preferred,12,5542,9.56,0,1.0
VEN0088,2023-08-28,Preferred Service Vendor 088,Preferred,12,4720,10.96,0,1.0
VEN0088,2023-09-04,Preferred Service Vendor 088,Preferred,12,3571,17.4,1,0.73
VEN0088,2023-09-11,Preferred Service Vendor 088,Preferred,12,4369,14.08,1,0.896
VEN0088,2023-09-18,Preferred Service Vendor 088,Preferred,12,5005,14.86,1,0.857
VEN0088,2023-09-25,Preferred Service Vendor 088,Preferred,12,4214,18.06,1,0.697
VEN0088,2023-10-02,Preferred Service Vendor 088,Preferred,12,5719,14.17,1,0.8915
VEN0088,2023-10-09,Preferred Service Vendor 088,Preferred,12,3316,6.5,0,1.0
VEN0088,2023-10-16,Preferred Service Vendor 088,Preferred,12,3067,10.13,0,1.0
VEN0088,2023-10-23,Preferred Service Vendor 088,Preferred,12,5205,14.06,1,0.897
VEN0088,2023-10-30,Preferred Service Vendor 088,Preferred,12,5219,13.41,1,0.9295
VEN0088,2023-11-06,Preferred Service Vendor 088,Preferred,12,5850,10.75,0,1.0
VEN0088,2023-11-13,Preferred Service Vendor 088,Preferred,12,4905,9.79,0,1.0
VEN0088,2023-11-20,Preferred Service Vendor 088,Preferred,12,3012,12.8,1,0.96
VEN0088,2023-11-27,Preferred Service Vendor 088,Preferred,12,3948,13.72,1,0.914
VEN0088,2023-12-04,Preferred Service Vendor 088,Preferred,12,5082,17.72,1,0.714
VEN0088,2023-12-11,Preferred Service Vendor 088,Preferred,12,4873,17.12,1,0.744
VEN0088,2023-12-18,Preferred Service Vendor 088,Preferred,12,2180,14.4,1,0.88
VEN0088,2023-12-25,Preferred Service Vendor 088,Preferred,12,3247,15.74,1,0.813
VEN0088,2024-01-01,Preferred Service Vendor 088,Preferred,12,4626,17.31,1,0.7345
VEN0088,2024-01-08,Preferred Service Vendor 088,Preferred,12,5654,17.0,1,0.75
VEN0088,2024-01-15,Preferred Service Vendor 088,Preferred,12,4962,12.89,1,0.9555
VEN0088,2024-01-22,Preferred Service Vendor 088,Preferred,12,3568,13.14,1,0.943
VEN0088,2024-01-29,Preferred Service Vendor 088,Preferred,12,6168,13.11,1,0.9445
VEN0088,2024-02-05,Preferred Service Vendor 088,Preferred,12,5080,8.5,0,1.0
VEN0088,2024-02-12,Preferred Service Vendor 088,Preferred,12,2237,17.34,1,0.733
VEN0088,2024-02-19,Preferred Service Vendor 088,Preferred,12,4164,14.35,1,0.8825
VEN0088,2024-02-26,Preferred Service Vendor 088,Preferred,12,4401,17.92,1,0.704
VEN0088,2024-03-04,Preferred Service Vendor 088,Preferred,12,5607,12.43,1,0.9785
VEN0088,2024-03-11,Preferred Service Vendor 088,Preferred,12,3665,9.22,0,1.0
VEN0088,2024-03-18,Preferred Service Vendor 088,Preferred,12,4485,16.21,1,0.7895
VEN0088,2024-03-25,Preferred Service Vendor 088,Preferred,12,4455,15.61,1,0.8195
VEN0088,2024-04-01,Preferred Service Vendor 088,Preferred,12,5032,15.47,1,0.8265
VEN0088,2024-04-08,Preferred Service Vendor 088,Preferred,12,5012,12.32,1,0.984
VEN0088,2024-04-15,Preferred Service Vendor 088,Preferred,12,3256,9.13,0,1.0
VEN0088,2024-04-22,Preferred Service Vendor 088,Preferred,12,3638,16.6,1,0.77
VEN0088,2024-04-29,Preferred Service Vendor 088,Preferred,12,4991,8.99,0,1.0
VEN0088,2024-05-06,Preferred Service Vendor 088,Preferred,12,4031,11.97,0,1.0
VEN0088,2024-05-13,Preferred Service Vendor 088,Preferred,12,3577,15.17,1,0.8415
VEN0088,2024-05-20,Preferred Service Vendor 088,Preferred,12,7091,11.35,0,1.0
VEN0088,2024-05-27,Preferred Service Vendor 088,Preferred,12,3901,11.98,0,1.0
VEN0088,2024-06-03,Preferred Service Vendor 088,Preferred,12,4527,16.43,1,0.7785
VEN0088,2024-06-10,Preferred Service Vendor 088,Preferred,12,3214,16.61,1,0.7695
VEN0088,2024-06-17,Preferred Service Vendor 088,Preferred,12,3805,17.4,1,0.73
VEN0088,2024-06-24,Preferred Service Vendor 088,Preferred,12,3676,14.34,1,0.883
VEN0088,2024-07-01,Preferred Service Vendor 088,Preferred,12,4705,11.29,0,1.0
VEN0088,2024-07-08,Preferred Service Vendor 088,Preferred,12,4014,16.22,1,0.789
VEN0088,2024-07-15,Preferred Service Vendor 088,Preferred,12,5075,17.96,1,0.702
VEN0088,2024-07-22,Preferred Service Vendor 088,Preferred,12,5031,13.84,1,0.908
VEN0088,2024-07-29,Preferred Service Vendor 088,Preferred,12,6390,13.61,1,0.9195
VEN0088,2024-08-05,Preferred Service Vendor 088,Preferred,12,4262,12.29,1,0.9855
VEN0088,2024-08-12,Preferred Service Vendor 088,Preferred,12,4315,11.93,0,1.0
VEN0088,2024-08-19,Preferred Service Vendor 088,Preferred,12,3455,18.21,1,0.6895
VEN0088,2024-08-26,Preferred Service Vendor 088,Preferred,12,3776,14.4,1,0.88
VEN0088,2024-09-02,Preferred Service Vendor 088,Preferred,12,4058,19.91,1,0.6045
VEN0088,2024-09-09,Preferred Service Vendor 088,Preferred,12,4704,14.75,1,0.8625
VEN0088,2024-09-16,Preferred Service Vendor 088,Preferred,12,3559,10.28,0,1.0
VEN0088,2024-09-23,Preferred Service Vendor 088,Preferred,12,4156,16.05,1,0.7975
VEN0088,2024-09-30,Preferred Service Vendor 088,Preferred,12,4229,17.92,1,0.704
VEN0088,2024-10-07,Preferred Service Vendor 088,Preferred,12,6707,17.6,1,0.72
VEN0088,2024-10-14,Preferred Service Vendor 088,Preferred,12,4337,9.0,0,1.0
VEN0088,2024-10-21,Preferred Service Vendor 088,Preferred,12,1722,10.64,0,1.0
VEN0088,2024-10-28,Preferred Service Vendor 088,Preferred,12,5176,15.19,1,0.8405
VEN0088,2024-11-04,Preferred Service Vendor 088,Preferred,12,5866,15.21,1,0.8395
VEN0088,2024-11-11,Preferred Service Vendor 088,Preferred,12,3654,11.42,0,1.0
VEN0088,2024-11-18,Preferred Service Vendor 088,Preferred,12,2878,12.06,1,0.997
VEN0088,2024-11-25,Preferred Service Vendor 088,Preferred,12,4339,7.08,0,1.0
VEN0088,2024-12-02,Preferred Service Vendor 088,Preferred,12,2582,9.39,0,1.0
VEN0088,2024-12-09,Preferred Service Vendor 088,Preferred,12,2788,8.76,0,1.0
VEN0088,2024-12-16,Preferred Service Vendor 088,Preferred,12,4126,12.14,1,0.993
VEN0088,2024-12-23,Preferred Service Vendor 088,Preferred,12,3987,7.74,0,1.0
VEN0088,2024-12-30,Preferred Service Vendor 088,Preferred,12,4067,14.29,1,0.8855
VEN0089,2023-01-02,Preferred Service Vendor 089,Preferred,2,2888,4.03,1,0.8985
VEN0089,2023-01-09,Preferred Service Vendor 089,Preferred,2,4250,1.41,0,1.0
VEN0089,2023-01-16,Preferred Service Vendor 089,Preferred,2,1587,2.7,1,0.965
VEN0089,2023-01-23,Preferred Service Vendor 089,Preferred,2,4774,0.5,0,1.0
VEN0089,2023-01-30,Preferred Service Vendor 089,Preferred,2,4139,2.51,1,0.9745
VEN0089,2023-02-06,Preferred Service Vendor 089,Preferred,2,3882,3.64,1,0.918
VEN0089,2023-02-13,Preferred Service Vendor 089,Preferred,2,3555,0.69,0,1.0
VEN0089,2023-02-20,Preferred Service Vendor 089,Preferred,2,4761,2.63,1,0.9685
VEN0089,2023-02-27,Preferred Service Vendor 089,Preferred,2,3680,2.0,0,1.0
VEN0089,2023-03-06,Preferred Service Vendor 089,Preferred,2,6775,1.94,0,1.0
VEN0089,2023-03-13,Preferred Service Vendor 089,Preferred,2,3576,0.61,0,1.0
VEN0089,2023-03-20,Preferred Service Vendor 089,Preferred,2,5490,0.5,0,1.0
VEN0089,2023-03-27,Preferred Service Vendor 089,Preferred,2,4854,1.6,0,1.0
VEN0089,2023-04-03,Preferred Service Vendor 089,Preferred,2,4210,1.59,0,1.0
VEN0089,2023-04-10,Preferred Service Vendor 089,Preferred,2,2601,3.45,1,0.9275
VEN0089,2023-04-17,Preferred Service Vendor 089,Preferred,2,5291,2.81,1,0.9595
VEN0089,2023-04-24,Preferred Service Vendor 089,Preferred,2,6395,2.49,1,0.9755
VEN0089,2023-05-01,Preferred Service Vendor 089,Preferred,2,3732,1.33,0,1.0
VEN0089,2023-05-08,Preferred Service Vendor 089,Preferred,2,3978,1.05,0,1.0
VEN0089,2023-05-15,Preferred Service Vendor 089,Preferred,2,4224,1.92,0,1.0
VEN0089,2023-05-22,Preferred Service Vendor 089,Preferred,2,6343,1.34,0,1.0
VEN0089,2023-05-29,Preferred Service Vendor 089,Preferred,2,3426,0.93,0,1.0
VEN0089,2023-06-05,Preferred Service Vendor 089,Preferred,2,6243,2.75,1,0.9625
VEN0089,2023-06-12,Preferred Service Vendor 089,Preferred,2,4182,1.76,0,1.0
VEN0089,2023-06-19,Preferred Service Vendor 089,Preferred,2,4920,1.12,0,1.0
VEN0089,2023-06-26,Preferred Service Vendor 089,Preferred,2,3333,1.81,0,1.0
VEN0089,2023-07-03,Preferred Service Vendor 089,Preferred,2,4993,0.69,0,1.0
VEN0089,2023-07-10,Preferred Service Vendor 089,Preferred,2,4747,0.55,0,1.0
VEN0089,2023-07-17,Preferred Service Vendor 089,Preferred,2,4276,2.16,1,0.992
VEN0089,2023-07-24,Preferred Service Vendor 089,Preferred,2,4104,3.19,1,0.9405
VEN0089,2023-07-31,Preferred Service Vendor 089,Preferred,2,4673,3.77,1,0.9115
VEN0089,2023-08-07,Preferred Service Vendor 089,Preferred,2,6726,4.2,1,0.89
VEN0089,2023-08-14,Preferred Service Vendor 089,Preferred,2,3207,1.51,0,1.0
VEN0089,2023-08-21,Preferred Service Vendor 089,Preferred,2,3993,3.16,1,0.942
VEN0089,2023-08-28,Preferred Service Vendor 089,Preferred,2,3415,1.47,0,1.0
VEN0089,2023-09-04,Preferred Service Vendor 089,Preferred,2,6439,1.42,0,1.0
VEN0089,2023-09-11,Preferred Service Vendor 089,Preferred,2,3561,2.04,1,0.998
VEN0089,2023-09-18,Preferred Service Vendor 089,Preferred,2,4244,0.98,0,1.0
VEN0089,2023-09-25,Preferred Service Vendor 089,Preferred,2,3406,2.01,1,0.9995
VEN0089,2023-10-02,Preferred Service Vendor 089,Preferred,2,3741,2.78,1,0.961
VEN0089,2023-10-09,Preferred Service Vendor 089,Preferred,2,4252,2.33,1,0.9835
VEN0089,2023-10-16,Preferred Service Vendor 089,Preferred,2,5653,1.92,0,1.0
VEN0089,2023-10-23,Preferred Service Vendor 089,Preferred,2,6120,1.85,0,1.0
VEN0089,2023-10-30,Preferred Service Vendor 089,Preferred,2,4452,2.05,1,0.9975
VEN0089,2023-11-06,Preferred Service Vendor 089,Preferred,2,3638,2.17,1,0.9915
VEN0089,2023-11-13,Preferred Service Vendor 089,Preferred,2,5370,2.37,1,0.9815
VEN0089,2023-11-20,Preferred Service Vendor 089,Preferred,2,4053,3.08,1,0.946
VEN0089,2023-11-27,Preferred Service Vendor 089,Preferred,2,4401,1.23,0,1.0
VEN0089,2023-12-04,Preferred Service Vendor 089,Preferred,2,5312,2.58,1,0.971
VEN0089,2023-12-11,Preferred Service Vendor 089,Preferred,2,3864,2.65,1,0.9675
VEN0089,2023-12-18,Preferred Service Vendor 089,Preferred,2,5689,1.81,0,1.0
VEN0089,2023-12-25,Preferred Service Vendor 089,Preferred,2,5198,0.65,0,1.0
VEN0089,2024-01-01,Preferred Service Vendor 089,Preferred,2,2852,1.16,0,1.0
VEN0089,2024-01-08,Preferred Service Vendor 089,Preferred,2,4897,2.74,1,0.963
VEN0089,2024-01-15,Preferred Service Vendor 089,Preferred,2,2153,2.1,1,0.995
VEN0089,2024-01-22,Preferred Service Vendor 089,Preferred,2,3090,2.16,1,0.992
VEN0089,2024-01-29,Preferred Service Vendor 089,Preferred,2,4746,1.82,0,1.0
VEN0089,2024-02-05,Preferred Service Vendor 089,Preferred,2,1874,2.41,1,0.9795
VEN0089,2024-02-12,Preferred Service Vendor 089,Preferred,2,3945,2.8,1,0.96
VEN0089,2024-02-19,Preferred Service Vendor 089,Preferred,2,3433,2.76,1,0.962
VEN0089,2024-02-26,Preferred Service Vendor 089,Preferred,2,4513,2.32,1,0.984
VEN0089,2024-03-04,Preferred Service Vendor 089,Preferred,2,4155,1.53,0,1.0
VEN0089,2024-03-11,Preferred Service Vendor 089,Preferred,2,4392,0.73,0,1.0
VEN0089,2024-03-18,Preferred Service Vendor 089,Preferred,2,2990,0.5,0,1.0
VEN0089,2024-03-25,Preferred Service Vendor 089,Preferred,2,4328,1.82,0,1.0
VEN0089,2024-04-01,Preferred Service Vendor 089,Preferred,2,5175,2.55,1,0.9725
VEN0089,2024-04-08,Preferred Service Vendor 089,Preferred,2,5228,2.41,1,0.9795
VEN0089,2024-04-15,Preferred Service Vendor 089,Preferred,2,5214,2.5,1,0.975
VEN0089,2024-04-22,Preferred Service Vendor 089,Preferred,2,4884,1.34,0,1.0
VEN0089,2024-04-29,Preferred Service Vendor 089,Preferred,2,4683,2.74,1,0.963
VEN0089,2024-05-06,Preferred Service Vendor 089,Preferred,2,4256,1.75,0,1.0
VEN0089,2024-05-13,Preferred Service Vendor 089,Preferred,2,3402,3.72,1,0.914
VEN0089,2024-05-20,Preferred Service Vendor 089,Preferred,2,4682,2.84,1,0.958
VEN0089,2024-05-27,Preferred Service Vendor 089,Preferred,2,2314,4.0,1,0.9
VEN0089,2024-06-03,Preferred Service Vendor 089,Preferred,2,2367,3.67,1,0.9165
VEN0089,2024-06-10,Preferred Service Vendor 089,Preferred,2,3486,1.25,0,1.0
VEN0089,2024-06-17,Preferred Service Vendor 089,Preferred,2,2271,1.04,0,1.0
VEN0089,2024-06-24,Preferred Service Vendor 089,Preferred,2,4884,3.27,1,0.9365
VEN0089,2024-07-01,Preferred Service Vendor 089,Preferred,2,6417,1.22,0,1.0
VEN0089,2024-07-08,Preferred Service Vendor 089,Preferred,2,5741,3.34,1,0.933
VEN0089,2024-07-15,Preferred Service Vendor 089,Preferred,2,4131,0.89,0,1.0
VEN0089,2024-07-22,Preferred Service Vendor 089,Preferred,2,3937,1.81,0,1.0
VEN0089,2024-07-29,Preferred Service Vendor 089,Preferred,2,4233,1.15,0,1.0
VEN0089,2024-08-05,Preferred Service Vendor 089,Preferred,2,5058,2.31,1,0.9845
VEN0089,2024-08-12,Preferred Service Vendor 089,Preferred,2,6818,2.67,1,0.9665
VEN0089,2024-08-19,Preferred Service Vendor 089,Preferred,2,5304,0.5,0,1.0
VEN0089,2024-08-26,Preferred Service Vendor 089,Preferred,2,4979,2.22,1,0.989
VEN0089,2024-09-02,Preferred Service Vendor 089,Preferred,2,2797,4.31,1,0.8845
VEN0089,2024-09-09,Preferred Service Vendor 089,Preferred,2,4384,2.41,1,0.9795
VEN0089,2024-09-16,Preferred Service Vendor 089,Preferred,2,3524,3.95,1,0.9025
VEN0089,2024-09-23,Preferred Service Vendor 089,Preferred,2,4253,0.5,0,1.0
VEN0089,2024-09-30,Preferred Service Vendor 089,Preferred,2,4824,2.28,1,0.986
VEN0089,2024-10-07,Preferred Service Vendor 089,Preferred,2,4670,2.84,1,0.958
VEN0089,2024-10-14,Preferred Service Vendor 089,Preferred,2,2977,2.08,1,0.996
VEN0089,2024-10-21,Preferred Service Vendor 089,Preferred,2,1753,3.57,1,0.9215
VEN0089,2024-10-28,Preferred Service Vendor 089,Preferred,2,3942,1.67,0,1.0
VEN0089,2024-11-04,Preferred Service Vendor 089,Preferred,2,3472,3.18,1,0.941
VEN0089,2024-11-11,Preferred Service Vendor 089,Preferred,2,2405,3.21,1,0.9395
VEN0089,2024-11-18,Preferred Service Vendor 089,Preferred,2,4563,2.47,1,0.9765
VEN0089,2024-11-25,Preferred Service Vendor 089,Preferred,2,4268,3.11,1,0.9445
VEN0089,2024-12-02,Preferred Service Vendor 089,Preferred,2,5078,2.23,1,0.9885
VEN0089,2024-12-09,Preferred Service Vendor 089,Preferred,2,7334,1.96,0,1.0
VEN0089,2024-12-16,Preferred Service Vendor 089,Preferred,2,5378,2.25,1,0.9875
VEN0089,2024-12-23,Preferred Service Vendor 089,Preferred,2,2196,2.95,1,0.9525
VEN0089,2024-12-30,Preferred Service Vendor 089,Preferred,2,5998,2.9,1,0.955
VEN0090,2023-01-02,Preferred Service Vendor 090,Preferred,8,5906,13.08,1,0.746
VEN0090,2023-01-09,Preferred Service Vendor 090,Preferred,8,2227,5.49,0,1.0
VEN0090,2023-01-16,Preferred Service Vendor 090,Preferred,8,5175,4.0,0,1.0
VEN0090,2023-01-23,Preferred Service Vendor 090,Preferred,8,5235,10.8,1,0.86
VEN0090,2023-01-30,Preferred Service Vendor 090,Preferred,8,2779,8.42,1,0.979
VEN0090,2023-02-06,Preferred Service Vendor 090,Preferred,8,4580,10.62,1,0.869
VEN0090,2023-02-13,Preferred Service Vendor 090,Preferred,8,2881,5.72,0,1.0
VEN0090,2023-02-20,Preferred Service Vendor 090,Preferred,8,4225,11.63,1,0.8185
VEN0090,2023-02-27,Preferred Service Vendor 090,Preferred,8,1910,9.85,1,0.9075
VEN0090,2023-03-06,Preferred Service Vendor 090,Preferred,8,4795,8.66,1,0.967
VEN0090,2023-03-13,Preferred Service Vendor 090,Preferred,8,4347,6.06,0,1.0
VEN0090,2023-03-20,Preferred Service Vendor 090,Preferred,8,3741,4.83,0,1.0
VEN0090,2023-03-27,Preferred Service Vendor 090,Preferred,8,2037,10.62,1,0.869
VEN0090,2023-04-03,Preferred Service Vendor 090,Preferred,8,2507,10.97,1,0.8515
VEN0090,2023-04-10,Preferred Service Vendor 090,Preferred,8,5191,9.48,1,0.926
VEN0090,2023-04-17,Preferred Service Vendor 090,Preferred,8,3086,6.24,0,1.0
VEN0090,2023-04-24,Preferred Service Vendor 090,Preferred,8,4627,6.58,0,1.0
VEN0090,2023-05-01,Preferred Service Vendor 090,Preferred,8,6509,6.86,0,1.0
VEN0090,2023-05-08,Preferred Service Vendor 090,Preferred,8,3755,6.12,0,1.0
VEN0090,2023-05-15,Preferred Service Vendor 090,Preferred,8,4383,9.34,1,0.933
VEN0090,2023-05-22,Preferred Service Vendor 090,Preferred,8,3861,9.66,1,0.917
VEN0090,2023-05-29,Preferred Service Vendor 090,Preferred,8,5887,9.16,1,0.942
VEN0090,2023-06-05,Preferred Service Vendor 090,Preferred,8,5657,8.4,1,0.98
VEN0090,2023-06-12,Preferred Service Vendor 090,Preferred,8,4069,9.2,1,0.94
VEN0090,2023-06-19,Preferred Service Vendor 090,Preferred,8,3940,8.19,1,0.9905
VEN0090,2023-06-26,Preferred Service Vendor 090,Preferred,8,3965,9.22,1,0.939
VEN0090,2023-07-03,Preferred Service Vendor 090,Preferred,8,3052,4.8,0,1.0
VEN0090,2023-07-10,Preferred Service Vendor 090,Preferred,8,4649,8.49,1,0.9755
VEN0090,2023-07-17,Preferred Service Vendor 090,Preferred,8,5396,9.38,1,0.931
VEN0090,2023-07-24,Preferred Service Vendor 090,Preferred,8,3911,10.17,1,0.8915
VEN0090,2023-07-31,Preferred Service Vendor 090,Preferred,8,3341,8.37,1,0.9815
VEN0090,2023-08-07,Preferred Service Vendor 090,Preferred,8,2773,9.47,1,0.9265
VEN0090,2023-08-14,Preferred Service Vendor 090,Preferred,8,5621,10.23,1,0.8885
VEN0090,2023-08-21,Preferred Service Vendor 090,Preferred,8,6124,11.69,1,0.8155
VEN0090,2023-08-28,Preferred Service Vendor 090,Preferred,8,6798,7.66,0,1.0
VEN0090,2023-09-04,Preferred Service Vendor 090,Preferred,8,3630,10.83,1,0.8585
VEN0090,2023-09-11,Preferred Service Vendor 090,Preferred,8,4042,10.61,1,0.8695
VEN0090,2023-09-18,Preferred Service Vendor 090,Preferred,8,4077,11.64,1,0.818
VEN0090,2023-09-25,Preferred Service Vendor 090,Preferred,8,3980,6.18,0,1.0
VEN0090,2023-10-02,Preferred Service Vendor 090,Preferred,8,5076,10.74,1,0.863
VEN0090,2023-10-09,Preferred Service Vendor 090,Preferred,8,4070,8.19,1,0.9905
VEN0090,2023-10-16,Preferred Service Vendor 090,Preferred,8,4080,9.15,1,0.9425
VEN0090,2023-10-23,Preferred Service Vendor 090,Preferred,8,5930,11.55,1,0.8225
VEN0090,2023-10-30,Preferred Service Vendor 090,Preferred,8,4702,7.21,0,1.0
VEN0090,2023-11-06,Preferred Service Vendor 090,Preferred,8,4827,11.67,1,0.8165
VEN0090,2023-11-13,Preferred Service Vendor 090,Preferred,8,5538,10.74,1,0.863
VEN0090,2023-11-20,Preferred Service Vendor 090,Preferred,8,5596,8.77,1,0.9615
VEN0090,2023-11-27,Preferred Service Vendor 090,Preferred,8,3697,5.23,0,1.0
VEN0090,2023-12-04,Preferred Service Vendor 090,Preferred,8,4977,7.72,0,1.0
VEN0090,2023-12-11,Preferred Service Vendor 090,Preferred,8,3965,3.68,0,1.0
VEN0090,2023-12-18,Preferred Service Vendor 090,Preferred,8,4952,9.93,1,0.9035
VEN0090,2023-12-25,Preferred Service Vendor 090,Preferred,8,2554,6.4,0,1.0
VEN0090,2024-01-01,Preferred Service Vendor 090,Preferred,8,4321,11.12,1,0.844
VEN0090,2024-01-08,Preferred Service Vendor 090,Preferred,8,3662,6.3,0,1.0
VEN0090,2024-01-15,Preferred Service Vendor 090,Preferred,8,4017,8.78,1,0.961
VEN0090,2024-01-22,Preferred Service Vendor 090,Preferred,8,5082,9.06,1,0.947
VEN0090,2024-01-29,Preferred Service Vendor 090,Preferred,8,3670,11.43,1,0.8285
VEN0090,2024-02-05,Preferred Service Vendor 090,Preferred,8,5534,7.17,0,1.0
VEN0090,2024-02-12,Preferred Service Vendor 090,Preferred,8,4151,10.12,1,0.894
VEN0090,2024-02-19,Preferred Service Vendor 090,Preferred,8,3795,7.72,0,1.0
VEN0090,2024-02-26,Preferred Service Vendor 090,Preferred,8,3540,12.3,1,0.785
VEN0090,2024-03-04,Preferred Service Vendor 090,Preferred,8,4361,4.43,0,1.0
VEN0090,2024-03-11,Preferred Service Vendor 090,Preferred,8,3574,10.72,1,0.864
VEN0090,2024-03-18,Preferred Service Vendor 090,Preferred,8,4658,9.47,1,0.9265
VEN0090,2024-03-25,Preferred Service Vendor 090,Preferred,8,5469,2.81,0,1.0
VEN0090,2024-04-01,Preferred Service Vendor 090,Preferred,8,4262,10.26,1,0.887
VEN0090,2024-04-08,Preferred Service Vendor 090,Preferred,8,3919,7.63,0,1.0
VEN0090,2024-04-15,Preferred Service Vendor 090,Preferred,8,5644,7.41,0,1.0
VEN0090,2024-04-22,Preferred Service Vendor 090,Preferred,8,4362,11.93,1,0.8035
VEN0090,2024-04-29,Preferred Service Vendor 090,Preferred,8,3663,8.08,1,0.996
VEN0090,2024-05-06,Preferred Service Vendor 090,Preferred,8,4597,6.14,0,1.0
VEN0090,2024-05-13,Preferred Service Vendor 090,Preferred,8,3663,7.33,0,1.0
VEN0090,2024-05-20,Preferred Service Vendor 090,Preferred,8,1163,12.46,1,0.777
VEN0090,2024-05-27,Preferred Service Vendor 090,Preferred,8,4228,12.98,1,0.751
VEN0090,2024-06-03,Preferred Service Vendor 090,Preferred,8,3708,5.86,0,1.0
VEN0090,2024-06-10,Preferred Service Vendor 090,Preferred,8,3881,12.24,1,0.788
VEN0090,2024-06-17,Preferred Service Vendor 090,Preferred,8,1726,5.95,0,1.0
VEN0090,2024-06-24,Preferred Service Vendor 090,Preferred,8,4094,11.28,1,0.836
VEN0090,2024-07-01,Preferred Service Vendor 090,Preferred,8,3434,8.66,1,0.967
VEN0090,2024-07-08,Preferred Service Vendor 090,Preferred,8,4773,6.55,0,1.0
VEN0090,2024-07-15,Preferred Service Vendor 090,Preferred,8,3400,9.45,1,0.9275
VEN0090,2024-07-22,Preferred Service Vendor 090,Preferred,8,5827,9.76,1,0.912
VEN0090,2024-07-29,Preferred Service Vendor 090,Preferred,8,4493,11.08,1,0.846
VEN0090,2024-08-05,Preferred Service Vendor 090,Preferred,8,4179,10.14,1,0.893
VEN0090,2024-08-12,Preferred Service Vendor 090,Preferred,8,5292,7.06,0,1.0
VEN0090,2024-08-19,Preferred Service Vendor 090,Preferred,8,6122,9.39,1,0.9305
VEN0090,2024-08-26,Preferred Service Vendor 090,Preferred,8,4334,11.97,1,0.8015
VEN0090,2024-09-02,Preferred Service Vendor 090,Preferred,8,4117,9.45,1,0.9275
VEN0090,2024-09-09,Preferred Service Vendor 090,Preferred,8,5571,8.55,1,0.9725
VEN0090,2024-09-16,Preferred Service Vendor 090,Preferred,8,4926,8.11,1,0.9945
VEN0090,2024-09-23,Preferred Service Vendor 090,Preferred,8,2752,12.28,1,0.786
VEN0090,2024-09-30,Preferred Service Vendor 090,Preferred,8,4661,12.95,1,0.7525
VEN0090,2024-10-07,Preferred Service Vendor 090,Preferred,8,6065,8.58,1,0.971
VEN0090,2024-10-14,Preferred Service Vendor 090,Preferred,8,3957,6.96,0,1.0
VEN0090,2024-10-21,Preferred Service Vendor 090,Preferred,8,2783,10.07,1,0.8965
VEN0090,2024-10-28,Preferred Service Vendor 090,Preferred,8,2678,6.2,0,1.0
VEN0090,2024-11-04,Preferred Service Vendor 090,Preferred,8,4202,8.0,0,1.0
VEN0090,2024-11-11,Preferred Service Vendor 090,Preferred,8,5577,12.37,1,0.7815
VEN0090,2024-11-18,Preferred Service Vendor 090,Preferred,8,4187,8.6,1,0.97
VEN0090,2024-11-25,Preferred Service Vendor 090,Preferred,8,1934,13.33,1,0.7335
VEN0090,2024-12-02,Preferred Service Vendor 090,Preferred,8,4055,10.76,1,0.862
VEN0090,2024-12-09,Preferred Service Vendor 090,Preferred,8,5493,8.09,1,0.9955
VEN0090,2024-12-16,Preferred Service Vendor 090,Preferred,8,2543,12.03,1,0.7985
VEN0090,2024-12-23,Preferred Service Vendor 090,Preferred,8,3805,8.53,1,0.9735
VEN0090,2024-12-30,Preferred Service Vendor 090,Preferred,8,2540,6.77,0,1.0
VEN0091,2023-01-02,Preferred Service Vendor 091,Strategic,4,5484,4.87,1,0.9565
VEN0091,2023-01-09,Preferred Service Vendor 091,Strategic,4,4103,3.73,0,1.0
VEN0091,2023-01-16,Preferred Service Vendor 091,Strategic,4,3007,5.88,1,0.906
VEN0091,2023-01-23,Preferred Service Vendor 091,Strategic,4,4964,3.08,0,1.0
VEN0091,2023-01-30,Preferred Service Vendor 091,Strategic,4,4132,3.38,0,1.0
VEN0091,2023-02-06,Preferred Service Vendor 091,Strategic,4,5112,3.19,0,1.0
VEN0091,2023-02-13,Preferred Service Vendor 091,Strategic,4,3177,2.93,0,1.0
VEN0091,2023-02-20,Preferred Service Vendor 091,Strategic,4,3086,5.8,1,0.91
VEN0091,2023-02-27,Preferred Service Vendor 091,Strategic,4,5168,3.1,0,1.0
VEN0091,2023-03-06,Preferred Service Vendor 091,Strategic,4,4915,2.34,0,1.0
VEN0091,2023-03-13,Preferred Service Vendor 091,Strategic,4,2347,3.26,0,1.0
VEN0091,2023-03-20,Preferred Service Vendor 091,Strategic,4,3403,6.95,1,0.8525
VEN0091,2023-03-27,Preferred Service Vendor 091,Strategic,4,4107,3.24,0,1.0
VEN0091,2023-04-03,Preferred Service Vendor 091,Strategic,4,4422,1.14,0,1.0
VEN0091,2023-04-10,Preferred Service Vendor 091,Strategic,4,6610,6.65,1,0.8675
VEN0091,2023-04-17,Preferred Service Vendor 091,Strategic,4,3597,4.94,1,0.953
VEN0091,2023-04-24,Preferred Service Vendor 091,Strategic,4,3630,2.39,0,1.0
VEN0091,2023-05-01,Preferred Service Vendor 091,Strategic,4,4097,5.52,1,0.924
VEN0091,2023-05-08,Preferred Service Vendor 091,Strategic,4,3949,2.88,0,1.0
VEN0091,2023-05-15,Preferred Service Vendor 091,Strategic,4,4854,6.4,1,0.88
VEN0091,2023-05-22,Preferred Service Vendor 091,Strategic,4,3510,5.34,1,0.933
VEN0091,2023-05-29,Preferred Service Vendor 091,Strategic,4,4964,4.58,1,0.971
VEN0091,2023-06-05,Preferred Service Vendor 091,Strategic,4,3275,4.53,1,0.9735
VEN0091,2023-06-12,Preferred Service Vendor 091,Strategic,4,4986,3.59,0,1.0
VEN0091,2023-06-19,Preferred Service Vendor 091,Strategic,4,3430,6.2,1,0.89
VEN0091,2023-06-26,Preferred Service Vendor 091,Strategic,4,5206,4.52,1,0.974
VEN0091,2023-07-03,Preferred Service Vendor 091,Strategic,4,2443,6.87,1,0.8565
VEN0091,2023-07-10,Preferred Service Vendor 091,Strategic,4,4611,6.45,1,0.8775
VEN0091,2023-07-17,Preferred Service Vendor 091,Strategic,4,5261,3.4,0,1.0
VEN0091,2023-07-24,Preferred Service Vendor 091,Strategic,4,5479,5.5,1,0.925
VEN0091,2023-07-31,Preferred Service Vendor 091,Strategic,4,4528,4.94,1,0.953
VEN0091,2023-08-07,Preferred Service Vendor 091,Strategic,4,3684,5.65,1,0.9175
VEN0091,2023-08-14,Preferred Service Vendor 091,Strategic,4,3167,3.72,0,1.0
VEN0091,2023-08-21,Preferred Service Vendor 091,Strategic,4,5023,3.85,0,1.0
VEN0091,2023-08-28,Preferred Service Vendor 091,Strategic,4,4117,5.51,1,0.9245
VEN0091,2023-09-04,Preferred Service Vendor 091,Strategic,4,5193,1.9,0,1.0
VEN0091,2023-09-11,Preferred Service Vendor 091,Strategic,4,4736,4.64,1,0.968
VEN0091,2023-09-18,Preferred Service Vendor 091,Strategic,4,4481,4.99,1,0.9505
VEN0091,2023-09-25,Preferred Service Vendor 091,Strategic,4,3934,3.49,0,1.0
VEN0091,2023-10-02,Preferred Service Vendor 091,Strategic,4,3135,3.91,0,1.0
VEN0091,2023-10-09,Preferred Service Vendor 091,Strategic,4,4846,3.79,0,1.0
VEN0091,2023-10-16,Preferred Service Vendor 091,Strategic,4,3279,3.87,0,1.0
VEN0091,2023-10-23,Preferred Service Vendor 091,Strategic,4,3594,2.19,0,1.0
VEN0091,2023-10-30,Preferred Service Vendor 091,Strategic,4,3961,7.01,1,0.8495
VEN0091,2023-11-06,Preferred Service Vendor 091,Strategic,4,3644,6.93,1,0.8535
VEN0091,2023-11-13,Preferred Service Vendor 091,Strategic,4,6871,3.02,0,1.0
VEN0091,2023-11-20,Preferred Service Vendor 091,Strategic,4,3533,6.59,1,0.8705
VEN0091,2023-11-27,Preferred Service Vendor 091,Strategic,4,4134,7.3,1,0.835
VEN0091,2023-12-04,Preferred Service Vendor 091,Strategic,4,2154,3.32,0,1.0
VEN0091,2023-12-11,Preferred Service Vendor 091,Strategic,4,4622,2.35,0,1.0
VEN0091,2023-12-18,Preferred Service Vendor 091,Strategic,4,4427,4.06,1,0.997
VEN0091,2023-12-25,Preferred Service Vendor 091,Strategic,4,4674,5.54,1,0.923
VEN0091,2024-01-01,Preferred Service Vendor 091,Strategic,4,4451,3.82,0,1.0
VEN0091,2024-01-08,Preferred Service Vendor 091,Strategic,4,3755,4.66,1,0.967
VEN0091,2024-01-15,Preferred Service Vendor 091,Strategic,4,4102,4.87,1,0.9565
VEN0091,2024-01-22,Preferred Service Vendor 091,Strategic,4,3352,5.26,1,0.937
VEN0091,2024-01-29,Preferred Service Vendor 091,Strategic,4,4671,1.75,0,1.0
VEN0091,2024-02-05,Preferred Service Vendor 091,Strategic,4,4802,4.52,1,0.974
VEN0091,2024-02-12,Preferred Service Vendor 091,Strategic,4,6218,2.46,0,1.0
VEN0091,2024-02-19,Preferred Service Vendor 091,Strategic,4,4396,6.86,1,0.857
VEN0091,2024-02-26,Preferred Service Vendor 091,Strategic,4,5906,3.54,0,1.0
VEN0091,2024-03-04,Preferred Service Vendor 091,Strategic,4,3829,2.04,0,1.0
VEN0091,2024-03-11,Preferred Service Vendor 091,Strategic,4,7624,4.12,1,0.994
VEN0091,2024-03-18,Preferred Service Vendor 091,Strategic,4,4296,3.69,0,1.0
VEN0091,2024-03-25,Preferred Service Vendor 091,Strategic,4,3518,5.34,1,0.933
VEN0091,2024-04-01,Preferred Service Vendor 091,Strategic,4,1954,4.5,1,0.975
VEN0091,2024-04-08,Preferred Service Vendor 091,Strategic,4,2536,2.79,0,1.0
VEN0091,2024-04-15,Preferred Service Vendor 091,Strategic,4,4743,4.75,1,0.9625
VEN0091,2024-04-22,Preferred Service Vendor 091,Strategic,4,4693,2.45,0,1.0
VEN0091,2024-04-29,Preferred Service Vendor 091,Strategic,4,3465,5.41,1,0.9295
VEN0091,2024-05-06,Preferred Service Vendor 091,Strategic,4,3031,6.6,1,0.87
VEN0091,2024-05-13,Preferred Service Vendor 091,Strategic,4,4141,5.63,1,0.9185
VEN0091,2024-05-20,Preferred Service Vendor 091,Strategic,4,4258,5.87,1,0.9065
VEN0091,2024-05-27,Preferred Service Vendor 091,Strategic,4,3209,6.1,1,0.895
VEN0091,2024-06-03,Preferred Service Vendor 091,Strategic,4,4646,2.87,0,1.0
VEN0091,2024-06-10,Preferred Service Vendor 091,Strategic,4,3109,3.71,0,1.0
VEN0091,2024-06-17,Preferred Service Vendor 091,Strategic,4,3071,5.8,1,0.91
VEN0091,2024-06-24,Preferred Service Vendor 091,Strategic,4,4298,3.73,0,1.0
VEN0091,2024-07-01,Preferred Service Vendor 091,Strategic,4,3921,4.16,1,0.992
VEN0091,2024-07-08,Preferred Service Vendor 091,Strategic,4,2722,2.76,0,1.0
VEN0091,2024-07-15,Preferred Service Vendor 091,Strategic,4,3247,2.05,0,1.0
VEN0091,2024-07-22,Preferred Service Vendor 091,Strategic,4,5540,3.48,0,1.0
VEN0091,2024-07-29,Preferred Service Vendor 091,Strategic,4,3267,2.53,0,1.0
VEN0091,2024-08-05,Preferred Service Vendor 091,Strategic,4,4483,5.23,1,0.9385
VEN0091,2024-08-12,Preferred Service Vendor 091,Strategic,4,3217,5.86,1,0.907
VEN0091,2024-08-19,Preferred Service Vendor 091,Strategic,4,3884,3.31,0,1.0
VEN0091,2024-08-26,Preferred Service Vendor 091,Strategic,4,3123,3.5,0,1.0
VEN0091,2024-09-02,Preferred Service Vendor 091,Strategic,4,4329,5.19,1,0.9405
VEN0091,2024-09-09,Preferred Service Vendor 091,Strategic,4,5058,3.5,0,1.0
VEN0091,2024-09-16,Preferred Service Vendor 091,Strategic,4,2748,6.18,1,0.891
VEN0091,2024-09-23,Preferred Service Vendor 091,Strategic,4,3674,6.47,1,0.8765
VEN0091,2024-09-30,Preferred Service Vendor 091,Strategic,4,5942,2.52,0,1.0
VEN0091,2024-10-07,Preferred Service Vendor 091,Strategic,4,6676,3.03,0,1.0
VEN0091,2024-10-14,Preferred Service Vendor 091,Strategic,4,5037,6.85,1,0.8575
VEN0091,2024-10-21,Preferred Service Vendor 091,Strategic,4,8003,2.74,0,1.0
VEN0091,2024-10-28,Preferred Service Vendor 091,Strategic,4,3609,4.6,1,0.97
VEN0091,2024-11-04,Preferred Service Vendor 091,Strategic,4,5205,6.07,1,0.8965
VEN0091,2024-11-11,Preferred Service Vendor 091,Strategic,4,3865,3.44,0,1.0
VEN0091,2024-11-18,Preferred Service Vendor 091,Strategic,4,4737,4.99,1,0.9505
VEN0091,2024-11-25,Preferred Service Vendor 091,Strategic,4,5179,5.21,1,0.9395
VEN0091,2024-12-02,Preferred Service Vendor 091,Strategic,4,4119,3.36,0,1.0
VEN0091,2024-12-09,Preferred Service Vendor 091,Strategic,4,4210,4.19,1,0.9905
VEN0091,2024-12-16,Preferred Service Vendor 091,Strategic,4,5495,2.97,0,1.0
VEN0091,2024-12-23,Preferred Service Vendor 091,Strategic,4,4403,5.61,1,0.9195
VEN0091,2024-12-30,Preferred Service Vendor 091,Strategic,4,2982,7.05,1,0.8475
VEN0092,2023-01-02,Preferred Service Vendor 092,Preferred,4,6888,4.88,1,0.956
VEN0092,2023-01-09,Preferred Service Vendor 092,Preferred,4,4633,5.1,1,0.945
VEN0092,2023-01-16,Preferred Service Vendor 092,Preferred,4,3165,6.59,1,0.8705
VEN0092,2023-01-23,Preferred Service Vendor 092,Preferred,4,5656,5.98,1,0.901
VEN0092,2023-01-30,Preferred Service Vendor 092,Preferred,4,4529,4.4,1,0.98
VEN0092,2023-02-06,Preferred Service Vendor 092,Preferred,4,4220,5.9,1,0.905
VEN0092,2023-02-13,Preferred Service Vendor 092,Preferred,4,2908,4.71,1,0.9645
VEN0092,2023-02-20,Preferred Service Vendor 092,Preferred,4,5804,6.97,1,0.8515
VEN0092,2023-02-27,Preferred Service Vendor 092,Preferred,4,6187,2.44,0,1.0
VEN0092,2023-03-06,Preferred Service Vendor 092,Preferred,4,3462,4.27,1,0.9865
VEN0092,2023-03-13,Preferred Service Vendor 092,Preferred,4,3982,4.1,1,0.995
VEN0092,2023-03-20,Preferred Service Vendor 092,Preferred,4,3946,4.1,1,0.995
VEN0092,2023-03-27,Preferred Service Vendor 092,Preferred,4,3954,5.51,1,0.9245
VEN0092,2023-04-03,Preferred Service Vendor 092,Preferred,4,5357,2.89,0,1.0
VEN0092,2023-04-10,Preferred Service Vendor 092,Preferred,4,4560,3.97,0,1.0
VEN0092,2023-04-17,Preferred Service Vendor 092,Preferred,4,3580,3.78,0,1.0
VEN0092,2023-04-24,Preferred Service Vendor 092,Preferred,4,3764,4.42,1,0.979
VEN0092,2023-05-01,Preferred Service Vendor 092,Preferred,4,4031,4.56,1,0.972
VEN0092,2023-05-08,Preferred Service Vendor 092,Preferred,4,4287,5.52,1,0.924
VEN0092,2023-05-15,Preferred Service Vendor 092,Preferred,4,5369,3.69,0,1.0
VEN0092,2023-05-22,Preferred Service Vendor 092,Preferred,4,3847,3.42,0,1.0
VEN0092,2023-05-29,Preferred Service Vendor 092,Preferred,4,5784,3.54,0,1.0
VEN0092,2023-06-05,Preferred Service Vendor 092,Preferred,4,6207,3.57,0,1.0
VEN0092,2023-06-12,Preferred Service Vendor 092,Preferred,4,5870,3.5,0,1.0
VEN0092,2023-06-19,Preferred Service Vendor 092,Preferred,4,1214,2.58,0,1.0
VEN0092,2023-06-26,Preferred Service Vendor 092,Preferred,4,2569,3.14,0,1.0
VEN0092,2023-07-03,Preferred Service Vendor 092,Preferred,4,5938,3.64,0,1.0
VEN0092,2023-07-10,Preferred Service Vendor 092,Preferred,4,3284,6.08,1,0.896
VEN0092,2023-07-17,Preferred Service Vendor 092,Preferred,4,5043,5.18,1,0.941
VEN0092,2023-07-24,Preferred Service Vendor 092,Preferred,4,5691,3.4,0,1.0
VEN0092,2023-07-31,Preferred Service Vendor 092,Preferred,4,3269,1.59,0,1.0
VEN0092,2023-08-07,Preferred Service Vendor 092,Preferred,4,3544,4.74,1,0.963
VEN0092,2023-08-14,Preferred Service Vendor 092,Preferred,4,3308,2.99,0,1.0
VEN0092,2023-08-21,Preferred Service Vendor 092,Preferred,4,3139,3.09,0,1.0
VEN0092,2023-08-28,Preferred Service Vendor 092,Preferred,4,5025,3.99,0,1.0
VEN0092,2023-09-04,Preferred Service Vendor 092,Preferred,4,7667,4.24,1,0.988
VEN0092,2023-09-11,Preferred Service Vendor 092,Preferred,4,5240,5.55,1,0.9225
VEN0092,2023-09-18,Preferred Service Vendor 092,Preferred,4,5461,4.48,1,0.976
VEN0092,2023-09-25,Preferred Service Vendor 092,Preferred,4,2472,5.94,1,0.903
VEN0092,2023-10-02,Preferred Service Vendor 092,Preferred,4,3452,4.92,1,0.954
VEN0092,2023-10-09,Preferred Service Vendor 092,Preferred,4,4733,5.22,1,0.939
VEN0092,2023-10-16,Preferred Service Vendor 092,Preferred,4,3922,4.64,1,0.968
VEN0092,2023-10-23,Preferred Service Vendor 092,Preferred,4,3265,7.05,1,0.8475
VEN0092,2023-10-30,Preferred Service Vendor 092,Preferred,4,4461,4.43,1,0.9785
VEN0092,2023-11-06,Preferred Service Vendor 092,Preferred,4,3687,5.46,1,0.927
VEN0092,2023-11-13,Preferred Service Vendor 092,Preferred,4,5082,4.61,1,0.9695
VEN0092,2023-11-20,Preferred Service Vendor 092,Preferred,4,2514,5.11,1,0.9445
VEN0092,2023-11-27,Preferred Service Vendor 092,Preferred,4,5515,6.34,1,0.883
VEN0092,2023-12-04,Preferred Service Vendor 092,Preferred,4,3227,4.6,1,0.97
VEN0092,2023-12-11,Preferred Service Vendor 092,Preferred,4,4598,2.71,0,1.0
VEN0092,2023-12-18,Preferred Service Vendor 092,Preferred,4,5274,1.26,0,1.0
VEN0092,2023-12-25,Preferred Service Vendor 092,Preferred,4,3864,5.34,1,0.933
VEN0092,2024-01-01,Preferred Service Vendor 092,Preferred,4,3281,4.66,1,0.967
VEN0092,2024-01-08,Preferred Service Vendor 092,Preferred,4,6226,4.67,1,0.9665
VEN0092,2024-01-15,Preferred Service Vendor 092,Preferred,4,5199,2.77,0,1.0
VEN0092,2024-01-22,Preferred Service Vendor 092,Preferred,4,3980,4.14,1,0.993
VEN0092,2024-01-29,Preferred Service Vendor 092,Preferred,4,4147,2.59,0,1.0
VEN0092,2024-02-05,Preferred Service Vendor 092,Preferred,4,4755,1.39,0,1.0
VEN0092,2024-02-12,Preferred Service Vendor 092,Preferred,4,2672,5.15,1,0.9425
VEN0092,2024-02-19,Preferred Service Vendor 092,Preferred,4,5039,5.54,1,0.923
VEN0092,2024-02-26,Preferred Service Vendor 092,Preferred,4,5396,5.03,1,0.9485
VEN0092,2024-03-04,Preferred Service Vendor 092,Preferred,4,3534,2.85,0,1.0
VEN0092,2024-03-11,Preferred Service Vendor 092,Preferred,4,3690,3.51,0,1.0
VEN0092,2024-03-18,Preferred Service Vendor 092,Preferred,4,3216,5.26,1,0.937
VEN0092,2024-03-25,Preferred Service Vendor 092,Preferred,4,8122,5.24,1,0.938
VEN0092,2024-04-01,Preferred Service Vendor 092,Preferred,4,5999,5.16,1,0.942
VEN0092,2024-04-08,Preferred Service Vendor 092,Preferred,4,3702,3.85,0,1.0
VEN0092,2024-04-15,Preferred Service Vendor 092,Preferred,4,3137,3.53,0,1.0
VEN0092,2024-04-22,Preferred Service Vendor 092,Preferred,4,4726,2.21,0,1.0
VEN0092,2024-04-29,Preferred Service Vendor 092,Preferred,4,4686,3.86,0,1.0
VEN0092,2024-05-06,Preferred Service Vendor 092,Preferred,4,3637,3.7,0,1.0
VEN0092,2024-05-13,Preferred Service Vendor 092,Preferred,4,5490,3.9,0,1.0
VEN0092,2024-05-20,Preferred Service Vendor 092,Preferred,4,6245,4.64,1,0.968
VEN0092,2024-05-27,Preferred Service Vendor 092,Preferred,4,6892,4.04,1,0.998
VEN0092,2024-06-03,Preferred Service Vendor 092,Preferred,4,2914,6.02,1,0.899
VEN0092,2024-06-10,Preferred Service Vendor 092,Preferred,4,2603,4.43,1,0.9785
VEN0092,2024-06-17,Preferred Service Vendor 092,Preferred,4,5050,5.08,1,0.946
VEN0092,2024-06-24,Preferred Service Vendor 092,Preferred,4,4606,6.24,1,0.888
VEN0092,2024-07-01,Preferred Service Vendor 092,Preferred,4,5546,5.02,1,0.949
VEN0092,2024-07-08,Preferred Service Vendor 092,Preferred,4,2916,3.05,0,1.0
VEN0092,2024-07-15,Preferred Service Vendor 092,Preferred,4,5434,4.53,1,0.9735
VEN0092,2024-07-22,Preferred Service Vendor 092,Preferred,4,6224,6.36,1,0.882
VEN0092,2024-07-29,Preferred Service Vendor 092,Preferred,4,4640,5.36,1,0.932
VEN0092,2024-08-05,Preferred Service Vendor 092,Preferred,4,2795,4.63,1,0.9685
VEN0092,2024-08-12,Preferred Service Vendor 092,Preferred,4,3618,2.7,0,1.0
VEN0092,2024-08-19,Preferred Service Vendor 092,Preferred,4,2226,4.52,1,0.974
VEN0092,2024-08-26,Preferred Service Vendor 092,Preferred,4,4654,6.32,1,0.884
VEN0092,2024-09-02,Preferred Service Vendor 092,Preferred,4,3191,4.68,1,0.966
VEN0092,2024-09-09,Preferred Service Vendor 092,Preferred,4,3199,2.58,0,1.0
VEN0092,2024-09-16,Preferred Service Vendor 092,Preferred,4,3568,3.26,0,1.0
VEN0092,2024-09-23,Preferred Service Vendor 092,Preferred,4,4098,4.56,1,0.972
VEN0092,2024-09-30,Preferred Service Vendor 092,Preferred,4,6373,6.16,1,0.892
VEN0092,2024-10-07,Preferred Service Vendor 092,Preferred,4,5794,2.2,0,1.0
VEN0092,2024-10-14,Preferred Service Vendor 092,Preferred,4,5253,3.64,0,1.0
VEN0092,2024-10-21,Preferred Service Vendor 092,Preferred,4,3344,5.17,1,0.9415
VEN0092,2024-10-28,Preferred Service Vendor 092,Preferred,4,3062,3.4,0,1.0
VEN0092,2024-11-04,Preferred Service Vendor 092,Preferred,4,4688,3.75,0,1.0
VEN0092,2024-11-11,Preferred Service Vendor 092,Preferred,4,3584,2.68,0,1.0
VEN0092,2024-11-18,Preferred Service Vendor 092,Preferred,4,4531,3.63,0,1.0
VEN0092,2024-11-25,Preferred Service Vendor 092,Preferred,4,5065,4.31,1,0.9845
VEN0092,2024-12-02,Preferred Service Vendor 092,Preferred,4,4955,3.82,0,1.0
VEN0092,2024-12-09,Preferred Service Vendor 092,Preferred,4,3150,2.43,0,1.0
VEN0092,2024-12-16,Preferred Service Vendor 092,Preferred,4,2670,5.06,1,0.947
VEN0092,2024-12-23,Preferred Service Vendor 092,Preferred,4,5988,3.33,0,1.0
VEN0092,2024-12-30,Preferred Service Vendor 092,Preferred,4,1483,5.34,1,0.933
VEN0093,2023-01-02,Preferred Service Vendor 093,Preferred,24,3133,20.42,0,1.0
VEN0093,2023-01-09,Preferred Service Vendor 093,Preferred,24,4781,35.62,1,0.419
VEN0093,2023-01-16,Preferred Service Vendor 093,Preferred,24,3550,37.16,1,0.35
VEN0093,2023-01-23,Preferred Service Vendor 093,Preferred,24,4091,30.56,1,0.672
VEN0093,2023-01-30,Preferred Service Vendor 093,Preferred,24,5519,33.45,1,0.5275
VEN0093,2023-02-06,Preferred Service Vendor 093,Preferred,24,3080,36.54,1,0.373
VEN0093,2023-02-13,Preferred Service Vendor 093,Preferred,24,4521,25.49,1,0.9255
VEN0093,2023-02-20,Preferred Service Vendor 093,Preferred,24,3697,23.98,0,1.0
VEN0093,2023-02-27,Preferred Service Vendor 093,Preferred,24,5616,36.15,1,0.3925
VEN0093,2023-03-06,Preferred Service Vendor 093,Preferred,24,3769,37.07,1,0.35
VEN0093,2023-03-13,Preferred Service Vendor 093,Preferred,24,5400,34.27,1,0.4865
VEN0093,2023-03-20,Preferred Service Vendor 093,Preferred,24,4500,20.16,0,1.0
VEN0093,2023-03-27,Preferred Service Vendor 093,Preferred,24,4257,23.01,0,1.0
VEN0093,2023-04-03,Preferred Service Vendor 093,Preferred,24,4025,34.58,1,0.471
VEN0093,2023-04-10,Preferred Service Vendor 093,Preferred,24,2845,33.93,1,0.5035
VEN0093,2023-04-17,Preferred Service Vendor 093,Preferred,24,3934,16.92,0,1.0
VEN0093,2023-04-24,Preferred Service Vendor 093,Preferred,24,4066,30.45,1,0.6775
VEN0093,2023-05-01,Preferred Service Vendor 093,Preferred,24,4765,32.34,1,0.583
VEN0093,2023-05-08,Preferred Service Vendor 093,Preferred,24,4168,18.94,0,1.0
VEN0093,2023-05-15,Preferred Service Vendor 093,Preferred,24,4214,25.75,1,0.9125
VEN0093,2023-05-22,Preferred Service Vendor 093,Preferred,24,4089,28.83,1,0.7585
VEN0093,2023-05-29,Preferred Service Vendor 093,Preferred,24,2836,35.26,1,0.437
VEN0093,2023-06-05,Preferred Service Vendor 093,Preferred,24,4978,26.74,1,0.863
VEN0093,2023-06-12,Preferred Service Vendor 093,Preferred,24,2255,18.22,0,1.0
VEN0093,2023-06-19,Preferred Service Vendor 093,Preferred,24,4503,31.98,1,0.601
VEN0093,2023-06-26,Preferred Service Vendor 093,Preferred,24,4507,20.63,0,1.0
VEN0093,2023-07-03,Preferred Service Vendor 093,Preferred,24,3861,26.56,1,0.872
VEN0093,2023-07-10,Preferred Service Vendor 093,Preferred,24,3718,33.81,1,0.5095
VEN0093,2023-07-17,Preferred Service Vendor 093,Preferred,24,3780,29.19,1,0.7405
VEN0093,2023-07-24,Preferred Service Vendor 093,Preferred,24,2612,23.02,0,1.0
VEN0093,2023-07-31,Preferred Service Vendor 093,Preferred,24,4248,27.91,1,0.8045
VEN0093,2023-08-07,Preferred Service Vendor 093,Preferred,24,3554,34.24,1,0.488
VEN0093,2023-08-14,Preferred Service Vendor 093,Preferred,24,5580,21.24,0,1.0
VEN0093,2023-08-21,Preferred Service Vendor 093,Preferred,24,6213,37.23,1,0.35
VEN0093,2023-08-28,Preferred Service Vendor 093,Preferred,24,4329,34.66,1,0.467
VEN0093,2023-09-04,Preferred Service Vendor 093,Preferred,24,2986,19.8,0,1.0
VEN0093,2023-09-11,Preferred Service Vendor 093,Preferred,24,3892,35.27,1,0.4365
VEN0093,2023-09-18,Preferred Service Vendor 093,Preferred,24,2191,30.25,1,0.6875
VEN0093,2023-09-25,Preferred Service Vendor 093,Preferred,24,3320,34.58,1,0.471
VEN0093,2023-10-02,Preferred Service Vendor 093,Preferred,24,5450,33.19,1,0.5405
VEN0093,2023-10-09,Preferred Service Vendor 093,Preferred,24,4612,28.37,1,0.7815
VEN0093,2023-10-16,Preferred Service Vendor 093,Preferred,24,2137,30.51,1,0.6745
VEN0093,2023-10-23,Preferred Service Vendor 093,Preferred,24,4341,36.45,1,0.3775
VEN0093,2023-10-30,Preferred Service Vendor 093,Preferred,24,6495,30.03,1,0.6985
VEN0093,2023-11-06,Preferred Service Vendor 093,Preferred,24,7005,22.12,0,1.0
VEN0093,2023-11-13,Preferred Service Vendor 093,Preferred,24,3424,36.33,1,0.3835
VEN0093,2023-11-20,Preferred Service Vendor 093,Preferred,24,2701,17.65,0,1.0
VEN0093,2023-11-27,Preferred Service Vendor 093,Preferred,24,3348,19.54,0,1.0
VEN0093,2023-12-04,Preferred Service Vendor 093,Preferred,24,1811,21.49,0,1.0
VEN0093,2023-12-11,Preferred Service Vendor 093,Preferred,24,5037,22.5,0,1.0
VEN0093,2023-12-18,Preferred Service Vendor 093,Preferred,24,2963,20.27,0,1.0
VEN0093,2023-12-25,Preferred Service Vendor 093,Preferred,24,4722,15.45,0,1.0
VEN0093,2024-01-01,Preferred Service Vendor 093,Preferred,24,3355,14.68,0,1.0
VEN0093,2024-01-08,Preferred Service Vendor 093,Preferred,24,3488,23.85,0,1.0
VEN0093,2024-01-15,Preferred Service Vendor 093,Preferred,24,2136,36.51,1,0.3745
VEN0093,2024-01-22,Preferred Service Vendor 093,Preferred,24,4296,30.46,1,0.677
VEN0093,2024-01-29,Preferred Service Vendor 093,Preferred,24,4514,35.87,1,0.4065
VEN0093,2024-02-05,Preferred Service Vendor 093,Preferred,24,5766,33.16,1,0.542
VEN0093,2024-02-12,Preferred Service Vendor 093,Preferred,24,3515,19.92,0,1.0
VEN0093,2024-02-19,Preferred Service Vendor 093,Preferred,24,3617,19.44,0,1.0
VEN0093,2024-02-26,Preferred Service Vendor 093,Preferred,24,3239,21.35,0,1.0
VEN0093,2024-03-04,Preferred Service Vendor 093,Preferred,24,2618,31.59,1,0.6205
VEN0093,2024-03-11,Preferred Service Vendor 093,Preferred,24,3857,35.35,1,0.4325
VEN0093,2024-03-18,Preferred Service Vendor 093,Preferred,24,3045,19.28,0,1.0
VEN0093,2024-03-25,Preferred Service Vendor 093,Preferred,24,3251,22.31,0,1.0
VEN0093,2024-04-01,Preferred Service Vendor 093,Preferred,24,4992,30.54,1,0.673
VEN0093,2024-04-08,Preferred Service Vendor 093,Preferred,24,4157,36.61,1,0.3695
VEN0093,2024-04-15,Preferred Service Vendor 093,Preferred,24,5024,36.46,1,0.377
VEN0093,2024-04-22,Preferred Service Vendor 093,Preferred,24,4927,16.38,0,1.0
VEN0093,2024-04-29,Preferred Service Vendor 093,Preferred,24,6230,34.53,1,0.4735
VEN0093,2024-05-06,Preferred Service Vendor 093,Preferred,24,4074,22.87,0,1.0
VEN0093,2024-05-13,Preferred Service Vendor 093,Preferred,24,3962,18.94,0,1.0
VEN0093,2024-05-20,Preferred Service Vendor 093,Preferred,24,1958,25.74,1,0.913
VEN0093,2024-05-27,Preferred Service Vendor 093,Preferred,24,3474,36.68,1,0.366
VEN0093,2024-06-03,Preferred Service Vendor 093,Preferred,24,3342,21.88,0,1.0
VEN0093,2024-06-10,Preferred Service Vendor 093,Preferred,24,3793,27.53,1,0.8235
VEN0093,2024-06-17,Preferred Service Vendor 093,Preferred,24,2929,17.5,0,1.0
VEN0093,2024-06-24,Preferred Service Vendor 093,Preferred,24,4836,16.44,0,1.0
VEN0093,2024-07-01,Preferred Service Vendor 093,Preferred,24,4722,20.02,0,1.0
VEN0093,2024-07-08,Preferred Service Vendor 093,Preferred,24,4220,21.01,0,1.0
VEN0093,2024-07-15,Preferred Service Vendor 093,Preferred,24,5659,36.33,1,0.3835
VEN0093,2024-07-22,Preferred Service Vendor 093,Preferred,24,5681,36.37,1,0.3815
VEN0093,2024-07-29,Preferred Service Vendor 093,Preferred,24,3486,30.19,1,0.6905
VEN0093,2024-08-05,Preferred Service Vendor 093,Preferred,24,4023,26.51,1,0.8745
VEN0093,2024-08-12,Preferred Service Vendor 093,Preferred,24,4429,18.25,0,1.0
VEN0093,2024-08-19,Preferred Service Vendor 093,Preferred,24,2847,30.37,1,0.6815
VEN0093,2024-08-26,Preferred Service Vendor 093,Preferred,24,3589,19.53,0,1.0
VEN0093,2024-09-02,Preferred Service Vendor 093,Preferred,24,4798,29.69,1,0.7155
VEN0093,2024-09-09,Preferred Service Vendor 093,Preferred,24,3786,34.13,1,0.4935
VEN0093,2024-09-16,Preferred Service Vendor 093,Preferred,24,5290,31.44,1,0.628
VEN0093,2024-09-23,Preferred Service Vendor 093,Preferred,24,3657,19.57,0,1.0
VEN0093,2024-09-30,Preferred Service Vendor 093,Preferred,24,5112,14.66,0,1.0
VEN0093,2024-10-07,Preferred Service Vendor 093,Preferred,24,5381,35.81,1,0.4095
VEN0093,2024-10-14,Preferred Service Vendor 093,Preferred,24,4559,30.95,1,0.6525
VEN0093,2024-10-21,Preferred Service Vendor 093,Preferred,24,4294,34.13,1,0.4935
VEN0093,2024-10-28,Preferred Service Vendor 093,Preferred,24,3775,28.56,1,0.772
VEN0093,2024-11-04,Preferred Service Vendor 093,Preferred,24,6143,17.9,0,1.0
VEN0093,2024-11-11,Preferred Service Vendor 093,Preferred,24,3538,30.57,1,0.6715
VEN0093,2024-11-18,Preferred Service Vendor 093,Preferred,24,5305,34.73,1,0.4635
VEN0093,2024-11-25,Preferred Service Vendor 093,Preferred,24,3059,33.63,1,0.5185
VEN0093,2024-12-02,Preferred Service Vendor 093,Preferred,24,2248,24.85,1,0.9575
VEN0093,2024-12-09,Preferred Service Vendor 093,Preferred,24,2444,34.17,1,0.4915
VEN0093,2024-12-16,Preferred Service Vendor 093,Preferred,24,4251,25.07,1,0.9465
VEN0093,2024-12-23,Preferred Service Vendor 093,Preferred,24,4951,17.14,0,1.0
VEN0093,2024-12-30,Preferred Service Vendor 093,Preferred,24,4118,27.1,1,0.845
VEN0094,2023-01-02,Preferred Service Vendor 094,Strategic,12,2614,10.15,0,1.0
VEN0094,2023-01-09,Preferred Service Vendor 094,Strategic,12,5066,7.71,0,1.0
VEN0094,2023-01-16,Preferred Service Vendor 094,Strategic,12,6556,12.51,1,0.9745
VEN0094,2023-01-23,Preferred Service Vendor 094,Strategic,12,3616,16.48,1,0.776
VEN0094,2023-01-30,Preferred Service Vendor 094,Strategic,12,2844,16.64,1,0.768
VEN0094,2023-02-06,Preferred Service Vendor 094,Strategic,12,4128,17.71,1,0.7145
VEN0094,2023-02-13,Preferred Service Vendor 094,Strategic,12,4454,11.38,0,1.0
VEN0094,2023-02-20,Preferred Service Vendor 094,Strategic,12,3022,15.56,1,0.822
VEN0094,2023-02-27,Preferred Service Vendor 094,Strategic,12,5359,17.24,1,0.738
VEN0094,2023-03-06,Preferred Service Vendor 094,Strategic,12,1486,13.53,1,0.9235
VEN0094,2023-03-13,Preferred Service Vendor 094,Strategic,12,3904,11.06,0,1.0
VEN0094,2023-03-20,Preferred Service Vendor 094,Strategic,12,3127,18.17,1,0.6915
VEN0094,2023-03-27,Preferred Service Vendor 094,Strategic,12,3515,16.74,1,0.763
VEN0094,2023-04-03,Preferred Service Vendor 094,Strategic,12,4094,9.32,0,1.0
VEN0094,2023-04-10,Preferred Service Vendor 094,Strategic,12,4105,12.16,1,0.992
VEN0094,2023-04-17,Preferred Service Vendor 094,Strategic,12,3145,9.54,0,1.0
VEN0094,2023-04-24,Preferred Service Vendor 094,Strategic,12,4690,17.97,1,0.7015
VEN0094,2023-05-01,Preferred Service Vendor 094,Strategic,12,3744,17.37,1,0.7315
VEN0094,2023-05-08,Preferred Service Vendor 094,Strategic,12,4398,11.83,0,1.0
VEN0094,2023-05-15,Preferred Service Vendor 094,Strategic,12,4416,8.05,0,1.0
VEN0094,2023-05-22,Preferred Service Vendor 094,Strategic,12,3366,10.81,0,1.0
VEN0094,2023-05-29,Preferred Service Vendor 094,Strategic,12,4555,10.43,0,1.0
VEN0094,2023-06-05,Preferred Service Vendor 094,Strategic,12,5337,17.93,1,0.7035
VEN0094,2023-06-12,Preferred Service Vendor 094,Strategic,12,4740,15.97,1,0.8015
VEN0094,2023-06-19,Preferred Service Vendor 094,Strategic,12,3311,17.46,1,0.727
VEN0094,2023-06-26,Preferred Service Vendor 094,Strategic,12,4487,18.53,1,0.6735
VEN0094,2023-07-03,Preferred Service Vendor 094,Strategic,12,3487,13.35,1,0.9325
VEN0094,2023-07-10,Preferred Service Vendor 094,Strategic,12,4304,17.71,1,0.7145
VEN0094,2023-07-17,Preferred Service Vendor 094,Strategic,12,3628,12.0,0,1.0
VEN0094,2023-07-24,Preferred Service Vendor 094,Strategic,12,5858,17.0,1,0.75
VEN0094,2023-07-31,Preferred Service Vendor 094,Strategic,12,3435,14.57,1,0.8715
VEN0094,2023-08-07,Preferred Service Vendor 094,Strategic,12,5997,9.56,0,1.0
VEN0094,2023-08-14,Preferred Service Vendor 094,Strategic,12,5858,14.54,1,0.873
VEN0094,2023-08-21,Preferred Service Vendor 094,Strategic,12,4181,14.96,1,0.852
VEN0094,2023-08-28,Preferred Service Vendor 094,Strategic,12,1907,11.63,0,1.0
VEN0094,2023-09-04,Preferred Service Vendor 094,Strategic,12,3119,17.23,1,0.7385
VEN0094,2023-09-11,Preferred Service Vendor 094,Strategic,12,4758,12.89,1,0.9555
VEN0094,2023-09-18,Preferred Service Vendor 094,Strategic,12,2696,11.2,0,1.0
VEN0094,2023-09-25,Preferred Service Vendor 094,Strategic,12,3960,12.23,1,0.9885
VEN0094,2023-10-02,Preferred Service Vendor 094,Strategic,12,4431,15.16,1,0.842
VEN0094,2023-10-09,Preferred Service Vendor 094,Strategic,12,5586,15.35,1,0.8325
VEN0094,2023-10-16,Preferred Service Vendor 094,Strategic,12,5597,9.95,0,1.0
VEN0094,2023-10-23,Preferred Service Vendor 094,Strategic,12,2515,16.78,1,0.761
VEN0094,2023-10-30,Preferred Service Vendor 094,Strategic,12,2206,10.8,0,1.0
VEN0094,2023-11-06,Preferred Service Vendor 094,Strategic,12,3479,7.82,0,1.0
VEN0094,2023-11-13,Preferred Service Vendor 094,Strategic,12,5786,10.71,0,1.0
VEN0094,2023-11-20,Preferred Service Vendor 094,Strategic,12,5544,13.16,1,0.942
VEN0094,2023-11-27,Preferred Service Vendor 094,Strategic,12,4719,9.57,0,1.0
VEN0094,2023-12-04,Preferred Service Vendor 094,Strategic,12,4646,15.8,1,0.81
VEN0094,2023-12-11,Preferred Service Vendor 094,Strategic,12,4783,12.12,1,0.994
VEN0094,2023-12-18,Preferred Service Vendor 094,Strategic,12,3916,15.55,1,0.8225
VEN0094,2023-12-25,Preferred Service Vendor 094,Strategic,12,6158,17.23,1,0.7385
VEN0094,2024-01-01,Preferred Service Vendor 094,Strategic,12,4758,14.31,1,0.8845
VEN0094,2024-01-08,Preferred Service Vendor 094,Strategic,12,3495,12.09,1,0.9955
VEN0094,2024-01-15,Preferred Service Vendor 094,Strategic,12,3909,17.01,1,0.7495
VEN0094,2024-01-22,Preferred Service Vendor 094,Strategic,12,2719,9.36,0,1.0
VEN0094,2024-01-29,Preferred Service Vendor 094,Strategic,12,3870,9.48,0,1.0
VEN0094,2024-02-05,Preferred Service Vendor 094,Strategic,12,4784,10.05,0,1.0
VEN0094,2024-02-12,Preferred Service Vendor 094,Strategic,12,4648,15.44,1,0.828
VEN0094,2024-02-19,Preferred Service Vendor 094,Strategic,12,3558,15.12,1,0.844
VEN0094,2024-02-26,Preferred Service Vendor 094,Strategic,12,3817,11.58,0,1.0
VEN0094,2024-03-04,Preferred Service Vendor 094,Strategic,12,3156,14.34,1,0.883
VEN0094,2024-03-11,Preferred Service Vendor 094,Strategic,12,4598,11.55,0,1.0
VEN0094,2024-03-18,Preferred Service Vendor 094,Strategic,12,3589,9.54,0,1.0
VEN0094,2024-03-25,Preferred Service Vendor 094,Strategic,12,4268,18.37,1,0.6815
VEN0094,2024-04-01,Preferred Service Vendor 094,Strategic,12,4551,10.95,0,1.0
VEN0094,2024-04-08,Preferred Service Vendor 094,Strategic,12,2911,14.66,1,0.867
VEN0094,2024-04-15,Preferred Service Vendor 094,Strategic,12,2910,10.67,0,1.0
VEN0094,2024-04-22,Preferred Service Vendor 094,Strategic,12,4388,11.49,0,1.0
VEN0094,2024-04-29,Preferred Service Vendor 094,Strategic,12,4362,16.59,1,0.7705
VEN0094,2024-05-06,Preferred Service Vendor 094,Strategic,12,1239,18.17,1,0.6915
VEN0094,2024-05-13,Preferred Service Vendor 094,Strategic,12,3260,12.49,1,0.9755
VEN0094,2024-05-20,Preferred Service Vendor 094,Strategic,12,5353,16.26,1,0.787
VEN0094,2024-05-27,Preferred Service Vendor 094,Strategic,12,4680,17.63,1,0.7185
VEN0094,2024-06-03,Preferred Service Vendor 094,Strategic,12,4953,14.11,1,0.8945
VEN0094,2024-06-10,Preferred Service Vendor 094,Strategic,12,5481,9.78,0,1.0
VEN0094,2024-06-17,Preferred Service Vendor 094,Strategic,12,4793,12.19,1,0.9905
VEN0094,2024-06-24,Preferred Service Vendor 094,Strategic,12,3102,18.79,1,0.6605
VEN0094,2024-07-01,Preferred Service Vendor 094,Strategic,12,3548,10.4,0,1.0
VEN0094,2024-07-08,Preferred Service Vendor 094,Strategic,12,4256,13.05,1,0.9475
VEN0094,2024-07-15,Preferred Service Vendor 094,Strategic,12,2195,16.73,1,0.7635
VEN0094,2024-07-22,Preferred Service Vendor 094,Strategic,12,3854,9.26,0,1.0
VEN0094,2024-07-29,Preferred Service Vendor 094,Strategic,12,4706,14.07,1,0.8965
VEN0094,2024-08-05,Preferred Service Vendor 094,Strategic,12,4704,14.56,1,0.872
VEN0094,2024-08-12,Preferred Service Vendor 094,Strategic,12,4456,14.37,1,0.8815
VEN0094,2024-08-19,Preferred Service Vendor 094,Strategic,12,3452,14.06,1,0.897
VEN0094,2024-08-26,Preferred Service Vendor 094,Strategic,12,3716,17.38,1,0.731
VEN0094,2024-09-02,Preferred Service Vendor 094,Strategic,12,3986,12.99,1,0.9505
VEN0094,2024-09-09,Preferred Service Vendor 094,Strategic,12,3426,12.23,1,0.9885
VEN0094,2024-09-16,Preferred Service Vendor 094,Strategic,12,5150,14.09,1,0.8955
VEN0094,2024-09-23,Preferred Service Vendor 094,Strategic,12,4687,12.75,1,0.9625
VEN0094,2024-09-30,Preferred Service Vendor 094,Strategic,12,3104,17.77,1,0.7115
VEN0094,2024-10-07,Preferred Service Vendor 094,Strategic,12,3715,15.68,1,0.816
VEN0094,2024-10-14,Preferred Service Vendor 094,Strategic,12,2988,12.8,1,0.96
VEN0094,2024-10-21,Preferred Service Vendor 094,Strategic,12,3243,9.46,0,1.0
VEN0094,2024-10-28,Preferred Service Vendor 094,Strategic,12,3547,12.92,1,0.954
VEN0094,2024-11-04,Preferred Service Vendor 094,Strategic,12,4959,14.86,1,0.857
VEN0094,2024-11-11,Preferred Service Vendor 094,Strategic,12,2655,10.54,0,1.0
VEN0094,2024-11-18,Preferred Service Vendor 094,Strategic,12,5961,17.69,1,0.7155
VEN0094,2024-11-25,Preferred Service Vendor 094,Strategic,12,3313,12.49,1,0.9755
VEN0094,2024-12-02,Preferred Service Vendor 094,Strategic,12,2706,11.77,0,1.0
VEN0094,2024-12-09,Preferred Service Vendor 094,Strategic,12,3140,11.25,0,1.0
VEN0094,2024-12-16,Preferred Service Vendor 094,Strategic,12,3972,8.14,0,1.0
VEN0094,2024-12-23,Preferred Service Vendor 094,Strategic,12,4165,14.43,1,0.8785
VEN0094,2024-12-30,Preferred Service Vendor 094,Strategic,12,4976,10.03,0,1.0
VEN0095,2023-01-02,Preferred Service Vendor 095,Preferred,4,4052,3.82,0,1.0
VEN0095,2023-01-09,Preferred Service Vendor 095,Preferred,4,4379,2.82,0,1.0
VEN0095,2023-01-16,Preferred Service Vendor 095,Preferred,4,6140,6.36,1,0.882
VEN0095,2023-01-23,Preferred Service Vendor 095,Preferred,4,4915,5.4,1,0.93
VEN0095,2023-01-30,Preferred Service Vendor 095,Preferred,4,4568,4.11,1,0.9945
VEN0095,2023-02-06,Preferred Service Vendor 095,Preferred,4,4919,3.83,0,1.0
VEN0095,2023-02-13,Preferred Service Vendor 095,Preferred,4,4792,4.81,1,0.9595
VEN0095,2023-02-20,Preferred Service Vendor 095,Preferred,4,5310,1.46,0,1.0
VEN0095,2023-02-27,Preferred Service Vendor 095,Preferred,4,4246,7.19,1,0.8405
VEN0095,2023-03-06,Preferred Service Vendor 095,Preferred,4,3861,4.99,1,0.9505
VEN0095,2023-03-13,Preferred Service Vendor 095,Preferred,4,3007,6.89,1,0.8555
VEN0095,2023-03-20,Preferred Service Vendor 095,Preferred,4,4454,3.85,0,1.0
VEN0095,2023-03-27,Preferred Service Vendor 095,Preferred,4,3217,3.07,0,1.0
VEN0095,2023-04-03,Preferred Service Vendor 095,Preferred,4,6004,5.43,1,0.9285
VEN0095,2023-04-10,Preferred Service Vendor 095,Preferred,4,5060,3.29,0,1.0
VEN0095,2023-04-17,Preferred Service Vendor 095,Preferred,4,4766,4.24,1,0.988
VEN0095,2023-04-24,Preferred Service Vendor 095,Preferred,4,4209,3.98,0,1.0
VEN0095,2023-05-01,Preferred Service Vendor 095,Preferred,4,5336,2.48,0,1.0
VEN0095,2023-05-08,Preferred Service Vendor 095,Preferred,4,5232,4.91,1,0.9545
VEN0095,2023-05-15,Preferred Service Vendor 095,Preferred,4,4660,2.14,0,1.0
VEN0095,2023-05-22,Preferred Service Vendor 095,Preferred,4,2550,3.55,0,1.0
VEN0095,2023-05-29,Preferred Service Vendor 095,Preferred,4,5682,4.13,1,0.9935
VEN0095,2023-06-05,Preferred Service Vendor 095,Preferred,4,6110,1.79,0,1.0
VEN0095,2023-06-12,Preferred Service Vendor 095,Preferred,4,4286,2.26,0,1.0
VEN0095,2023-06-19,Preferred Service Vendor 095,Preferred,4,3863,5.58,1,0.921
VEN0095,2023-06-26,Preferred Service Vendor 095,Preferred,4,3669,4.73,1,0.9635
VEN0095,2023-07-03,Preferred Service Vendor 095,Preferred,4,3089,6.12,1,0.894
VEN0095,2023-07-10,Preferred Service Vendor 095,Preferred,4,3229,2.44,0,1.0
VEN0095,2023-07-17,Preferred Service Vendor 095,Preferred,4,4551,4.13,1,0.9935
VEN0095,2023-07-24,Preferred Service Vendor 095,Preferred,4,6263,4.85,1,0.9575
VEN0095,2023-07-31,Preferred Service Vendor 095,Preferred,4,5539,2.57,0,1.0
VEN0095,2023-08-07,Preferred Service Vendor 095,Preferred,4,5350,3.99,0,1.0
VEN0095,2023-08-14,Preferred Service Vendor 095,Preferred,4,5224,1.75,0,1.0
VEN0095,2023-08-21,Preferred Service Vendor 095,Preferred,4,4690,3.31,0,1.0
VEN0095,2023-08-28,Preferred Service Vendor 095,Preferred,4,5474,3.38,0,1.0
VEN0095,2023-09-04,Preferred Service Vendor 095,Preferred,4,4295,3.66,0,1.0
VEN0095,2023-09-11,Preferred Service Vendor 095,Preferred,4,3761,2.64,0,1.0
VEN0095,2023-09-18,Preferred Service Vendor 095,Preferred,4,2549,5.7,1,0.915
VEN0095,2023-09-25,Preferred Service Vendor 095,Preferred,4,4938,1.72,0,1.0
VEN0095,2023-10-02,Preferred Service Vendor 095,Preferred,4,4758,5.31,1,0.9345
VEN0095,2023-10-09,Preferred Service Vendor 095,Preferred,4,4743,4.83,1,0.9585
VEN0095,2023-10-16,Preferred Service Vendor 095,Preferred,4,4214,5.6,1,0.92
VEN0095,2023-10-23,Preferred Service Vendor 095,Preferred,4,3405,3.31,0,1.0
VEN0095,2023-10-30,Preferred Service Vendor 095,Preferred,4,3945,6.59,1,0.8705
VEN0095,2023-11-06,Preferred Service Vendor 095,Preferred,4,5524,2.48,0,1.0
VEN0095,2023-11-13,Preferred Service Vendor 095,Preferred,4,3221,5.06,1,0.947
VEN0095,2023-11-20,Preferred Service Vendor 095,Preferred,4,3026,2.56,0,1.0
VEN0095,2023-11-27,Preferred Service Vendor 095,Preferred,4,3046,6.07,1,0.8965
VEN0095,2023-12-04,Preferred Service Vendor 095,Preferred,4,3754,3.82,0,1.0
VEN0095,2023-12-11,Preferred Service Vendor 095,Preferred,4,5026,5.84,1,0.908
VEN0095,2023-12-18,Preferred Service Vendor 095,Preferred,4,4381,4.73,1,0.9635
VEN0095,2023-12-25,Preferred Service Vendor 095,Preferred,4,3726,5.14,1,0.943
VEN0095,2024-01-01,Preferred Service Vendor 095,Preferred,4,3915,4.19,1,0.9905
VEN0095,2024-01-08,Preferred Service Vendor 095,Preferred,4,4044,3.17,0,1.0
VEN0095,2024-01-15,Preferred Service Vendor 095,Preferred,4,5493,5.61,1,0.9195
VEN0095,2024-01-22,Preferred Service Vendor 095,Preferred,4,6511,4.55,1,0.9725
VEN0095,2024-01-29,Preferred Service Vendor 095,Preferred,4,4927,3.63,0,1.0
VEN0095,2024-02-05,Preferred Service Vendor 095,Preferred,4,3871,2.57,0,1.0
VEN0095,2024-02-12,Preferred Service Vendor 095,Preferred,4,3718,2.32,0,1.0
VEN0095,2024-02-19,Preferred Service Vendor 095,Preferred,4,4417,3.17,0,1.0
VEN0095,2024-02-26,Preferred Service Vendor 095,Preferred,4,4688,5.89,1,0.9055
VEN0095,2024-03-04,Preferred Service Vendor 095,Preferred,4,3376,5.52,1,0.924
VEN0095,2024-03-11,Preferred Service Vendor 095,Preferred,4,3724,3.17,0,1.0
VEN0095,2024-03-18,Preferred Service Vendor 095,Preferred,4,4303,5.44,1,0.928
VEN0095,2024-03-25,Preferred Service Vendor 095,Preferred,4,4017,5.37,1,0.9315
VEN0095,2024-04-01,Preferred Service Vendor 095,Preferred,4,3327,4.48,1,0.976
VEN0095,2024-04-08,Preferred Service Vendor 095,Preferred,4,6456,2.58,0,1.0
VEN0095,2024-04-15,Preferred Service Vendor 095,Preferred,4,3054,6.37,1,0.8815
VEN0095,2024-04-22,Preferred Service Vendor 095,Preferred,4,4474,3.1,0,1.0
VEN0095,2024-04-29,Preferred Service Vendor 095,Preferred,4,4065,4.02,1,0.999
VEN0095,2024-05-06,Preferred Service Vendor 095,Preferred,4,2218,3.93,0,1.0
VEN0095,2024-05-13,Preferred Service Vendor 095,Preferred,4,2452,3.28,0,1.0
VEN0095,2024-05-20,Preferred Service Vendor 095,Preferred,4,1751,2.99,0,1.0
VEN0095,2024-05-27,Preferred Service Vendor 095,Preferred,4,1619,3.15,0,1.0
VEN0095,2024-06-03,Preferred Service Vendor 095,Preferred,4,5169,4.43,1,0.9785
VEN0095,2024-06-10,Preferred Service Vendor 095,Preferred,4,5611,4.62,1,0.969
VEN0095,2024-06-17,Preferred Service Vendor 095,Preferred,4,5742,2.43,0,1.0
VEN0095,2024-06-24,Preferred Service Vendor 095,Preferred,4,4430,5.88,1,0.906
VEN0095,2024-07-01,Preferred Service Vendor 095,Preferred,4,3162,4.46,1,0.977
VEN0095,2024-07-08,Preferred Service Vendor 095,Preferred,4,5987,4.36,1,0.982
VEN0095,2024-07-15,Preferred Service Vendor 095,Preferred,4,5158,4.88,1,0.956
VEN0095,2024-07-22,Preferred Service Vendor 095,Preferred,4,3960,3.94,0,1.0
VEN0095,2024-07-29,Preferred Service Vendor 095,Preferred,4,575,5.0,1,0.95
VEN0095,2024-08-05,Preferred Service Vendor 095,Preferred,4,1189,5.18,1,0.941
VEN0095,2024-08-12,Preferred Service Vendor 095,Preferred,4,4171,5.11,1,0.9445
VEN0095,2024-08-19,Preferred Service Vendor 095,Preferred,4,4543,7.03,1,0.8485
VEN0095,2024-08-26,Preferred Service Vendor 095,Preferred,4,3171,3.09,0,1.0
VEN0095,2024-09-02,Preferred Service Vendor 095,Preferred,4,7374,4.23,1,0.9885
VEN0095,2024-09-09,Preferred Service Vendor 095,Preferred,4,3379,4.28,1,0.986
VEN0095,2024-09-16,Preferred Service Vendor 095,Preferred,4,3784,5.44,1,0.928
VEN0095,2024-09-23,Preferred Service Vendor 095,Preferred,4,3605,3.04,0,1.0
VEN0095,2024-09-30,Preferred Service Vendor 095,Preferred,4,4045,3.34,0,1.0
VEN0095,2024-10-07,Preferred Service Vendor 095,Preferred,4,4884,5.89,1,0.9055
VEN0095,2024-10-14,Preferred Service Vendor 095,Preferred,4,4307,3.97,0,1.0
VEN0095,2024-10-21,Preferred Service Vendor 095,Preferred,4,3979,5.51,1,0.9245
VEN0095,2024-10-28,Preferred Service Vendor 095,Preferred,4,2885,2.84,0,1.0
VEN0095,2024-11-04,Preferred Service Vendor 095,Preferred,4,4995,5.82,1,0.909
VEN0095,2024-11-11,Preferred Service Vendor 095,Preferred,4,2900,5.32,1,0.934
VEN0095,2024-11-18,Preferred Service Vendor 095,Preferred,4,3468,5.56,1,0.922
VEN0095,2024-11-25,Preferred Service Vendor 095,Preferred,4,3191,1.99,0,1.0
VEN0095,2024-12-02,Preferred Service Vendor 095,Preferred,4,3758,5.82,1,0.909
VEN0095,2024-12-09,Preferred Service Vendor 095,Preferred,4,3202,3.38,0,1.0
VEN0095,2024-12-16,Preferred Service Vendor 095,Preferred,4,5587,6.08,1,0.896
VEN0095,2024-12-23,Preferred Service Vendor 095,Preferred,4,3034,8.06,1,0.797
VEN0095,2024-12-30,Preferred Service Vendor 095,Preferred,4,5877,3.76,0,1.0
VEN0096,2023-01-02,Preferred Service Vendor 096,Preferred,8,3852,7.27,0,1.0
VEN0096,2023-01-09,Preferred Service Vendor 096,Preferred,8,3956,11.71,1,0.8145
VEN0096,2023-01-16,Preferred Service Vendor 096,Preferred,8,4555,4.82,0,1.0
VEN0096,2023-01-23,Preferred Service Vendor 096,Preferred,8,2379,7.16,0,1.0
VEN0096,2023-01-30,Preferred Service Vendor 096,Preferred,8,2908,8.11,1,0.9945
VEN0096,2023-02-06,Preferred Service Vendor 096,Preferred,8,4017,8.89,1,0.9555
VEN0096,2023-02-13,Preferred Service Vendor 096,Preferred,8,5147,12.36,1,0.782
VEN0096,2023-02-20,Preferred Service Vendor 096,Preferred,8,3383,7.52,0,1.0
VEN0096,2023-02-27,Preferred Service Vendor 096,Preferred,8,4100,11.84,1,0.808
VEN0096,2023-03-06,Preferred Service Vendor 096,Preferred,8,2797,4.78,0,1.0
VEN0096,2023-03-13,Preferred Service Vendor 096,Preferred,8,5340,7.58,0,1.0
VEN0096,2023-03-20,Preferred Service Vendor 096,Preferred,8,2252,8.18,1,0.991
VEN0096,2023-03-27,Preferred Service Vendor 096,Preferred,8,4568,10.19,1,0.8905
VEN0096,2023-04-03,Preferred Service Vendor 096,Preferred,8,5659,8.45,1,0.9775
VEN0096,2023-04-10,Preferred Service Vendor 096,Preferred,8,4124,12.59,1,0.7705
VEN0096,2023-04-17,Preferred Service Vendor 096,Preferred,8,4359,6.05,0,1.0
VEN0096,2023-04-24,Preferred Service Vendor 096,Preferred,8,2603,12.47,1,0.7765
VEN0096,2023-05-01,Preferred Service Vendor 096,Preferred,8,4153,13.55,1,0.7225
VEN0096,2023-05-08,Preferred Service Vendor 096,Preferred,8,3079,5.1,0,1.0
VEN0096,2023-05-15,Preferred Service Vendor 096,Preferred,8,3995,9.59,1,0.9205
VEN0096,2023-05-22,Preferred Service Vendor 096,Preferred,8,3219,7.26,0,1.0
VEN0096,2023-05-29,Preferred Service Vendor 096,Preferred,8,3931,6.53,0,1.0
VEN0096,2023-06-05,Preferred Service Vendor 096,Preferred,8,2035,8.02,1,0.999
VEN0096,2023-06-12,Preferred Service Vendor 096,Preferred,8,5294,9.36,1,0.932
VEN0096,2023-06-19,Preferred Service Vendor 096,Preferred,8,1874,5.85,0,1.0
VEN0096,2023-06-26,Preferred Service Vendor 096,Preferred,8,4001,5.88,0,1.0
VEN0096,2023-07-03,Preferred Service Vendor 096,Preferred,8,4533,10.64,1,0.868
VEN0096,2023-07-10,Preferred Service Vendor 096,Preferred,8,6204,11.22,1,0.839
VEN0096,2023-07-17,Preferred Service Vendor 096,Preferred,8,2762,8.71,1,0.9645
VEN0096,2023-07-24,Preferred Service Vendor 096,Preferred,8,3724,12.88,1,0.756
VEN0096,2023-07-31,Preferred Service Vendor 096,Preferred,8,2745,4.29,0,1.0
VEN0096,2023-08-07,Preferred Service Vendor 096,Preferred,8,3606,8.22,1,0.989
VEN0096,2023-08-14,Preferred Service Vendor 096,Preferred,8,4855,12.52,1,0.774
VEN0096,2023-08-21,Preferred Service Vendor 096,Preferred,8,2397,11.41,1,0.8295
VEN0096,2023-08-28,Preferred Service Vendor 096,Preferred,8,2372,11.9,1,0.805
VEN0096,2023-09-04,Preferred Service Vendor 096,Preferred,8,5042,8.12,1,0.994
VEN0096,2023-09-11,Preferred Service Vendor 096,Preferred,8,4345,10.57,1,0.8715
VEN0096,2023-09-18,Preferred Service Vendor 096,Preferred,8,2546,5.66,0,1.0
VEN0096,2023-09-25,Preferred Service Vendor 096,Preferred,8,4761,8.26,1,0.987
VEN0096,2023-10-02,Preferred Service Vendor 096,Preferred,8,2389,11.38,1,0.831
VEN0096,2023-10-09,Preferred Service Vendor 096,Preferred,8,5273,8.9,1,0.955
VEN0096,2023-10-16,Preferred Service Vendor 096,Preferred,8,5021,9.66,1,0.917
VEN0096,2023-10-23,Preferred Service Vendor 096,Preferred,8,6155,7.53,0,1.0
VEN0096,2023-10-30,Preferred Service Vendor 096,Preferred,8,4075,12.45,1,0.7775
VEN0096,2023-11-06,Preferred Service Vendor 096,Preferred,8,5417,7.68,0,1.0
VEN0096,2023-11-13,Preferred Service Vendor 096,Preferred,8,2837,10.22,1,0.889
VEN0096,2023-11-20,Preferred Service Vendor 096,Preferred,8,3325,13.61,1,0.7195
VEN0096,2023-11-27,Preferred Service Vendor 096,Preferred,8,4143,5.74,0,1.0
VEN0096,2023-12-04,Preferred Service Vendor 096,Preferred,8,5890,10.8,1,0.86
VEN0096,2023-12-11,Preferred Service Vendor 096,Preferred,8,3456,6.85,0,1.0
VEN0096,2023-12-18,Preferred Service Vendor 096,Preferred,8,1600,8.89,1,0.9555
VEN0096,2023-12-25,Preferred Service Vendor 096,Preferred,8,4213,5.65,0,1.0
VEN0096,2024-01-01,Preferred Service Vendor 096,Preferred,8,5883,11.85,1,0.8075
VEN0096,2024-01-08,Preferred Service Vendor 096,Preferred,8,3279,6.42,0,1.0
VEN0096,2024-01-15,Preferred Service Vendor 096,Preferred,8,4530,7.76,0,1.0
VEN0096,2024-01-22,Preferred Service Vendor 096,Preferred,8,3428,7.63,0,1.0
VEN0096,2024-01-29,Preferred Service Vendor 096,Preferred,8,3742,5.26,0,1.0
VEN0096,2024-02-05,Preferred Service Vendor 096,Preferred,8,4887,12.42,1,0.779
VEN0096,2024-02-12,Preferred Service Vendor 096,Preferred,8,2918,12.25,1,0.7875
VEN0096,2024-02-19,Preferred Service Vendor 096,Preferred,8,4044,13.0,1,0.75
VEN0096,2024-02-26,Preferred Service Vendor 096,Preferred,8,3666,4.81,0,1.0
VEN0096,2024-03-04,Preferred Service Vendor 096,Preferred,8,2861,6.29,0,1.0
VEN0096,2024-03-11,Preferred Service Vendor 096,Preferred,8,2938,7.76,0,1.0
VEN0096,2024-03-18,Preferred Service Vendor 096,Preferred,8,3850,7.0,0,1.0
VEN0096,2024-03-25,Preferred Service Vendor 096,Preferred,8,3058,11.44,1,0.828
VEN0096,2024-04-01,Preferred Service Vendor 096,Preferred,8,4147,10.65,1,0.8675
VEN0096,2024-04-08,Preferred Service Vendor 096,Preferred,8,6318,13.38,1,0.731
VEN0096,2024-04-15,Preferred Service Vendor 096,Preferred,8,3270,10.1,1,0.895
VEN0096,2024-04-22,Preferred Service Vendor 096,Preferred,8,3765,5.74,0,1.0
VEN0096,2024-04-29,Preferred Service Vendor 096,Preferred,8,4504,8.69,1,0.9655
VEN0096,2024-05-06,Preferred Service Vendor 096,Preferred,8,3007,11.47,1,0.8265
VEN0096,2024-05-13,Preferred Service Vendor 096,Preferred,8,3249,10.38,1,0.881
VEN0096,2024-05-20,Preferred Service Vendor 096,Preferred,8,3378,6.68,0,1.0
VEN0096,2024-05-27,Preferred Service Vendor 096,Preferred,8,4780,10.19,1,0.8905
VEN0096,2024-06-03,Preferred Service Vendor 096,Preferred,8,3603,10.76,1,0.862
VEN0096,2024-06-10,Preferred Service Vendor 096,Preferred,8,3557,9.76,1,0.912
VEN0096,2024-06-17,Preferred Service Vendor 096,Preferred,8,3243,11.28,1,0.836
VEN0096,2024-06-24,Preferred Service Vendor 096,Preferred,8,838,7.14,0,1.0
VEN0096,2024-07-01,Preferred Service Vendor 096,Preferred,8,5042,12.04,1,0.798
VEN0096,2024-07-08,Preferred Service Vendor 096,Preferred,8,5560,6.82,0,1.0
VEN0096,2024-07-15,Preferred Service Vendor 096,Preferred,8,6405,11.75,1,0.8125
VEN0096,2024-07-22,Preferred Service Vendor 096,Preferred,8,4843,10.1,1,0.895
VEN0096,2024-07-29,Preferred Service Vendor 096,Preferred,8,3834,7.17,0,1.0
VEN0096,2024-08-05,Preferred Service Vendor 096,Preferred,8,4131,8.86,1,0.957
VEN0096,2024-08-12,Preferred Service Vendor 096,Preferred,8,5054,11.85,1,0.8075
VEN0096,2024-08-19,Preferred Service Vendor 096,Preferred,8,5520,11.53,1,0.8235
VEN0096,2024-08-26,Preferred Service Vendor 096,Preferred,8,3207,8.94,1,0.953
VEN0096,2024-09-02,Preferred Service Vendor 096,Preferred,8,4852,12.5,1,0.775
VEN0096,2024-09-09,Preferred Service Vendor 096,Preferred,8,3381,7.44,0,1.0
VEN0096,2024-09-16,Preferred Service Vendor 096,Preferred,8,5105,9.01,1,0.9495
VEN0096,2024-09-23,Preferred Service Vendor 096,Preferred,8,2935,10.58,1,0.871
VEN0096,2024-09-30,Preferred Service Vendor 096,Preferred,8,4433,10.44,1,0.878
VEN0096,2024-10-07,Preferred Service Vendor 096,Preferred,8,2861,7.73,0,1.0
VEN0096,2024-10-14,Preferred Service Vendor 096,Preferred,8,3047,10.44,1,0.878
VEN0096,2024-10-21,Preferred Service Vendor 096,Preferred,8,2787,9.64,1,0.918
VEN0096,2024-10-28,Preferred Service Vendor 096,Preferred,8,4360,13.37,1,0.7315
VEN0096,2024-11-04,Preferred Service Vendor 096,Preferred,8,4239,8.45,1,0.9775
VEN0096,2024-11-11,Preferred Service Vendor 096,Preferred,8,4922,5.88,0,1.0
VEN0096,2024-11-18,Preferred Service Vendor 096,Preferred,8,2980,7.29,0,1.0
VEN0096,2024-11-25,Preferred Service Vendor 096,Preferred,8,3224,11.45,1,0.8275
VEN0096,2024-12-02,Preferred Service Vendor 096,Preferred,8,1585,7.22,0,1.0
VEN0096,2024-12-09,Preferred Service Vendor 096,Preferred,8,6139,11.6,1,0.82
VEN0096,2024-12-16,Preferred Service Vendor 096,Preferred,8,4665,6.75,0,1.0
VEN0096,2024-12-23,Preferred Service Vendor 096,Preferred,8,5089,10.03,1,0.8985
VEN0096,2024-12-30,Preferred Service Vendor 096,Preferred,8,6122,6.29,0,1.0
VEN0097,2023-01-02,Preferred Service Vendor 097,Standard,4,4020,3.13,0,1.0
VEN0097,2023-01-09,Preferred Service Vendor 097,Standard,4,4473,5.33,1,0.9335
VEN0097,2023-01-16,Preferred Service Vendor 097,Standard,4,6560,3.69,0,1.0
VEN0097,2023-01-23,Preferred Service Vendor 097,Standard,4,3429,5.06,1,0.947
VEN0097,2023-01-30,Preferred Service Vendor 097,Standard,4,3361,5.62,1,0.919
VEN0097,2023-02-06,Preferred Service Vendor 097,Standard,4,4465,3.99,0,1.0
VEN0097,2023-02-13,Preferred Service Vendor 097,Standard,4,7514,5.13,1,0.9435
VEN0097,2023-02-20,Preferred Service Vendor 097,Standard,4,2637,2.3,0,1.0
VEN0097,2023-02-27,Preferred Service Vendor 097,Standard,4,3450,5.67,1,0.9165
VEN0097,2023-03-06,Preferred Service Vendor 097,Standard,4,5541,4.13,1,0.9935
VEN0097,2023-03-13,Preferred Service Vendor 097,Standard,4,4504,6.28,1,0.886
VEN0097,2023-03-20,Preferred Service Vendor 097,Standard,4,2267,3.32,0,1.0
VEN0097,2023-03-27,Preferred Service Vendor 097,Standard,4,4466,0.88,0,1.0
VEN0097,2023-04-03,Preferred Service Vendor 097,Standard,4,6355,3.49,0,1.0
VEN0097,2023-04-10,Preferred Service Vendor 097,Standard,4,2803,2.23,0,1.0
VEN0097,2023-04-17,Preferred Service Vendor 097,Standard,4,3353,3.93,0,1.0
VEN0097,2023-04-24,Preferred Service Vendor 097,Standard,4,4907,3.87,0,1.0
VEN0097,2023-05-01,Preferred Service Vendor 097,Standard,4,4016,5.48,1,0.926
VEN0097,2023-05-08,Preferred Service Vendor 097,Standard,4,4492,3.62,0,1.0
VEN0097,2023-05-15,Preferred Service Vendor 097,Standard,4,4194,2.59,0,1.0
VEN0097,2023-05-22,Preferred Service Vendor 097,Standard,4,2983,4.49,1,0.9755
VEN0097,2023-05-29,Preferred Service Vendor 097,Standard,4,3338,3.51,0,1.0
VEN0097,2023-06-05,Preferred Service Vendor 097,Standard,4,5016,5.09,1,0.9455
VEN0097,2023-06-12,Preferred Service Vendor 097,Standard,4,5905,3.76,0,1.0
VEN0097,2023-06-19,Preferred Service Vendor 097,Standard,4,4631,3.73,0,1.0
VEN0097,2023-06-26,Preferred Service Vendor 097,Standard,4,5507,7.17,1,0.8415
VEN0097,2023-07-03,Preferred Service Vendor 097,Standard,4,4586,5.37,1,0.9315
VEN0097,2023-07-10,Preferred Service Vendor 097,Standard,4,3199,4.76,1,0.962
VEN0097,2023-07-17,Preferred Service Vendor 097,Standard,4,4214,3.0,0,1.0
VEN0097,2023-07-24,Preferred Service Vendor 097,Standard,4,4568,6.51,1,0.8745
VEN0097,2023-07-31,Preferred Service Vendor 097,Standard,4,4337,4.19,1,0.9905
VEN0097,2023-08-07,Preferred Service Vendor 097,Standard,4,3754,6.13,1,0.8935
VEN0097,2023-08-14,Preferred Service Vendor 097,Standard,4,3427,4.19,1,0.9905
VEN0097,2023-08-21,Preferred Service Vendor 097,Standard,4,4368,5.41,1,0.9295
VEN0097,2023-08-28,Preferred Service Vendor 097,Standard,4,3269,3.45,0,1.0
VEN0097,2023-09-04,Preferred Service Vendor 097,Standard,4,2893,2.16,0,1.0
VEN0097,2023-09-11,Preferred Service Vendor 097,Standard,4,4718,6.88,1,0.856
VEN0097,2023-09-18,Preferred Service Vendor 097,Standard,4,2182,7.18,1,0.841
VEN0097,2023-09-25,Preferred Service Vendor 097,Standard,4,3527,2.6,0,1.0
VEN0097,2023-10-02,Preferred Service Vendor 097,Standard,4,3308,4.97,1,0.9515
VEN0097,2023-10-09,Preferred Service Vendor 097,Standard,4,4990,3.98,0,1.0
VEN0097,2023-10-16,Preferred Service Vendor 097,Standard,4,4870,3.89,0,1.0
VEN0097,2023-10-23,Preferred Service Vendor 097,Standard,4,4189,4.18,1,0.991
VEN0097,2023-10-30,Preferred Service Vendor 097,Standard,4,3899,3.96,0,1.0
VEN0097,2023-11-06,Preferred Service Vendor 097,Standard,4,3397,6.82,1,0.859
VEN0097,2023-11-13,Preferred Service Vendor 097,Standard,4,5375,6.68,1,0.866
VEN0097,2023-11-20,Preferred Service Vendor 097,Standard,4,4854,3.51,0,1.0
VEN0097,2023-11-27,Preferred Service Vendor 097,Standard,4,2915,5.81,1,0.9095
VEN0097,2023-12-04,Preferred Service Vendor 097,Standard,4,2238,2.33,0,1.0
VEN0097,2023-12-11,Preferred Service Vendor 097,Standard,4,2897,3.51,0,1.0
VEN0097,2023-12-18,Preferred Service Vendor 097,Standard,4,3997,5.06,1,0.947
VEN0097,2023-12-25,Preferred Service Vendor 097,Standard,4,3321,5.24,1,0.938
VEN0097,2024-01-01,Preferred Service Vendor 097,Standard,4,4971,2.22,0,1.0
VEN0097,2024-01-08,Preferred Service Vendor 097,Standard,4,7035,4.3,1,0.985
VEN0097,2024-01-15,Preferred Service Vendor 097,Standard,4,6371,5.36,1,0.932
VEN0097,2024-01-22,Preferred Service Vendor 097,Standard,4,1595,6.72,1,0.864
VEN0097,2024-01-29,Preferred Service Vendor 097,Standard,4,5499,3.76,0,1.0
VEN0097,2024-02-05,Preferred Service Vendor 097,Standard,4,3971,5.66,1,0.917
VEN0097,2024-02-12,Preferred Service Vendor 097,Standard,4,4720,3.78,0,1.0
VEN0097,2024-02-19,Preferred Service Vendor 097,Standard,4,4125,5.98,1,0.901
VEN0097,2024-02-26,Preferred Service Vendor 097,Standard,4,4400,1.94,0,1.0
VEN0097,2024-03-04,Preferred Service Vendor 097,Standard,4,2070,3.19,0,1.0
VEN0097,2024-03-11,Preferred Service Vendor 097,Standard,4,4417,5.92,1,0.904
VEN0097,2024-03-18,Preferred Service Vendor 097,Standard,4,6007,6.86,1,0.857
VEN0097,2024-03-25,Preferred Service Vendor 097,Standard,4,3210,4.8,1,0.96
VEN0097,2024-04-01,Preferred Service Vendor 097,Standard,4,4828,4.5,1,0.975
VEN0097,2024-04-08,Preferred Service Vendor 097,Standard,4,4305,2.16,0,1.0
VEN0097,2024-04-15,Preferred Service Vendor 097,Standard,4,3837,1.9,0,1.0
VEN0097,2024-04-22,Preferred Service Vendor 097,Standard,4,4279,4.88,1,0.956
VEN0097,2024-04-29,Preferred Service Vendor 097,Standard,4,4723,3.3,0,1.0
VEN0097,2024-05-06,Preferred Service Vendor 097,Standard,4,4092,6.71,1,0.8645
VEN0097,2024-05-13,Preferred Service Vendor 097,Standard,4,3663,5.15,1,0.9425
VEN0097,2024-05-20,Preferred Service Vendor 097,Standard,4,2269,4.22,1,0.989
VEN0097,2024-05-27,Preferred Service Vendor 097,Standard,4,3816,7.4,1,0.83
VEN0097,2024-06-03,Preferred Service Vendor 097,Standard,4,3366,6.28,1,0.886
VEN0097,2024-06-10,Preferred Service Vendor 097,Standard,4,2921,3.5,0,1.0
VEN0097,2024-06-17,Preferred Service Vendor 097,Standard,4,2832,5.67,1,0.9165
VEN0097,2024-06-24,Preferred Service Vendor 097,Standard,4,4316,5.93,1,0.9035
VEN0097,2024-07-01,Preferred Service Vendor 097,Standard,4,3487,4.54,1,0.973
VEN0097,2024-07-08,Preferred Service Vendor 097,Standard,4,3377,2.8,0,1.0
VEN0097,2024-07-15,Preferred Service Vendor 097,Standard,4,5514,4.54,1,0.973
VEN0097,2024-07-22,Preferred Service Vendor 097,Standard,4,2448,2.56,0,1.0
VEN0097,2024-07-29,Preferred Service Vendor 097,Standard,4,6173,4.18,1,0.991
VEN0097,2024-08-05,Preferred Service Vendor 097,Standard,4,3550,5.35,1,0.9325
VEN0097,2024-08-12,Preferred Service Vendor 097,Standard,4,1768,4.95,1,0.9525
VEN0097,2024-08-19,Preferred Service Vendor 097,Standard,4,2402,3.43,0,1.0
VEN0097,2024-08-26,Preferred Service Vendor 097,Standard,4,5702,5.12,1,0.944
VEN0097,2024-09-02,Preferred Service Vendor 097,Standard,4,4760,5.59,1,0.9205
VEN0097,2024-09-09,Preferred Service Vendor 097,Standard,4,8040,7.37,1,0.8315
VEN0097,2024-09-16,Preferred Service Vendor 097,Standard,4,3431,5.86,1,0.907
VEN0097,2024-09-23,Preferred Service Vendor 097,Standard,4,4547,3.6,0,1.0
VEN0097,2024-09-30,Preferred Service Vendor 097,Standard,4,6256,2.28,0,1.0
VEN0097,2024-10-07,Preferred Service Vendor 097,Standard,4,2861,2.52,0,1.0
VEN0097,2024-10-14,Preferred Service Vendor 097,Standard,4,3982,3.88,0,1.0
VEN0097,2024-10-21,Preferred Service Vendor 097,Standard,4,3148,3.67,0,1.0
VEN0097,2024-10-28,Preferred Service Vendor 097,Standard,4,5426,3.41,0,1.0
VEN0097,2024-11-04,Preferred Service Vendor 097,Standard,4,4139,5.74,1,0.913
VEN0097,2024-11-11,Preferred Service Vendor 097,Standard,4,4543,5.43,1,0.9285
VEN0097,2024-11-18,Preferred Service Vendor 097,Standard,4,3399,5.39,1,0.9305
VEN0097,2024-11-25,Preferred Service Vendor 097,Standard,4,4435,3.91,0,1.0
VEN0097,2024-12-02,Preferred Service Vendor 097,Standard,4,4675,5.14,1,0.943
VEN0097,2024-12-09,Preferred Service Vendor 097,Standard,4,5285,4.88,1,0.956
VEN0097,2024-12-16,Preferred Service Vendor 097,Standard,4,3173,4.48,1,0.976
VEN0097,2024-12-23,Preferred Service Vendor 097,Standard,4,2745,5.23,1,0.9385
VEN0097,2024-12-30,Preferred Service Vendor 097,Standard,4,5603,4.75,1,0.9625
VEN0098,2023-01-02,Preferred Service Vendor 098,Strategic,8,5378,11.06,1,0.847
VEN0098,2023-01-09,Preferred Service Vendor 098,Strategic,8,3264,10.62,1,0.869
VEN0098,2023-01-16,Preferred Service Vendor 098,Strategic,8,3885,9.36,1,0.932
VEN0098,2023-01-23,Preferred Service Vendor 098,Strategic,8,5874,10.88,1,0.856
VEN0098,2023-01-30,Preferred Service Vendor 098,Strategic,8,2733,12.2,1,0.79
VEN0098,2023-02-06,Preferred Service Vendor 098,Strategic,8,4413,10.71,1,0.8645
VEN0098,2023-02-13,Preferred Service Vendor 098,Strategic,8,4901,9.32,1,0.934
VEN0098,2023-02-20,Preferred Service Vendor 098,Strategic,8,5644,7.29,0,1.0
VEN0098,2023-02-27,Preferred Service Vendor 098,Strategic,8,7464,9.72,1,0.914
VEN0098,2023-03-06,Preferred Service Vendor 098,Strategic,8,6330,6.87,0,1.0
VEN0098,2023-03-13,Preferred Service Vendor 098,Strategic,8,4630,7.78,0,1.0
VEN0098,2023-03-20,Preferred Service Vendor 098,Strategic,8,4758,9.27,1,0.9365
VEN0098,2023-03-27,Preferred Service Vendor 098,Strategic,8,3202,8.81,1,0.9595
VEN0098,2023-04-03,Preferred Service Vendor 098,Strategic,8,3504,6.97,0,1.0
VEN0098,2023-04-10,Preferred Service Vendor 098,Strategic,8,2230,9.39,1,0.9305
VEN0098,2023-04-17,Preferred Service Vendor 098,Strategic,8,5279,8.02,1,0.999
VEN0098,2023-04-24,Preferred Service Vendor 098,Strategic,8,3481,5.85,0,1.0
VEN0098,2023-05-01,Preferred Service Vendor 098,Strategic,8,3173,8.58,1,0.971
VEN0098,2023-05-08,Preferred Service Vendor 098,Strategic,8,4976,7.79,0,1.0
VEN0098,2023-05-15,Preferred Service Vendor 098,Strategic,8,4133,9.81,1,0.9095
VEN0098,2023-05-22,Preferred Service Vendor 098,Strategic,8,4711,10.53,1,0.8735
VEN0098,2023-05-29,Preferred Service Vendor 098,Strategic,8,6213,7.84,0,1.0
VEN0098,2023-06-05,Preferred Service Vendor 098,Strategic,8,2809,9.87,1,0.9065
VEN0098,2023-06-12,Preferred Service Vendor 098,Strategic,8,5958,11.47,1,0.8265
VEN0098,2023-06-19,Preferred Service Vendor 098,Strategic,8,4776,8.25,1,0.9875
VEN0098,2023-06-26,Preferred Service Vendor 098,Strategic,8,3033,5.09,0,1.0
VEN0098,2023-07-03,Preferred Service Vendor 098,Strategic,8,3679,4.52,0,1.0
VEN0098,2023-07-10,Preferred Service Vendor 098,Strategic,8,5338,9.12,1,0.944
VEN0098,2023-07-17,Preferred Service Vendor 098,Strategic,8,4540,9.54,1,0.923
VEN0098,2023-07-24,Preferred Service Vendor 098,Strategic,8,4883,7.17,0,1.0
VEN0098,2023-07-31,Preferred Service Vendor 098,Strategic,8,3914,8.78,1,0.961
VEN0098,2023-08-07,Preferred Service Vendor 098,Strategic,8,5205,6.4,0,1.0
VEN0098,2023-08-14,Preferred Service Vendor 098,Strategic,8,5532,6.14,0,1.0
VEN0098,2023-08-21,Preferred Service Vendor 098,Strategic,8,5329,8.64,1,0.968
VEN0098,2023-08-28,Preferred Service Vendor 098,Strategic,8,3114,6.49,0,1.0
VEN0098,2023-09-04,Preferred Service Vendor 098,Strategic,8,2482,9.41,1,0.9295
VEN0098,2023-09-11,Preferred Service Vendor 098,Strategic,8,2952,11.1,1,0.845
VEN0098,2023-09-18,Preferred Service Vendor 098,Strategic,8,4848,7.6,0,1.0
VEN0098,2023-09-25,Preferred Service Vendor 098,Strategic,8,5049,6.97,0,1.0
VEN0098,2023-10-02,Preferred Service Vendor 098,Strategic,8,4143,11.45,1,0.8275
VEN0098,2023-10-09,Preferred Service Vendor 098,Strategic,8,3134,7.7,0,1.0
VEN0098,2023-10-16,Preferred Service Vendor 098,Strategic,8,3810,10.94,1,0.853
VEN0098,2023-10-23,Preferred Service Vendor 098,Strategic,8,3731,11.31,1,0.8345
VEN0098,2023-10-30,Preferred Service Vendor 098,Strategic,8,4901,8.87,1,0.9565
VEN0098,2023-11-06,Preferred Service Vendor 098,Strategic,8,3795,9.48,1,0.926
VEN0098,2023-11-13,Preferred Service Vendor 098,Strategic,8,5471,11.12,1,0.844
VEN0098,2023-11-20,Preferred Service Vendor 098,Strategic,8,4856,7.88,0,1.0
VEN0098,2023-11-27,Preferred Service Vendor 098,Strategic,8,5232,10.47,1,0.8765
VEN0098,2023-12-04,Preferred Service Vendor 098,Strategic,8,4849,8.86,1,0.957
VEN0098,2023-12-11,Preferred Service Vendor 098,Strategic,8,3901,6.83,0,1.0
VEN0098,2023-12-18,Preferred Service Vendor 098,Strategic,8,4191,9.17,1,0.9415
VEN0098,2023-12-25,Preferred Service Vendor 098,Strategic,8,4215,11.65,1,0.8175
VEN0098,2024-01-01,Preferred Service Vendor 098,Strategic,8,5554,5.61,0,1.0
VEN0098,2024-01-08,Preferred Service Vendor 098,Strategic,8,3829,6.22,0,1.0
VEN0098,2024-01-15,Preferred Service Vendor 098,Strategic,8,5581,11.89,1,0.8055
VEN0098,2024-01-22,Preferred Service Vendor 098,Strategic,8,4504,10.42,1,0.879
VEN0098,2024-01-29,Preferred Service Vendor 098,Strategic,8,4570,9.25,1,0.9375
VEN0098,2024-02-05,Preferred Service Vendor 098,Strategic,8,5381,12.64,1,0.768
VEN0098,2024-02-12,Preferred Service Vendor 098,Strategic,8,5242,8.4,1,0.98
VEN0098,2024-02-19,Preferred Service Vendor 098,Strategic,8,5407,6.91,0,1.0
VEN0098,2024-02-26,Preferred Service Vendor 098,Strategic,8,2603,10.36,1,0.882
VEN0098,2024-03-04,Preferred Service Vendor 098,Strategic,8,3685,11.2,1,0.84
VEN0098,2024-03-11,Preferred Service Vendor 098,Strategic,8,5746,8.89,1,0.9555
VEN0098,2024-03-18,Preferred Service Vendor 098,Strategic,8,4397,11.03,1,0.8485
VEN0098,2024-03-25,Preferred Service Vendor 098,Strategic,8,3067,6.63,0,1.0
VEN0098,2024-04-01,Preferred Service Vendor 098,Strategic,8,4155,13.59,1,0.7205
VEN0098,2024-04-08,Preferred Service Vendor 098,Strategic,8,3795,10.19,1,0.8905
VEN0098,2024-04-15,Preferred Service Vendor 098,Strategic,8,3973,9.95,1,0.9025
VEN0098,2024-04-22,Preferred Service Vendor 098,Strategic,8,3150,9.62,1,0.919
VEN0098,2024-04-29,Preferred Service Vendor 098,Strategic,8,2423,9.65,1,0.9175
VEN0098,2024-05-06,Preferred Service Vendor 098,Strategic,8,7225,10.14,1,0.893
VEN0098,2024-05-13,Preferred Service Vendor 098,Strategic,8,6068,9.2,1,0.94
VEN0098,2024-05-20,Preferred Service Vendor 098,Strategic,8,3587,9.45,1,0.9275
VEN0098,2024-05-27,Preferred Service Vendor 098,Strategic,8,4170,7.9,0,1.0
VEN0098,2024-06-03,Preferred Service Vendor 098,Strategic,8,6602,6.44,0,1.0
VEN0098,2024-06-10,Preferred Service Vendor 098,Strategic,8,4708,6.4,0,1.0
VEN0098,2024-06-17,Preferred Service Vendor 098,Strategic,8,3623,6.94,0,1.0
VEN0098,2024-06-24,Preferred Service Vendor 098,Strategic,8,4576,10.52,1,0.874
VEN0098,2024-07-01,Preferred Service Vendor 098,Strategic,8,4116,7.6,0,1.0
VEN0098,2024-07-08,Preferred Service Vendor 098,Strategic,8,1433,7.33,0,1.0
VEN0098,2024-07-15,Preferred Service Vendor 098,Strategic,8,4054,6.99,0,1.0
VEN0098,2024-07-22,Preferred Service Vendor 098,Strategic,8,4517,8.58,1,0.971
VEN0098,2024-07-29,Preferred Service Vendor 098,Strategic,8,3093,6.17,0,1.0
VEN0098,2024-08-05,Preferred Service Vendor 098,Strategic,8,5489,11.78,1,0.811
VEN0098,2024-08-12,Preferred Service Vendor 098,Strategic,8,4752,7.91,0,1.0
VEN0098,2024-08-19,Preferred Service Vendor 098,Strategic,8,3692,9.03,1,0.9485
VEN0098,2024-08-26,Preferred Service Vendor 098,Strategic,8,3889,10.47,1,0.8765
VEN0098,2024-09-02,Preferred Service Vendor 098,Strategic,8,4949,9.02,1,0.949
VEN0098,2024-09-09,Preferred Service Vendor 098,Strategic,8,3170,6.5,0,1.0
VEN0098,2024-09-16,Preferred Service Vendor 098,Strategic,8,3832,9.25,1,0.9375
VEN0098,2024-09-23,Preferred Service Vendor 098,Strategic,8,4058,11.29,1,0.8355
VEN0098,2024-09-30,Preferred Service Vendor 098,Strategic,8,4330,10.81,1,0.8595
VEN0098,2024-10-07,Preferred Service Vendor 098,Strategic,8,3465,8.59,1,0.9705
VEN0098,2024-10-14,Preferred Service Vendor 098,Strategic,8,3885,11.3,1,0.835
VEN0098,2024-10-21,Preferred Service Vendor 098,Strategic,8,4205,12.8,1,0.76
VEN0098,2024-10-28,Preferred Service Vendor 098,Strategic,8,3324,9.59,1,0.9205
VEN0098,2024-11-04,Preferred Service Vendor 098,Strategic,8,4911,7.42,0,1.0
VEN0098,2024-11-11,Preferred Service Vendor 098,Strategic,8,3883,6.92,0,1.0
VEN0098,2024-11-18,Preferred Service Vendor 098,Strategic,8,2148,7.96,0,1.0
VEN0098,2024-11-25,Preferred Service Vendor 098,Strategic,8,4417,6.91,0,1.0
VEN0098,2024-12-02,Preferred Service Vendor 098,Strategic,8,5251,9.0,1,0.95
VEN0098,2024-12-09,Preferred Service Vendor 098,Strategic,8,3108,7.68,0,1.0
VEN0098,2024-12-16,Preferred Service Vendor 098,Strategic,8,4212,12.93,1,0.7535
VEN0098,2024-12-23,Preferred Service Vendor 098,Strategic,8,4680,8.31,1,0.9845
VEN0098,2024-12-30,Preferred Service Vendor 098,Strategic,8,4246,10.74,1,0.863
VEN0099,2023-01-02,Preferred Service Vendor 099,Preferred,24,4790,33.21,1,0.5395
VEN0099,2023-01-09,Preferred Service Vendor 099,Preferred,24,4670,31.86,1,0.607
VEN0099,2023-01-16,Preferred Service Vendor 099,Preferred,24,4020,28.26,1,0.787
VEN0099,2023-01-23,Preferred Service Vendor 099,Preferred,24,3489,16.84,0,1.0
VEN0099,2023-01-30,Preferred Service Vendor 099,Preferred,24,3670,22.7,0,1.0
VEN0099,2023-02-06,Preferred Service Vendor 099,Preferred,24,2297,18.93,0,1.0
VEN0099,2023-02-13,Preferred Service Vendor 099,Preferred,24,4252,18.1,0,1.0
VEN0099,2023-02-20,Preferred Service Vendor 099,Preferred,24,3764,20.24,0,1.0
VEN0099,2023-02-27,Preferred Service Vendor 099,Preferred,24,3685,28.48,1,0.776
VEN0099,2023-03-06,Preferred Service Vendor 099,Preferred,24,3855,33.23,1,0.5385
VEN0099,2023-03-13,Preferred Service Vendor 099,Preferred,24,3427,20.46,0,1.0
VEN0099,2023-03-20,Preferred Service Vendor 099,Preferred,24,3655,25.49,1,0.9255
VEN0099,2023-03-27,Preferred Service Vendor 099,Preferred,24,4966,22.74,0,1.0
VEN0099,2023-04-03,Preferred Service Vendor 099,Preferred,24,3832,26.33,1,0.8835
VEN0099,2023-04-10,Preferred Service Vendor 099,Preferred,24,3869,18.04,0,1.0
VEN0099,2023-04-17,Preferred Service Vendor 099,Preferred,24,6343,15.4,0,1.0
VEN0099,2023-04-24,Preferred Service Vendor 099,Preferred,24,6153,18.4,0,1.0
VEN0099,2023-05-01,Preferred Service Vendor 099,Preferred,24,4375,31.83,1,0.6085
VEN0099,2023-05-08,Preferred Service Vendor 099,Preferred,24,4728,24.73,1,0.9635
VEN0099,2023-05-15,Preferred Service Vendor 099,Preferred,24,3892,18.78,0,1.0
VEN0099,2023-05-22,Preferred Service Vendor 099,Preferred,24,5117,17.12,0,1.0
VEN0099,2023-05-29,Preferred Service Vendor 099,Preferred,24,3274,30.64,1,0.668
VEN0099,2023-06-05,Preferred Service Vendor 099,Preferred,24,4284,30.83,1,0.6585
VEN0099,2023-06-12,Preferred Service Vendor 099,Preferred,24,3583,35.87,1,0.4065
VEN0099,2023-06-19,Preferred Service Vendor 099,Preferred,24,4674,28.0,1,0.8
VEN0099,2023-06-26,Preferred Service Vendor 099,Preferred,24,4754,34.36,1,0.482
VEN0099,2023-07-03,Preferred Service Vendor 099,Preferred,24,5020,31.37,1,0.6315
VEN0099,2023-07-10,Preferred Service Vendor 099,Preferred,24,2277,17.63,0,1.0
VEN0099,2023-07-17,Preferred Service Vendor 099,Preferred,24,2031,30.75,1,0.6625
VEN0099,2023-07-24,Preferred Service Vendor 099,Preferred,24,5558,30.52,1,0.674
VEN0099,2023-07-31,Preferred Service Vendor 099,Preferred,24,4088,16.96,0,1.0
VEN0099,2023-08-07,Preferred Service Vendor 099,Preferred,24,2524,21.78,0,1.0
VEN0099,2023-08-14,Preferred Service Vendor 099,Preferred,24,4807,26.67,1,0.8665
VEN0099,2023-08-21,Preferred Service Vendor 099,Preferred,24,4440,25.57,1,0.9215
VEN0099,2023-08-28,Preferred Service Vendor 099,Preferred,24,3143,32.96,1,0.552
VEN0099,2023-09-04,Preferred Service Vendor 099,Preferred,24,3443,21.3,0,1.0
VEN0099,2023-09-11,Preferred Service Vendor 099,Preferred,24,5427,18.67,0,1.0
VEN0099,2023-09-18,Preferred Service Vendor 099,Preferred,24,2803,28.64,1,0.768
VEN0099,2023-09-25,Preferred Service Vendor 099,Preferred,24,3988,33.99,1,0.5005
VEN0099,2023-10-02,Preferred Service Vendor 099,Preferred,24,4534,25.69,1,0.9155
VEN0099,2023-10-09,Preferred Service Vendor 099,Preferred,24,4993,32.57,1,0.5715
VEN0099,2023-10-16,Preferred Service Vendor 099,Preferred,24,4238,27.99,1,0.8005
VEN0099,2023-10-23,Preferred Service Vendor 099,Preferred,24,5293,35.9,1,0.405
VEN0099,2023-10-30,Preferred Service Vendor 099,Preferred,24,4732,17.26,0,1.0
VEN0099,2023-11-06,Preferred Service Vendor 099,Preferred,24,6512,32.61,1,0.5695
VEN0099,2023-11-13,Preferred Service Vendor 099,Preferred,24,5638,25.57,1,0.9215
VEN0099,2023-11-20,Preferred Service Vendor 099,Preferred,24,4458,16.42,0,1.0
VEN0099,2023-11-27,Preferred Service Vendor 099,Preferred,24,799,29.23,1,0.7385
VEN0099,2023-12-04,Preferred Service Vendor 099,Preferred,24,3429,36.77,1,0.3615
VEN0099,2023-12-11,Preferred Service Vendor 099,Preferred,24,5643,30.36,1,0.682
VEN0099,2023-12-18,Preferred Service Vendor 099,Preferred,24,6076,19.15,0,1.0
VEN0099,2023-12-25,Preferred Service Vendor 099,Preferred,24,4467,20.21,0,1.0
VEN0099,2024-01-01,Preferred Service Vendor 099,Preferred,24,5703,15.0,0,1.0
VEN0099,2024-01-08,Preferred Service Vendor 099,Preferred,24,3514,23.67,0,1.0
VEN0099,2024-01-15,Preferred Service Vendor 099,Preferred,24,2856,24.3,1,0.985
VEN0099,2024-01-22,Preferred Service Vendor 099,Preferred,24,2474,23.17,0,1.0
VEN0099,2024-01-29,Preferred Service Vendor 099,Preferred,24,5677,28.89,1,0.7555
VEN0099,2024-02-05,Preferred Service Vendor 099,Preferred,24,3513,25.44,1,0.928
VEN0099,2024-02-12,Preferred Service Vendor 099,Preferred,24,2435,32.8,1,0.56
VEN0099,2024-02-19,Preferred Service Vendor 099,Preferred,24,3840,17.32,0,1.0
VEN0099,2024-02-26,Preferred Service Vendor 099,Preferred,24,5577,26.65,1,0.8675
VEN0099,2024-03-04,Preferred Service Vendor 099,Preferred,24,2920,15.06,0,1.0
VEN0099,2024-03-11,Preferred Service Vendor 099,Preferred,24,2699,28.63,1,0.7685
VEN0099,2024-03-18,Preferred Service Vendor 099,Preferred,24,4638,24.0,0,1.0
VEN0099,2024-03-25,Preferred Service Vendor 099,Preferred,24,2834,29.9,1,0.705
VEN0099,2024-04-01,Preferred Service Vendor 099,Preferred,24,4189,25.88,1,0.906
VEN0099,2024-04-08,Preferred Service Vendor 099,Preferred,24,6755,20.01,0,1.0
VEN0099,2024-04-15,Preferred Service Vendor 099,Preferred,24,3756,30.03,1,0.6985
VEN0099,2024-04-22,Preferred Service Vendor 099,Preferred,24,5745,20.37,0,1.0
VEN0099,2024-04-29,Preferred Service Vendor 099,Preferred,24,5038,34.83,1,0.4585
VEN0099,2024-05-06,Preferred Service Vendor 099,Preferred,24,7153,15.3,0,1.0
VEN0099,2024-05-13,Preferred Service Vendor 099,Preferred,24,3271,21.79,0,1.0
VEN0099,2024-05-20,Preferred Service Vendor 099,Preferred,24,1732,23.44,0,1.0
VEN0099,2024-05-27,Preferred Service Vendor 099,Preferred,24,3147,24.94,1,0.953
VEN0099,2024-06-03,Preferred Service Vendor 099,Preferred,24,2149,17.35,0,1.0
VEN0099,2024-06-10,Preferred Service Vendor 099,Preferred,24,5838,30.49,1,0.6755
VEN0099,2024-06-17,Preferred Service Vendor 099,Preferred,24,3907,33.19,1,0.5405
VEN0099,2024-06-24,Preferred Service Vendor 099,Preferred,24,3435,20.14,0,1.0
VEN0099,2024-07-01,Preferred Service Vendor 099,Preferred,24,2658,24.75,1,0.9625
VEN0099,2024-07-08,Preferred Service Vendor 099,Preferred,24,2830,24.51,1,0.9745
VEN0099,2024-07-15,Preferred Service Vendor 099,Preferred,24,3711,34.76,1,0.462
VEN0099,2024-07-22,Preferred Service Vendor 099,Preferred,24,3458,26.21,1,0.8895
VEN0099,2024-07-29,Preferred Service Vendor 099,Preferred,24,5950,33.11,1,0.5445
VEN0099,2024-08-05,Preferred Service Vendor 099,Preferred,24,7641,26.14,1,0.893
VEN0099,2024-08-12,Preferred Service Vendor 099,Preferred,24,3724,33.07,1,0.5465
VEN0099,2024-08-19,Preferred Service Vendor 099,Preferred,24,2706,29.64,1,0.718
VEN0099,2024-08-26,Preferred Service Vendor 099,Preferred,24,2165,21.95,0,1.0
VEN0099,2024-09-02,Preferred Service Vendor 099,Preferred,24,3541,30.94,1,0.653
VEN0099,2024-09-09,Preferred Service Vendor 099,Preferred,24,4397,29.9,1,0.705
VEN0099,2024-09-16,Preferred Service Vendor 099,Preferred,24,5787,24.76,1,0.962
VEN0099,2024-09-23,Preferred Service Vendor 099,Preferred,24,3968,28.08,1,0.796
VEN0099,2024-09-30,Preferred Service Vendor 099,Preferred,24,3940,18.49,0,1.0
VEN0099,2024-10-07,Preferred Service Vendor 099,Preferred,24,3560,28.45,1,0.7775
VEN0099,2024-10-14,Preferred Service Vendor 099,Preferred,24,3312,19.07,0,1.0
VEN0099,2024-10-21,Preferred Service Vendor 099,Preferred,24,4124,29.22,1,0.739
VEN0099,2024-10-28,Preferred Service Vendor 099,Preferred,24,5483,23.81,0,1.0
VEN0099,2024-11-04,Preferred Service Vendor 099,Preferred,24,4032,22.54,0,1.0
VEN0099,2024-11-11,Preferred Service Vendor 099,Preferred,24,2914,35.19,1,0.4405
VEN0099,2024-11-18,Preferred Service Vendor 099,Preferred,24,5295,37.38,1,0.35
VEN0099,2024-11-25,Preferred Service Vendor 099,Preferred,24,3291,18.26,0,1.0
VEN0099,2024-12-02,Preferred Service Vendor 099,Preferred,24,4859,32.59,1,0.5705
VEN0099,2024-12-09,Preferred Service Vendor 099,Preferred,24,3283,17.51,0,1.0
VEN0099,2024-12-16,Preferred Service Vendor 099,Preferred,24,1013,26.19,1,0.8905
VEN0099,2024-12-23,Preferred Service Vendor 099,Preferred,24,3485,23.56,0,1.0
VEN0099,2024-12-30,Preferred Service Vendor 099,Preferred,24,3010,29.18,1,0.741
VEN0100,2023-01-02,Preferred Service Vendor 100,Preferred,8,5699,11.89,1,0.8055
VEN0100,2023-01-09,Preferred Service Vendor 100,Preferred,8,4688,12.18,1,0.791
VEN0100,2023-01-16,Preferred Service Vendor 100,Preferred,8,4802,8.48,1,0.976
VEN0100,2023-01-23,Preferred Service Vendor 100,Preferred,8,5267,11.32,1,0.834
VEN0100,2023-01-30,Preferred Service Vendor 100,Preferred,8,2502,7.99,0,1.0
VEN0100,2023-02-06,Preferred Service Vendor 100,Preferred,8,4346,9.75,1,0.9125
VEN0100,2023-02-13,Preferred Service Vendor 100,Preferred,8,1606,9.85,1,0.9075
VEN0100,2023-02-20,Preferred Service Vendor 100,Preferred,8,5067,9.0,1,0.95
VEN0100,2023-02-27,Preferred Service Vendor 100,Preferred,8,5695,5.7,0,1.0
VEN0100,2023-03-06,Preferred Service Vendor 100,Preferred,8,4394,8.99,1,0.9505
VEN0100,2023-03-13,Preferred Service Vendor 100,Preferred,8,5565,5.99,0,1.0
VEN0100,2023-03-20,Preferred Service Vendor 100,Preferred,8,4022,7.47,0,1.0
VEN0100,2023-03-27,Preferred Service Vendor 100,Preferred,8,4310,13.29,1,0.7355
VEN0100,2023-04-03,Preferred Service Vendor 100,Preferred,8,6530,11.89,1,0.8055
VEN0100,2023-04-10,Preferred Service Vendor 100,Preferred,8,3197,10.46,1,0.877
VEN0100,2023-04-17,Preferred Service Vendor 100,Preferred,8,3880,6.78,0,1.0
VEN0100,2023-04-24,Preferred Service Vendor 100,Preferred,8,4206,11.22,1,0.839
VEN0100,2023-05-01,Preferred Service Vendor 100,Preferred,8,3859,6.05,0,1.0
VEN0100,2023-05-08,Preferred Service Vendor 100,Preferred,8,5091,8.56,1,0.972
VEN0100,2023-05-15,Preferred Service Vendor 100,Preferred,8,4116,9.63,1,0.9185
VEN0100,2023-05-22,Preferred Service Vendor 100,Preferred,8,2298,6.63,0,1.0
VEN0100,2023-05-29,Preferred Service Vendor 100,Preferred,8,3236,7.05,0,1.0
VEN0100,2023-06-05,Preferred Service Vendor 100,Preferred,8,4344,10.78,1,0.861
VEN0100,2023-06-12,Preferred Service Vendor 100,Preferred,8,2609,10.42,1,0.879
VEN0100,2023-06-19,Preferred Service Vendor 100,Preferred,8,7006,5.17,0,1.0
VEN0100,2023-06-26,Preferred Service Vendor 100,Preferred,8,4652,9.41,1,0.9295
VEN0100,2023-07-03,Preferred Service Vendor 100,Preferred,8,3192,7.74,0,1.0
VEN0100,2023-07-10,Preferred Service Vendor 100,Preferred,8,4158,5.04,0,1.0
VEN0100,2023-07-17,Preferred Service Vendor 100,Preferred,8,4640,11.41,1,0.8295
VEN0100,2023-07-24,Preferred Service Vendor 100,Preferred,8,3727,7.74,0,1.0
VEN0100,2023-07-31,Preferred Service Vendor 100,Preferred,8,5994,6.28,0,1.0
VEN0100,2023-08-07,Preferred Service Vendor 100,Preferred,8,3801,5.99,0,1.0
VEN0100,2023-08-14,Preferred Service Vendor 100,Preferred,8,5166,7.27,0,1.0
VEN0100,2023-08-21,Preferred Service Vendor 100,Preferred,8,4949,12.19,1,0.7905
VEN0100,2023-08-28,Preferred Service Vendor 100,Preferred,8,6139,11.03,1,0.8485
VEN0100,2023-09-04,Preferred Service Vendor 100,Preferred,8,3110,5.47,0,1.0
VEN0100,2023-09-11,Preferred Service Vendor 100,Preferred,8,4494,9.1,1,0.945
VEN0100,2023-09-18,Preferred Service Vendor 100,Preferred,8,3277,6.4,0,1.0
VEN0100,2023-09-25,Preferred Service Vendor 100,Preferred,8,4101,11.14,1,0.843
VEN0100,2023-10-02,Preferred Service Vendor 100,Preferred,8,5193,6.12,0,1.0
VEN0100,2023-10-09,Preferred Service Vendor 100,Preferred,8,5617,6.79,0,1.0
VEN0100,2023-10-16,Preferred Service Vendor 100,Preferred,8,3451,10.82,1,0.859
VEN0100,2023-10-23,Preferred Service Vendor 100,Preferred,8,4983,9.54,1,0.923
VEN0100,2023-10-30,Preferred Service Vendor 100,Preferred,8,3586,7.17,0,1.0
VEN0100,2023-11-06,Preferred Service Vendor 100,Preferred,8,4951,7.55,0,1.0
VEN0100,2023-11-13,Preferred Service Vendor 100,Preferred,8,3738,11.81,1,0.8095
VEN0100,2023-11-20,Preferred Service Vendor 100,Preferred,8,2762,7.43,0,1.0
VEN0100,2023-11-27,Preferred Service Vendor 100,Preferred,8,1834,5.95,0,1.0
VEN0100,2023-12-04,Preferred Service Vendor 100,Preferred,8,5562,12.19,1,0.7905
VEN0100,2023-12-11,Preferred Service Vendor 100,Preferred,8,5173,9.43,1,0.9285
VEN0100,2023-12-18,Preferred Service Vendor 100,Preferred,8,5649,6.75,0,1.0
VEN0100,2023-12-25,Preferred Service Vendor 100,Preferred,8,2707,6.51,0,1.0
VEN0100,2024-01-01,Preferred Service Vendor 100,Preferred,8,4758,7.42,0,1.0
VEN0100,2024-01-08,Preferred Service Vendor 100,Preferred,8,5614,12.57,1,0.7715
VEN0100,2024-01-15,Preferred Service Vendor 100,Preferred,8,2352,10.84,1,0.858
VEN0100,2024-01-22,Preferred Service Vendor 100,Preferred,8,5410,6.67,0,1.0
VEN0100,2024-01-29,Preferred Service Vendor 100,Preferred,8,2501,7.37,0,1.0
VEN0100,2024-02-05,Preferred Service Vendor 100,Preferred,8,2369,11.2,1,0.84
VEN0100,2024-02-12,Preferred Service Vendor 100,Preferred,8,6748,7.58,0,1.0
VEN0100,2024-02-19,Preferred Service Vendor 100,Preferred,8,4325,10.17,1,0.8915
VEN0100,2024-02-26,Preferred Service Vendor 100,Preferred,8,2389,8.89,1,0.9555
VEN0100,2024-03-04,Preferred Service Vendor 100,Preferred,8,4103,9.27,1,0.9365
VEN0100,2024-03-11,Preferred Service Vendor 100,Preferred,8,5328,10.32,1,0.884
VEN0100,2024-03-18,Preferred Service Vendor 100,Preferred,8,2615,7.79,0,1.0
VEN0100,2024-03-25,Preferred Service Vendor 100,Preferred,8,3702,5.35,0,1.0
VEN0100,2024-04-01,Preferred Service Vendor 100,Preferred,8,3547,10.77,1,0.8615
VEN0100,2024-04-08,Preferred Service Vendor 100,Preferred,8,1368,8.86,1,0.957
VEN0100,2024-04-15,Preferred Service Vendor 100,Preferred,8,6831,9.17,1,0.9415
VEN0100,2024-04-22,Preferred Service Vendor 100,Preferred,8,3912,8.12,1,0.994
VEN0100,2024-04-29,Preferred Service Vendor 100,Preferred,8,3843,5.11,0,1.0
VEN0100,2024-05-06,Preferred Service Vendor 100,Preferred,8,3142,8.39,1,0.9805
VEN0100,2024-05-13,Preferred Service Vendor 100,Preferred,8,5295,6.12,0,1.0
VEN0100,2024-05-20,Preferred Service Vendor 100,Preferred,8,4828,5.29,0,1.0
VEN0100,2024-05-27,Preferred Service Vendor 100,Preferred,8,4566,8.17,1,0.9915
VEN0100,2024-06-03,Preferred Service Vendor 100,Preferred,8,1735,12.4,1,0.78
VEN0100,2024-06-10,Preferred Service Vendor 100,Preferred,8,3242,11.55,1,0.8225
VEN0100,2024-06-17,Preferred Service Vendor 100,Preferred,8,3350,11.66,1,0.817
VEN0100,2024-06-24,Preferred Service Vendor 100,Preferred,8,5194,11.93,1,0.8035
VEN0100,2024-07-01,Preferred Service Vendor 100,Preferred,8,3737,8.2,1,0.99
VEN0100,2024-07-08,Preferred Service Vendor 100,Preferred,8,4803,5.86,0,1.0
VEN0100,2024-07-15,Preferred Service Vendor 100,Preferred,8,5514,9.34,1,0.933
VEN0100,2024-07-22,Preferred Service Vendor 100,Preferred,8,4481,10.64,1,0.868
VEN0100,2024-07-29,Preferred Service Vendor 100,Preferred,8,1651,6.64,0,1.0
VEN0100,2024-08-05,Preferred Service Vendor 100,Preferred,8,1791,5.74,0,1.0
VEN0100,2024-08-12,Preferred Service Vendor 100,Preferred,8,2828,10.35,1,0.8825
VEN0100,2024-08-19,Preferred Service Vendor 100,Preferred,8,3924,4.62,0,1.0
VEN0100,2024-08-26,Preferred Service Vendor 100,Preferred,8,3707,12.85,1,0.7575
VEN0100,2024-09-02,Preferred Service Vendor 100,Preferred,8,3656,9.17,1,0.9415
VEN0100,2024-09-09,Preferred Service Vendor 100,Preferred,8,4254,7.3,0,1.0
VEN0100,2024-09-16,Preferred Service Vendor 100,Preferred,8,6845,9.03,1,0.9485
VEN0100,2024-09-23,Preferred Service Vendor 100,Preferred,8,5392,7.45,0,1.0
VEN0100,2024-09-30,Preferred Service Vendor 100,Preferred,8,2822,6.82,0,1.0
VEN0100,2024-10-07,Preferred Service Vendor 100,Preferred,8,2543,7.2,0,1.0
VEN0100,2024-10-14,Preferred Service Vendor 100,Preferred,8,4805,8.68,1,0.966
VEN0100,2024-10-21,Preferred Service Vendor 100,Preferred,8,4297,7.04,0,1.0
VEN0100,2024-10-28,Preferred Service Vendor 100,Preferred,8,5066,10.97,1,0.8515
VEN0100,2024-11-04,Preferred Service Vendor 100,Preferred,8,4423,9.25,1,0.9375
VEN0100,2024-11-11,Preferred Service Vendor 100,Preferred,8,2601,8.35,1,0.9825
VEN0100,2024-11-18,Preferred Service Vendor 100,Preferred,8,5995,9.21,1,0.9395
VEN0100,2024-11-25,Preferred Service Vendor 100,Preferred,8,5575,8.12,1,0.994
VEN0100,2024-12-02,Preferred Service Vendor 100,Preferred,8,4541,5.85,0,1.0
VEN0100,2024-12-09,Preferred Service Vendor 100,Preferred,8,3496,6.3,0,1.0
VEN0100,2024-12-16,Preferred Service Vendor 100,Preferred,8,3386,4.83,0,1.0
VEN0100,2024-12-23,Preferred Service Vendor 100,Preferred,8,5145,6.43,0,1.0
VEN0100,2024-12-30,Preferred Service Vendor 100,Preferred,8,5569,7.68,0,1.0
VEN0101,2023-01-02,Preferred Service Vendor 101,Preferred,24,3610,19.59,0,1.0
VEN0101,2023-01-09,Preferred Service Vendor 101,Preferred,24,4516,25.37,1,0.9315
VEN0101,2023-01-16,Preferred Service Vendor 101,Preferred,24,4308,26.02,1,0.899
VEN0101,2023-01-23,Preferred Service Vendor 101,Preferred,24,5115,27.85,1,0.8075
VEN0101,2023-01-30,Preferred Service Vendor 101,Preferred,24,4065,32.97,1,0.5515
VEN0101,2023-02-06,Preferred Service Vendor 101,Preferred,24,3478,23.12,0,1.0
VEN0101,2023-02-13,Preferred Service Vendor 101,Preferred,24,2538,36.28,1,0.386
VEN0101,2023-02-20,Preferred Service Vendor 101,Preferred,24,4517,29.69,1,0.7155
VEN0101,2023-02-27,Preferred Service Vendor 101,Preferred,24,4310,30.53,1,0.6735
VEN0101,2023-03-06,Preferred Service Vendor 101,Preferred,24,5462,36.78,1,0.361
VEN0101,2023-03-13,Preferred Service Vendor 101,Preferred,24,1608,30.98,1,0.651
VEN0101,2023-03-20,Preferred Service Vendor 101,Preferred,24,4307,34.45,1,0.4775
VEN0101,2023-03-27,Preferred Service Vendor 101,Preferred,24,3328,21.1,0,1.0
VEN0101,2023-04-03,Preferred Service Vendor 101,Preferred,24,5488,24.11,1,0.9945
VEN0101,2023-04-10,Preferred Service Vendor 101,Preferred,24,4230,18.72,0,1.0
VEN0101,2023-04-17,Preferred Service Vendor 101,Preferred,24,3709,20.49,0,1.0
VEN0101,2023-04-24,Preferred Service Vendor 101,Preferred,24,3370,34.57,1,0.4715
VEN0101,2023-05-01,Preferred Service Vendor 101,Preferred,24,1249,26.47,1,0.8765
VEN0101,2023-05-08,Preferred Service Vendor 101,Preferred,24,3044,34.22,1,0.489
VEN0101,2023-05-15,Preferred Service Vendor 101,Preferred,24,4175,30.73,1,0.6635
VEN0101,2023-05-22,Preferred Service Vendor 101,Preferred,24,5250,32.4,1,0.58
VEN0101,2023-05-29,Preferred Service Vendor 101,Preferred,24,2617,21.79,0,1.0
VEN0101,2023-06-05,Preferred Service Vendor 101,Preferred,24,5027,17.4,0,1.0
VEN0101,2023-06-12,Preferred Service Vendor 101,Preferred,24,7343,26.65,1,0.8675
VEN0101,2023-06-19,Preferred Service Vendor 101,Preferred,24,4018,22.8,0,1.0
VEN0101,2023-06-26,Preferred Service Vendor 101,Preferred,24,2719,32.28,1,0.586
VEN0101,2023-07-03,Preferred Service Vendor 101,Preferred,24,4325,30.69,1,0.6655
VEN0101,2023-07-10,Preferred Service Vendor 101,Preferred,24,4432,36.15,1,0.3925
VEN0101,2023-07-17,Preferred Service Vendor 101,Preferred,24,6494,18.1,0,1.0
VEN0101,2023-07-24,Preferred Service Vendor 101,Preferred,24,4224,31.59,1,0.6205
VEN0101,2023-07-31,Preferred Service Vendor 101,Preferred,24,5463,24.3,1,0.985
VEN0101,2023-08-07,Preferred Service Vendor 101,Preferred,24,2447,34.68,1,0.466
VEN0101,2023-08-14,Preferred Service Vendor 101,Preferred,24,3455,33.4,1,0.53
VEN0101,2023-08-21,Preferred Service Vendor 101,Preferred,24,3614,35.62,1,0.419
VEN0101,2023-08-28,Preferred Service Vendor 101,Preferred,24,5974,23.34,0,1.0
VEN0101,2023-09-04,Preferred Service Vendor 101,Preferred,24,4136,30.48,1,0.676
VEN0101,2023-09-11,Preferred Service Vendor 101,Preferred,24,4064,23.47,0,1.0
VEN0101,2023-09-18,Preferred Service Vendor 101,Preferred,24,3230,26.29,1,0.8855
VEN0101,2023-09-25,Preferred Service Vendor 101,Preferred,24,3647,30.56,1,0.672
VEN0101,2023-10-02,Preferred Service Vendor 101,Preferred,24,3144,20.98,0,1.0
VEN0101,2023-10-09,Preferred Service Vendor 101,Preferred,24,4015,34.34,1,0.483
VEN0101,2023-10-16,Preferred Service Vendor 101,Preferred,24,2797,18.05,0,1.0
VEN0101,2023-10-23,Preferred Service Vendor 101,Preferred,24,3080,26.99,1,0.8505
VEN0101,2023-10-30,Preferred Service Vendor 101,Preferred,24,5189,19.08,0,1.0
VEN0101,2023-11-06,Preferred Service Vendor 101,Preferred,24,4883,30.17,1,0.6915
VEN0101,2023-11-13,Preferred Service Vendor 101,Preferred,24,5184,15.99,0,1.0
VEN0101,2023-11-20,Preferred Service Vendor 101,Preferred,24,3741,19.2,0,1.0
VEN0101,2023-11-27,Preferred Service Vendor 101,Preferred,24,5037,25.91,1,0.9045
VEN0101,2023-12-04,Preferred Service Vendor 101,Preferred,24,3343,31.43,1,0.6285
VEN0101,2023-12-11,Preferred Service Vendor 101,Preferred,24,5244,33.95,1,0.5025
VEN0101,2023-12-18,Preferred Service Vendor 101,Preferred,24,4392,24.89,1,0.9555
VEN0101,2023-12-25,Preferred Service Vendor 101,Preferred,24,5195,22.37,0,1.0
VEN0101,2024-01-01,Preferred Service Vendor 101,Preferred,24,4590,27.09,1,0.8455
VEN0101,2024-01-08,Preferred Service Vendor 101,Preferred,24,4814,29.76,1,0.712
VEN0101,2024-01-15,Preferred Service Vendor 101,Preferred,24,2315,28.52,1,0.774
VEN0101,2024-01-22,Preferred Service Vendor 101,Preferred,24,3895,30.7,1,0.665
VEN0101,2024-01-29,Preferred Service Vendor 101,Preferred,24,3989,21.44,0,1.0
VEN0101,2024-02-05,Preferred Service Vendor 101,Preferred,24,2068,17.07,0,1.0
VEN0101,2024-02-12,Preferred Service Vendor 101,Preferred,24,5076,22.58,0,1.0
VEN0101,2024-02-19,Preferred Service Vendor 101,Preferred,24,4744,30.81,1,0.6595
VEN0101,2024-02-26,Preferred Service Vendor 101,Preferred,24,3864,16.67,0,1.0
VEN0101,2024-03-04,Preferred Service Vendor 101,Preferred,24,5035,34.41,1,0.4795
VEN0101,2024-03-11,Preferred Service Vendor 101,Preferred,24,4189,30.47,1,0.6765
VEN0101,2024-03-18,Preferred Service Vendor 101,Preferred,24,5547,25.48,1,0.926
VEN0101,2024-03-25,Preferred Service Vendor 101,Preferred,24,5246,26.24,1,0.888
VEN0101,2024-04-01,Preferred Service Vendor 101,Preferred,24,4958,29.57,1,0.7215
VEN0101,2024-04-08,Preferred Service Vendor 101,Preferred,24,6248,14.09,0,1.0
VEN0101,2024-04-15,Preferred Service Vendor 101,Preferred,24,2804,28.88,1,0.756
VEN0101,2024-04-22,Preferred Service Vendor 101,Preferred,24,5514,16.9,0,1.0
VEN0101,2024-04-29,Preferred Service Vendor 101,Preferred,24,2932,19.79,0,1.0
VEN0101,2024-05-06,Preferred Service Vendor 101,Preferred,24,3025,23.14,0,1.0
VEN0101,2024-05-13,Preferred Service Vendor 101,Preferred,24,4738,31.49,1,0.6255
VEN0101,2024-05-20,Preferred Service Vendor 101,Preferred,24,6537,19.9,0,1.0
VEN0101,2024-05-27,Preferred Service Vendor 101,Preferred,24,4624,36.33,1,0.3835
VEN0101,2024-06-03,Preferred Service Vendor 101,Preferred,24,3876,19.41,0,1.0
VEN0101,2024-06-10,Preferred Service Vendor 101,Preferred,24,3059,19.0,0,1.0
VEN0101,2024-06-17,Preferred Service Vendor 101,Preferred,24,3711,17.72,0,1.0
VEN0101,2024-06-24,Preferred Service Vendor 101,Preferred,24,5510,34.84,1,0.458
VEN0101,2024-07-01,Preferred Service Vendor 101,Preferred,24,4051,22.22,0,1.0
VEN0101,2024-07-08,Preferred Service Vendor 101,Preferred,24,4680,28.32,1,0.784
VEN0101,2024-07-15,Preferred Service Vendor 101,Preferred,24,1450,22.27,0,1.0
VEN0101,2024-07-22,Preferred Service Vendor 101,Preferred,24,2454,37.87,1,0.35
VEN0101,2024-07-29,Preferred Service Vendor 101,Preferred,24,3630,33.64,1,0.518
VEN0101,2024-08-05,Preferred Service Vendor 101,Preferred,24,5551,25.98,1,0.901
VEN0101,2024-08-12,Preferred Service Vendor 101,Preferred,24,3565,32.43,1,0.5785
VEN0101,2024-08-19,Preferred Service Vendor 101,Preferred,24,3970,23.12,0,1.0
VEN0101,2024-08-26,Preferred Service Vendor 101,Preferred,24,4197,35.41,1,0.4295
VEN0101,2024-09-02,Preferred Service Vendor 101,Preferred,24,4883,21.02,0,1.0
VEN0101,2024-09-09,Preferred Service Vendor 101,Preferred,24,3889,30.4,1,0.68
VEN0101,2024-09-16,Preferred Service Vendor 101,Preferred,24,2930,20.3,0,1.0
VEN0101,2024-09-23,Preferred Service Vendor 101,Preferred,24,5023,20.28,0,1.0
VEN0101,2024-09-30,Preferred Service Vendor 101,Preferred,24,3164,35.03,1,0.4485
VEN0101,2024-10-07,Preferred Service Vendor 101,Preferred,24,3355,19.44,0,1.0
VEN0101,2024-10-14,Preferred Service Vendor 101,Preferred,24,2446,20.92,0,1.0
VEN0101,2024-10-21,Preferred Service Vendor 101,Preferred,24,3401,24.0,0,1.0
VEN0101,2024-10-28,Preferred Service Vendor 101,Preferred,24,6151,25.21,1,0.9395
VEN0101,2024-11-04,Preferred Service Vendor 101,Preferred,24,3311,35.28,1,0.436
VEN0101,2024-11-11,Preferred Service Vendor 101,Preferred,24,2661,34.05,1,0.4975
VEN0101,2024-11-18,Preferred Service Vendor 101,Preferred,24,4122,30.49,1,0.6755
VEN0101,2024-11-25,Preferred Service Vendor 101,Preferred,24,5077,27.53,1,0.8235
VEN0101,2024-12-02,Preferred Service Vendor 101,Preferred,24,2672,23.46,0,1.0
VEN0101,2024-12-09,Preferred Service Vendor 101,Preferred,24,4440,25.46,1,0.927
VEN0101,2024-12-16,Preferred Service Vendor 101,Preferred,24,1601,33.94,1,0.503
VEN0101,2024-12-23,Preferred Service Vendor 101,Preferred,24,5161,20.57,0,1.0
VEN0101,2024-12-30,Preferred Service Vendor 101,Preferred,24,4015,34.75,1,0.4625
VEN0102,2023-01-02,Preferred Service Vendor 102,Strategic,12,3660,10.84,0,1.0
VEN0102,2023-01-09,Preferred Service Vendor 102,Strategic,12,5551,15.97,1,0.8015
VEN0102,2023-01-16,Preferred Service Vendor 102,Strategic,12,5436,10.51,0,1.0
VEN0102,2023-01-23,Preferred Service Vendor 102,Strategic,12,4317,15.21,1,0.8395
VEN0102,2023-01-30,Preferred Service Vendor 102,Strategic,12,2242,17.6,1,0.72
VEN0102,2023-02-06,Preferred Service Vendor 102,Strategic,12,4820,15.72,1,0.814
VEN0102,2023-02-13,Preferred Service Vendor 102,Strategic,12,4316,8.25,0,1.0
VEN0102,2023-02-20,Preferred Service Vendor 102,Strategic,12,3118,14.64,1,0.868
VEN0102,2023-02-27,Preferred Service Vendor 102,Strategic,12,2916,12.43,1,0.9785
VEN0102,2023-03-06,Preferred Service Vendor 102,Strategic,12,500,19.21,1,0.6395
VEN0102,2023-03-13,Preferred Service Vendor 102,Strategic,12,6669,12.07,1,0.9965
VEN0102,2023-03-20,Preferred Service Vendor 102,Strategic,12,3667,12.49,1,0.9755
VEN0102,2023-03-27,Preferred Service Vendor 102,Strategic,12,4207,9.32,0,1.0
VEN0102,2023-04-03,Preferred Service Vendor 102,Strategic,12,4648,7.29,0,1.0
VEN0102,2023-04-10,Preferred Service Vendor 102,Strategic,12,4547,13.01,1,0.9495
VEN0102,2023-04-17,Preferred Service Vendor 102,Strategic,12,1531,6.92,0,1.0
VEN0102,2023-04-24,Preferred Service Vendor 102,Strategic,12,4901,14.9,1,0.855
VEN0102,2023-05-01,Preferred Service Vendor 102,Strategic,12,2602,14.27,1,0.8865
VEN0102,2023-05-08,Preferred Service Vendor 102,Strategic,12,5715,17.63,1,0.7185
VEN0102,2023-05-15,Preferred Service Vendor 102,Strategic,12,4049,13.7,1,0.915
VEN0102,2023-05-22,Preferred Service Vendor 102,Strategic,12,5006,10.62,0,1.0
VEN0102,2023-05-29,Preferred Service Vendor 102,Strategic,12,4586,10.59,0,1.0
VEN0102,2023-06-05,Preferred Service Vendor 102,Strategic,12,4888,15.79,1,0.8105
VEN0102,2023-06-12,Preferred Service Vendor 102,Strategic,12,4304,18.39,1,0.6805
VEN0102,2023-06-19,Preferred Service Vendor 102,Strategic,12,4865,6.9,0,1.0
VEN0102,2023-06-26,Preferred Service Vendor 102,Strategic,12,5179,10.94,0,1.0
VEN0102,2023-07-03,Preferred Service Vendor 102,Strategic,12,4512,9.15,0,1.0
VEN0102,2023-07-10,Preferred Service Vendor 102,Strategic,12,2472,14.94,1,0.853
VEN0102,2023-07-17,Preferred Service Vendor 102,Strategic,12,4501,13.52,1,0.924
VEN0102,2023-07-24,Preferred Service Vendor 102,Strategic,12,5311,9.54,0,1.0
VEN0102,2023-07-31,Preferred Service Vendor 102,Strategic,12,4809,10.29,0,1.0
VEN0102,2023-08-07,Preferred Service Vendor 102,Strategic,12,6128,7.81,0,1.0
VEN0102,2023-08-14,Preferred Service Vendor 102,Strategic,12,4473,8.66,0,1.0
VEN0102,2023-08-21,Preferred Service Vendor 102,Strategic,12,5924,16.74,1,0.763
VEN0102,2023-08-28,Preferred Service Vendor 102,Strategic,12,5373,18.06,1,0.697
VEN0102,2023-09-04,Preferred Service Vendor 102,Strategic,12,3719,14.98,1,0.851
VEN0102,2023-09-11,Preferred Service Vendor 102,Strategic,12,3950,19.33,1,0.6335
VEN0102,2023-09-18,Preferred Service Vendor 102,Strategic,12,3794,16.55,1,0.7725
VEN0102,2023-09-25,Preferred Service Vendor 102,Strategic,12,5118,9.1,0,1.0
VEN0102,2023-10-02,Preferred Service Vendor 102,Strategic,12,2631,17.72,1,0.714
VEN0102,2023-10-09,Preferred Service Vendor 102,Strategic,12,3987,9.34,0,1.0
VEN0102,2023-10-16,Preferred Service Vendor 102,Strategic,12,4409,15.15,1,0.8425
VEN0102,2023-10-23,Preferred Service Vendor 102,Strategic,12,2371,11.41,0,1.0
VEN0102,2023-10-30,Preferred Service Vendor 102,Strategic,12,4705,11.29,0,1.0
VEN0102,2023-11-06,Preferred Service Vendor 102,Strategic,12,3010,9.71,0,1.0
VEN0102,2023-11-13,Preferred Service Vendor 102,Strategic,12,3785,17.15,1,0.7425
VEN0102,2023-11-20,Preferred Service Vendor 102,Strategic,12,3746,13.67,1,0.9165
VEN0102,2023-11-27,Preferred Service Vendor 102,Strategic,12,4058,14.58,1,0.871
VEN0102,2023-12-04,Preferred Service Vendor 102,Strategic,12,4262,7.72,0,1.0
VEN0102,2023-12-11,Preferred Service Vendor 102,Strategic,12,4226,18.52,1,0.674
VEN0102,2023-12-18,Preferred Service Vendor 102,Strategic,12,5391,14.66,1,0.867
VEN0102,2023-12-25,Preferred Service Vendor 102,Strategic,12,3884,10.74,0,1.0
VEN0102,2024-01-01,Preferred Service Vendor 102,Strategic,12,6363,18.92,1,0.654
VEN0102,2024-01-08,Preferred Service Vendor 102,Strategic,12,4279,14.52,1,0.874
VEN0102,2024-01-15,Preferred Service Vendor 102,Strategic,12,4018,14.36,1,0.882
VEN0102,2024-01-22,Preferred Service Vendor 102,Strategic,12,4604,9.77,0,1.0
VEN0102,2024-01-29,Preferred Service Vendor 102,Strategic,12,5685,14.36,1,0.882
VEN0102,2024-02-05,Preferred Service Vendor 102,Strategic,12,4036,10.26,0,1.0
VEN0102,2024-02-12,Preferred Service Vendor 102,Strategic,12,3828,8.83,0,1.0
VEN0102,2024-02-19,Preferred Service Vendor 102,Strategic,12,2808,14.98,1,0.851
VEN0102,2024-02-26,Preferred Service Vendor 102,Strategic,12,5767,9.95,0,1.0
VEN0102,2024-03-04,Preferred Service Vendor 102,Strategic,12,5523,15.59,1,0.8205
VEN0102,2024-03-11,Preferred Service Vendor 102,Strategic,12,4385,15.76,1,0.812
VEN0102,2024-03-18,Preferred Service Vendor 102,Strategic,12,4651,18.56,1,0.672
VEN0102,2024-03-25,Preferred Service Vendor 102,Strategic,12,4818,10.04,0,1.0
VEN0102,2024-04-01,Preferred Service Vendor 102,Strategic,12,3655,9.18,0,1.0
VEN0102,2024-04-08,Preferred Service Vendor 102,Strategic,12,5422,14.52,1,0.874
VEN0102,2024-04-15,Preferred Service Vendor 102,Strategic,12,3648,8.24,0,1.0
VEN0102,2024-04-22,Preferred Service Vendor 102,Strategic,12,5726,16.34,1,0.783
VEN0102,2024-04-29,Preferred Service Vendor 102,Strategic,12,4503,14.77,1,0.8615
VEN0102,2024-05-06,Preferred Service Vendor 102,Strategic,12,5801,10.48,0,1.0
VEN0102,2024-05-13,Preferred Service Vendor 102,Strategic,12,4928,17.84,1,0.708
VEN0102,2024-05-20,Preferred Service Vendor 102,Strategic,12,4502,14.09,1,0.8955
VEN0102,2024-05-27,Preferred Service Vendor 102,Strategic,12,3967,13.01,1,0.9495
VEN0102,2024-06-03,Preferred Service Vendor 102,Strategic,12,3463,10.05,0,1.0
VEN0102,2024-06-10,Preferred Service Vendor 102,Strategic,12,2918,16.9,1,0.755
VEN0102,2024-06-17,Preferred Service Vendor 102,Strategic,12,6128,9.79,0,1.0
VEN0102,2024-06-24,Preferred Service Vendor 102,Strategic,12,3242,15.3,1,0.835
VEN0102,2024-07-01,Preferred Service Vendor 102,Strategic,12,4422,15.29,1,0.8355
VEN0102,2024-07-08,Preferred Service Vendor 102,Strategic,12,3923,13.49,1,0.9255
VEN0102,2024-07-15,Preferred Service Vendor 102,Strategic,12,2931,10.82,0,1.0
VEN0102,2024-07-22,Preferred Service Vendor 102,Strategic,12,2065,11.98,0,1.0
VEN0102,2024-07-29,Preferred Service Vendor 102,Strategic,12,3604,10.28,0,1.0
VEN0102,2024-08-05,Preferred Service Vendor 102,Strategic,12,5220,13.58,1,0.921
VEN0102,2024-08-12,Preferred Service Vendor 102,Strategic,12,4871,13.11,1,0.9445
VEN0102,2024-08-19,Preferred Service Vendor 102,Strategic,12,3651,18.01,1,0.6995
VEN0102,2024-08-26,Preferred Service Vendor 102,Strategic,12,1483,15.61,1,0.8195
VEN0102,2024-09-02,Preferred Service Vendor 102,Strategic,12,3822,9.79,0,1.0
VEN0102,2024-09-09,Preferred Service Vendor 102,Strategic,12,4770,11.36,0,1.0
VEN0102,2024-09-16,Preferred Service Vendor 102,Strategic,12,6954,16.92,1,0.754
VEN0102,2024-09-23,Preferred Service Vendor 102,Strategic,12,3709,7.64,0,1.0
VEN0102,2024-09-30,Preferred Service Vendor 102,Strategic,12,4639,10.75,0,1.0
VEN0102,2024-10-07,Preferred Service Vendor 102,Strategic,12,4545,17.3,1,0.735
VEN0102,2024-10-14,Preferred Service Vendor 102,Strategic,12,5605,9.29,0,1.0
VEN0102,2024-10-21,Preferred Service Vendor 102,Strategic,12,4528,8.5,0,1.0
VEN0102,2024-10-28,Preferred Service Vendor 102,Strategic,12,5112,11.65,0,1.0
VEN0102,2024-11-04,Preferred Service Vendor 102,Strategic,12,1983,11.06,0,1.0
VEN0102,2024-11-11,Preferred Service Vendor 102,Strategic,12,4831,12.81,1,0.9595
VEN0102,2024-11-18,Preferred Service Vendor 102,Strategic,12,3280,18.23,1,0.6885
VEN0102,2024-11-25,Preferred Service Vendor 102,Strategic,12,3391,13.59,1,0.9205
VEN0102,2024-12-02,Preferred Service Vendor 102,Strategic,12,3804,15.77,1,0.8115
VEN0102,2024-12-09,Preferred Service Vendor 102,Strategic,12,2774,8.04,0,1.0
VEN0102,2024-12-16,Preferred Service Vendor 102,Strategic,12,6368,14.57,1,0.8715
VEN0102,2024-12-23,Preferred Service Vendor 102,Strategic,12,5129,15.35,1,0.8325
VEN0102,2024-12-30,Preferred Service Vendor 102,Strategic,12,5396,15.72,1,0.814
VEN0103,2023-01-02,Preferred Service Vendor 103,Strategic,8,4531,10.06,1,0.897
VEN0103,2023-01-09,Preferred Service Vendor 103,Strategic,8,5259,6.05,0,1.0
VEN0103,2023-01-16,Preferred Service Vendor 103,Strategic,8,4228,11.74,1,0.813
VEN0103,2023-01-23,Preferred Service Vendor 103,Strategic,8,2656,4.74,0,1.0
VEN0103,2023-01-30,Preferred Service Vendor 103,Strategic,8,3558,12.15,1,0.7925
VEN0103,2023-02-06,Preferred Service Vendor 103,Strategic,8,3182,11.12,1,0.844
VEN0103,2023-02-13,Preferred Service Vendor 103,Strategic,8,5262,9.41,1,0.9295
VEN0103,2023-02-20,Preferred Service Vendor 103,Strategic,8,4813,5.5,0,1.0
VEN0103,2023-02-27,Preferred Service Vendor 103,Strategic,8,2968,6.47,0,1.0
VEN0103,2023-03-06,Preferred Service Vendor 103,Strategic,8,2328,10.53,1,0.8735
VEN0103,2023-03-13,Preferred Service Vendor 103,Strategic,8,2941,7.64,0,1.0
VEN0103,2023-03-20,Preferred Service Vendor 103,Strategic,8,4738,10.6,1,0.87
VEN0103,2023-03-27,Preferred Service Vendor 103,Strategic,8,3332,5.89,0,1.0
VEN0103,2023-04-03,Preferred Service Vendor 103,Strategic,8,3389,9.48,1,0.926
VEN0103,2023-04-10,Preferred Service Vendor 103,Strategic,8,5112,6.03,0,1.0
VEN0103,2023-04-17,Preferred Service Vendor 103,Strategic,8,4330,11.66,1,0.817
VEN0103,2023-04-24,Preferred Service Vendor 103,Strategic,8,5261,5.69,0,1.0
VEN0103,2023-05-01,Preferred Service Vendor 103,Strategic,8,5365,9.03,1,0.9485
VEN0103,2023-05-08,Preferred Service Vendor 103,Strategic,8,4959,4.96,0,1.0
VEN0103,2023-05-15,Preferred Service Vendor 103,Strategic,8,2748,10.33,1,0.8835
VEN0103,2023-05-22,Preferred Service Vendor 103,Strategic,8,4674,5.93,0,1.0
VEN0103,2023-05-29,Preferred Service Vendor 103,Strategic,8,6547,10.99,1,0.8505
VEN0103,2023-06-05,Preferred Service Vendor 103,Strategic,8,4044,9.82,1,0.909
VEN0103,2023-06-12,Preferred Service Vendor 103,Strategic,8,3720,11.26,1,0.837
VEN0103,2023-06-19,Preferred Service Vendor 103,Strategic,8,2991,13.5,1,0.725
VEN0103,2023-06-26,Preferred Service Vendor 103,Strategic,8,4881,9.95,1,0.9025
VEN0103,2023-07-03,Preferred Service Vendor 103,Strategic,8,5243,11.13,1,0.8435
VEN0103,2023-07-10,Preferred Service Vendor 103,Strategic,8,3364,8.48,1,0.976
VEN0103,2023-07-17,Preferred Service Vendor 103,Strategic,8,5686,5.63,0,1.0
VEN0103,2023-07-24,Preferred Service Vendor 103,Strategic,8,4833,9.55,1,0.9225
VEN0103,2023-07-31,Preferred Service Vendor 103,Strategic,8,4513,10.0,1,0.9
VEN0103,2023-08-07,Preferred Service Vendor 103,Strategic,8,3122,6.19,0,1.0
VEN0103,2023-08-14,Preferred Service Vendor 103,Strategic,8,4633,11.62,1,0.819
VEN0103,2023-08-21,Preferred Service Vendor 103,Strategic,8,5950,7.85,0,1.0
VEN0103,2023-08-28,Preferred Service Vendor 103,Strategic,8,4923,5.15,0,1.0
VEN0103,2023-09-04,Preferred Service Vendor 103,Strategic,8,6044,9.08,1,0.946
VEN0103,2023-09-11,Preferred Service Vendor 103,Strategic,8,4550,7.86,0,1.0
VEN0103,2023-09-18,Preferred Service Vendor 103,Strategic,8,4516,9.26,1,0.937
VEN0103,2023-09-25,Preferred Service Vendor 103,Strategic,8,5175,8.38,1,0.981
VEN0103,2023-10-02,Preferred Service Vendor 103,Strategic,8,3492,9.35,1,0.9325
VEN0103,2023-10-09,Preferred Service Vendor 103,Strategic,8,4827,12.57,1,0.7715
VEN0103,2023-10-16,Preferred Service Vendor 103,Strategic,8,6108,10.08,1,0.896
VEN0103,2023-10-23,Preferred Service Vendor 103,Strategic,8,2482,10.42,1,0.879
VEN0103,2023-10-30,Preferred Service Vendor 103,Strategic,8,5750,9.98,1,0.901
VEN0103,2023-11-06,Preferred Service Vendor 103,Strategic,8,2168,13.02,1,0.749
VEN0103,2023-11-13,Preferred Service Vendor 103,Strategic,8,2187,10.21,1,0.8895
VEN0103,2023-11-20,Preferred Service Vendor 103,Strategic,8,3303,13.5,1,0.725
VEN0103,2023-11-27,Preferred Service Vendor 103,Strategic,8,4275,10.05,1,0.8975
VEN0103,2023-12-04,Preferred Service Vendor 103,Strategic,8,2814,7.84,0,1.0
VEN0103,2023-12-11,Preferred Service Vendor 103,Strategic,8,4533,10.06,1,0.897
VEN0103,2023-12-18,Preferred Service Vendor 103,Strategic,8,2838,8.85,1,0.9575
VEN0103,2023-12-25,Preferred Service Vendor 103,Strategic,8,4933,7.51,0,1.0
VEN0103,2024-01-01,Preferred Service Vendor 103,Strategic,8,4874,5.43,0,1.0
VEN0103,2024-01-08,Preferred Service Vendor 103,Strategic,8,5179,5.14,0,1.0
VEN0103,2024-01-15,Preferred Service Vendor 103,Strategic,8,5398,8.79,1,0.9605
VEN0103,2024-01-22,Preferred Service Vendor 103,Strategic,8,4656,8.81,1,0.9595
VEN0103,2024-01-29,Preferred Service Vendor 103,Strategic,8,3588,9.83,1,0.9085
VEN0103,2024-02-05,Preferred Service Vendor 103,Strategic,8,2467,8.99,1,0.9505
VEN0103,2024-02-12,Preferred Service Vendor 103,Strategic,8,3296,9.2,1,0.94
VEN0103,2024-02-19,Preferred Service Vendor 103,Strategic,8,2348,6.6,0,1.0
VEN0103,2024-02-26,Preferred Service Vendor 103,Strategic,8,5256,11.51,1,0.8245
VEN0103,2024-03-04,Preferred Service Vendor 103,Strategic,8,4695,10.15,1,0.8925
VEN0103,2024-03-11,Preferred Service Vendor 103,Strategic,8,3265,7.83,0,1.0
VEN0103,2024-03-18,Preferred Service Vendor 103,Strategic,8,4926,10.07,1,0.8965
VEN0103,2024-03-25,Preferred Service Vendor 103,Strategic,8,2644,6.86,0,1.0
VEN0103,2024-04-01,Preferred Service Vendor 103,Strategic,8,3138,7.3,0,1.0
VEN0103,2024-04-08,Preferred Service Vendor 103,Strategic,8,4112,9.82,1,0.909
VEN0103,2024-04-15,Preferred Service Vendor 103,Strategic,8,3285,6.97,0,1.0
VEN0103,2024-04-22,Preferred Service Vendor 103,Strategic,8,6079,8.88,1,0.956
VEN0103,2024-04-29,Preferred Service Vendor 103,Strategic,8,3806,10.26,1,0.887
VEN0103,2024-05-06,Preferred Service Vendor 103,Strategic,8,3357,10.28,1,0.886
VEN0103,2024-05-13,Preferred Service Vendor 103,Strategic,8,2276,8.85,1,0.9575
VEN0103,2024-05-20,Preferred Service Vendor 103,Strategic,8,3531,8.38,1,0.981
VEN0103,2024-05-27,Preferred Service Vendor 103,Strategic,8,5628,7.77,0,1.0
VEN0103,2024-06-03,Preferred Service Vendor 103,Strategic,8,4862,9.46,1,0.927
VEN0103,2024-06-10,Preferred Service Vendor 103,Strategic,8,2594,5.11,0,1.0
VEN0103,2024-06-17,Preferred Service Vendor 103,Strategic,8,3684,8.3,1,0.985
VEN0103,2024-06-24,Preferred Service Vendor 103,Strategic,8,5097,9.64,1,0.918
VEN0103,2024-07-01,Preferred Service Vendor 103,Strategic,8,4234,7.03,0,1.0
VEN0103,2024-07-08,Preferred Service Vendor 103,Strategic,8,5852,5.69,0,1.0
VEN0103,2024-07-15,Preferred Service Vendor 103,Strategic,8,6900,6.8,0,1.0
VEN0103,2024-07-22,Preferred Service Vendor 103,Strategic,8,5493,10.13,1,0.8935
VEN0103,2024-07-29,Preferred Service Vendor 103,Strategic,8,4429,5.53,0,1.0
VEN0103,2024-08-05,Preferred Service Vendor 103,Strategic,8,4815,7.22,0,1.0
VEN0103,2024-08-12,Preferred Service Vendor 103,Strategic,8,6945,10.0,1,0.9
VEN0103,2024-08-19,Preferred Service Vendor 103,Strategic,8,3573,10.02,1,0.899
VEN0103,2024-08-26,Preferred Service Vendor 103,Strategic,8,7167,5.44,0,1.0
VEN0103,2024-09-02,Preferred Service Vendor 103,Strategic,8,4378,10.48,1,0.876
VEN0103,2024-09-09,Preferred Service Vendor 103,Strategic,8,3402,11.76,1,0.812
VEN0103,2024-09-16,Preferred Service Vendor 103,Strategic,8,2730,10.53,1,0.8735
VEN0103,2024-09-23,Preferred Service Vendor 103,Strategic,8,4511,5.49,0,1.0
VEN0103,2024-09-30,Preferred Service Vendor 103,Strategic,8,1950,7.79,0,1.0
VEN0103,2024-10-07,Preferred Service Vendor 103,Strategic,8,2622,7.69,0,1.0
VEN0103,2024-10-14,Preferred Service Vendor 103,Strategic,8,5771,7.99,0,1.0
VEN0103,2024-10-21,Preferred Service Vendor 103,Strategic,8,3764,11.17,1,0.8415
VEN0103,2024-10-28,Preferred Service Vendor 103,Strategic,8,3172,11.69,1,0.8155
VEN0103,2024-11-04,Preferred Service Vendor 103,Strategic,8,3021,10.45,1,0.8775
VEN0103,2024-11-11,Preferred Service Vendor 103,Strategic,8,5748,12.1,1,0.795
VEN0103,2024-11-18,Preferred Service Vendor 103,Strategic,8,6789,7.86,0,1.0
VEN0103,2024-11-25,Preferred Service Vendor 103,Strategic,8,5837,10.76,1,0.862
VEN0103,2024-12-02,Preferred Service Vendor 103,Strategic,8,4120,6.67,0,1.0
VEN0103,2024-12-09,Preferred Service Vendor 103,Strategic,8,2623,5.54,0,1.0
VEN0103,2024-12-16,Preferred Service Vendor 103,Strategic,8,3039,7.35,0,1.0
VEN0103,2024-12-23,Preferred Service Vendor 103,Strategic,8,3856,10.68,1,0.866
VEN0103,2024-12-30,Preferred Service Vendor 103,Strategic,8,5050,5.21,0,1.0
VEN0104,2023-01-02,Preferred Service Vendor 104,Strategic,4,4258,3.65,0,1.0
VEN0104,2023-01-09,Preferred Service Vendor 104,Strategic,4,3778,3.5,0,1.0
VEN0104,2023-01-16,Preferred Service Vendor 104,Strategic,4,2590,6.02,1,0.899
VEN0104,2023-01-23,Preferred Service Vendor 104,Strategic,4,3979,5.04,1,0.948
VEN0104,2023-01-30,Preferred Service Vendor 104,Strategic,4,4215,5.09,1,0.9455
VEN0104,2023-02-06,Preferred Service Vendor 104,Strategic,4,7630,4.06,1,0.997
VEN0104,2023-02-13,Preferred Service Vendor 104,Strategic,4,3637,3.97,0,1.0
VEN0104,2023-02-20,Preferred Service Vendor 104,Strategic,4,5852,2.57,0,1.0
VEN0104,2023-02-27,Preferred Service Vendor 104,Strategic,4,3939,2.69,0,1.0
VEN0104,2023-03-06,Preferred Service Vendor 104,Strategic,4,4846,1.05,0,1.0
VEN0104,2023-03-13,Preferred Service Vendor 104,Strategic,4,5515,4.5,1,0.975
VEN0104,2023-03-20,Preferred Service Vendor 104,Strategic,4,4578,4.71,1,0.9645
VEN0104,2023-03-27,Preferred Service Vendor 104,Strategic,4,4087,5.41,1,0.9295
VEN0104,2023-04-03,Preferred Service Vendor 104,Strategic,4,4151,4.84,1,0.958
VEN0104,2023-04-10,Preferred Service Vendor 104,Strategic,4,5444,4.97,1,0.9515
VEN0104,2023-04-17,Preferred Service Vendor 104,Strategic,4,3985,4.6,1,0.97
VEN0104,2023-04-24,Preferred Service Vendor 104,Strategic,4,3704,2.45,0,1.0
VEN0104,2023-05-01,Preferred Service Vendor 104,Strategic,4,2944,4.91,1,0.9545
VEN0104,2023-05-08,Preferred Service Vendor 104,Strategic,4,6741,6.69,1,0.8655
VEN0104,2023-05-15,Preferred Service Vendor 104,Strategic,4,1627,4.03,1,0.9985
VEN0104,2023-05-22,Preferred Service Vendor 104,Strategic,4,4815,6.45,1,0.8775
VEN0104,2023-05-29,Preferred Service Vendor 104,Strategic,4,3856,2.61,0,1.0
VEN0104,2023-06-05,Preferred Service Vendor 104,Strategic,4,3465,2.72,0,1.0
VEN0104,2023-06-12,Preferred Service Vendor 104,Strategic,4,2002,3.08,0,1.0
VEN0104,2023-06-19,Preferred Service Vendor 104,Strategic,4,3973,5.26,1,0.937
VEN0104,2023-06-26,Preferred Service Vendor 104,Strategic,4,3383,6.36,1,0.882
VEN0104,2023-07-03,Preferred Service Vendor 104,Strategic,4,5444,5.95,1,0.9025
VEN0104,2023-07-10,Preferred Service Vendor 104,Strategic,4,4325,4.65,1,0.9675
VEN0104,2023-07-17,Preferred Service Vendor 104,Strategic,4,5034,6.3,1,0.885
VEN0104,2023-07-24,Preferred Service Vendor 104,Strategic,4,3495,2.26,0,1.0
VEN0104,2023-07-31,Preferred Service Vendor 104,Strategic,4,3166,2.99,0,1.0
VEN0104,2023-08-07,Preferred Service Vendor 104,Strategic,4,3051,2.06,0,1.0
VEN0104,2023-08-14,Preferred Service Vendor 104,Strategic,4,3115,6.68,1,0.866
VEN0104,2023-08-21,Preferred Service Vendor 104,Strategic,4,5227,4.77,1,0.9615
VEN0104,2023-08-28,Preferred Service Vendor 104,Strategic,4,4240,4.79,1,0.9605
VEN0104,2023-09-04,Preferred Service Vendor 104,Strategic,4,3279,2.85,0,1.0
VEN0104,2023-09-11,Preferred Service Vendor 104,Strategic,4,4145,5.74,1,0.913
VEN0104,2023-09-18,Preferred Service Vendor 104,Strategic,4,4227,2.62,0,1.0
VEN0104,2023-09-25,Preferred Service Vendor 104,Strategic,4,2967,4.26,1,0.987
VEN0104,2023-10-02,Preferred Service Vendor 104,Strategic,4,4109,2.72,0,1.0
VEN0104,2023-10-09,Preferred Service Vendor 104,Strategic,4,2795,3.01,0,1.0
VEN0104,2023-10-16,Preferred Service Vendor 104,Strategic,4,3559,6.26,1,0.887
VEN0104,2023-10-23,Preferred Service Vendor 104,Strategic,4,3419,4.13,1,0.9935
VEN0104,2023-10-30,Preferred Service Vendor 104,Strategic,4,3070,2.85,0,1.0
VEN0104,2023-11-06,Preferred Service Vendor 104,Strategic,4,6414,4.36,1,0.982
VEN0104,2023-11-13,Preferred Service Vendor 104,Strategic,4,5108,4.4,1,0.98
VEN0104,2023-11-20,Preferred Service Vendor 104,Strategic,4,3952,2.56,0,1.0
VEN0104,2023-11-27,Preferred Service Vendor 104,Strategic,4,3561,3.99,0,1.0
VEN0104,2023-12-04,Preferred Service Vendor 104,Strategic,4,5015,5.19,1,0.9405
VEN0104,2023-12-11,Preferred Service Vendor 104,Strategic,4,810,4.84,1,0.958
VEN0104,2023-12-18,Preferred Service Vendor 104,Strategic,4,2256,4.59,1,0.9705
VEN0104,2023-12-25,Preferred Service Vendor 104,Strategic,4,2697,5.0,1,0.95
VEN0104,2024-01-01,Preferred Service Vendor 104,Strategic,4,4388,4.38,1,0.981
VEN0104,2024-01-08,Preferred Service Vendor 104,Strategic,4,5191,2.83,0,1.0
VEN0104,2024-01-15,Preferred Service Vendor 104,Strategic,4,6215,4.25,1,0.9875
VEN0104,2024-01-22,Preferred Service Vendor 104,Strategic,4,2778,5.18,1,0.941
VEN0104,2024-01-29,Preferred Service Vendor 104,Strategic,4,5728,3.61,0,1.0
VEN0104,2024-02-05,Preferred Service Vendor 104,Strategic,4,3931,5.61,1,0.9195
VEN0104,2024-02-12,Preferred Service Vendor 104,Strategic,4,3258,4.62,1,0.969
VEN0104,2024-02-19,Preferred Service Vendor 104,Strategic,4,2296,3.28,0,1.0
VEN0104,2024-02-26,Preferred Service Vendor 104,Strategic,4,2916,3.61,0,1.0
VEN0104,2024-03-04,Preferred Service Vendor 104,Strategic,4,2856,4.93,1,0.9535
VEN0104,2024-03-11,Preferred Service Vendor 104,Strategic,4,3585,5.47,1,0.9265
VEN0104,2024-03-18,Preferred Service Vendor 104,Strategic,4,3241,3.55,0,1.0
VEN0104,2024-03-25,Preferred Service Vendor 104,Strategic,4,3899,3.07,0,1.0
VEN0104,2024-04-01,Preferred Service Vendor 104,Strategic,4,3019,2.12,0,1.0
VEN0104,2024-04-08,Preferred Service Vendor 104,Strategic,4,2701,2.92,0,1.0
VEN0104,2024-04-15,Preferred Service Vendor 104,Strategic,4,6431,5.09,1,0.9455
VEN0104,2024-04-22,Preferred Service Vendor 104,Strategic,4,5036,6.05,1,0.8975
VEN0104,2024-04-29,Preferred Service Vendor 104,Strategic,4,4001,3.52,0,1.0
VEN0104,2024-05-06,Preferred Service Vendor 104,Strategic,4,3708,5.36,1,0.932
VEN0104,2024-05-13,Preferred Service Vendor 104,Strategic,4,4447,5.72,1,0.914
VEN0104,2024-05-20,Preferred Service Vendor 104,Strategic,4,5207,3.14,0,1.0
VEN0104,2024-05-27,Preferred Service Vendor 104,Strategic,4,3704,4.16,1,0.992
VEN0104,2024-06-03,Preferred Service Vendor 104,Strategic,4,5959,6.71,1,0.8645
VEN0104,2024-06-10,Preferred Service Vendor 104,Strategic,4,3541,3.99,0,1.0
VEN0104,2024-06-17,Preferred Service Vendor 104,Strategic,4,5038,5.42,1,0.929
VEN0104,2024-06-24,Preferred Service Vendor 104,Strategic,4,4976,6.15,1,0.8925
VEN0104,2024-07-01,Preferred Service Vendor 104,Strategic,4,1958,5.66,1,0.917
VEN0104,2024-07-08,Preferred Service Vendor 104,Strategic,4,2766,3.84,0,1.0
VEN0104,2024-07-15,Preferred Service Vendor 104,Strategic,4,4387,3.08,0,1.0
VEN0104,2024-07-22,Preferred Service Vendor 104,Strategic,4,6062,5.42,1,0.929
VEN0104,2024-07-29,Preferred Service Vendor 104,Strategic,4,4014,3.14,0,1.0
VEN0104,2024-08-05,Preferred Service Vendor 104,Strategic,4,5347,3.72,0,1.0
VEN0104,2024-08-12,Preferred Service Vendor 104,Strategic,4,6024,3.11,0,1.0
VEN0104,2024-08-19,Preferred Service Vendor 104,Strategic,4,4284,2.51,0,1.0
VEN0104,2024-08-26,Preferred Service Vendor 104,Strategic,4,5052,3.99,0,1.0
VEN0104,2024-09-02,Preferred Service Vendor 104,Strategic,4,2953,5.36,1,0.932
VEN0104,2024-09-09,Preferred Service Vendor 104,Strategic,4,4458,4.97,1,0.9515
VEN0104,2024-09-16,Preferred Service Vendor 104,Strategic,4,3670,3.95,0,1.0
VEN0104,2024-09-23,Preferred Service Vendor 104,Strategic,4,4613,4.3,1,0.985
VEN0104,2024-09-30,Preferred Service Vendor 104,Strategic,4,4798,3.33,0,1.0
VEN0104,2024-10-07,Preferred Service Vendor 104,Strategic,4,2096,6.8,1,0.86
VEN0104,2024-10-14,Preferred Service Vendor 104,Strategic,4,2428,5.88,1,0.906
VEN0104,2024-10-21,Preferred Service Vendor 104,Strategic,4,5033,5.78,1,0.911
VEN0104,2024-10-28,Preferred Service Vendor 104,Strategic,4,2947,4.95,1,0.9525
VEN0104,2024-11-04,Preferred Service Vendor 104,Strategic,4,4047,4.53,1,0.9735
VEN0104,2024-11-11,Preferred Service Vendor 104,Strategic,4,5907,3.64,0,1.0
VEN0104,2024-11-18,Preferred Service Vendor 104,Strategic,4,3438,3.07,0,1.0
VEN0104,2024-11-25,Preferred Service Vendor 104,Strategic,4,3266,3.81,0,1.0
VEN0104,2024-12-02,Preferred Service Vendor 104,Strategic,4,3372,4.46,1,0.977
VEN0104,2024-12-09,Preferred Service Vendor 104,Strategic,4,4422,3.55,0,1.0
VEN0104,2024-12-16,Preferred Service Vendor 104,Strategic,4,3442,2.44,0,1.0
VEN0104,2024-12-23,Preferred Service Vendor 104,Strategic,4,3509,4.46,1,0.977
VEN0104,2024-12-30,Preferred Service Vendor 104,Strategic,4,2758,3.8,0,1.0
VEN0105,2023-01-02,Preferred Service Vendor 105,Preferred,2,4281,2.95,1,0.9525
VEN0105,2023-01-09,Preferred Service Vendor 105,Preferred,2,5239,1.94,0,1.0
VEN0105,2023-01-16,Preferred Service Vendor 105,Preferred,2,3818,1.43,0,1.0
VEN0105,2023-01-23,Preferred Service Vendor 105,Preferred,2,1619,2.1,1,0.995
VEN0105,2023-01-30,Preferred Service Vendor 105,Preferred,2,4651,4.66,1,0.867
VEN0105,2023-02-06,Preferred Service Vendor 105,Preferred,2,3257,2.48,1,0.976
VEN0105,2023-02-13,Preferred Service Vendor 105,Preferred,2,4517,1.08,0,1.0
VEN0105,2023-02-20,Preferred Service Vendor 105,Preferred,2,4748,2.57,1,0.9715
VEN0105,2023-02-27,Preferred Service Vendor 105,Preferred,2,4695,1.96,0,1.0
VEN0105,2023-03-06,Preferred Service Vendor 105,Preferred,2,5705,0.88,0,1.0
VEN0105,2023-03-13,Preferred Service Vendor 105,Preferred,2,4022,2.86,1,0.957
VEN0105,2023-03-20,Preferred Service Vendor 105,Preferred,2,5201,3.19,1,0.9405
VEN0105,2023-03-27,Preferred Service Vendor 105,Preferred,2,4082,1.13,0,1.0
VEN0105,2023-04-03,Preferred Service Vendor 105,Preferred,2,3625,1.81,0,1.0
VEN0105,2023-04-10,Preferred Service Vendor 105,Preferred,2,6201,1.45,0,1.0
VEN0105,2023-04-17,Preferred Service Vendor 105,Preferred,2,4777,1.5,0,1.0
VEN0105,2023-04-24,Preferred Service Vendor 105,Preferred,2,3314,0.52,0,1.0
VEN0105,2023-05-01,Preferred Service Vendor 105,Preferred,2,3638,1.3,0,1.0
VEN0105,2023-05-08,Preferred Service Vendor 105,Preferred,2,1948,3.41,1,0.9295
VEN0105,2023-05-15,Preferred Service Vendor 105,Preferred,2,4952,3.23,1,0.9385
VEN0105,2023-05-22,Preferred Service Vendor 105,Preferred,2,4989,1.92,0,1.0
VEN0105,2023-05-29,Preferred Service Vendor 105,Preferred,2,3136,1.41,0,1.0
VEN0105,2023-06-05,Preferred Service Vendor 105,Preferred,2,2673,0.87,0,1.0
VEN0105,2023-06-12,Preferred Service Vendor 105,Preferred,2,5133,2.47,1,0.9765
VEN0105,2023-06-19,Preferred Service Vendor 105,Preferred,2,3051,0.5,0,1.0
VEN0105,2023-06-26,Preferred Service Vendor 105,Preferred,2,3475,3.12,1,0.944
VEN0105,2023-07-03,Preferred Service Vendor 105,Preferred,2,3126,2.68,1,0.966
VEN0105,2023-07-10,Preferred Service Vendor 105,Preferred,2,3921,1.38,0,1.0
VEN0105,2023-07-17,Preferred Service Vendor 105,Preferred,2,3556,1.92,0,1.0
VEN0105,2023-07-24,Preferred Service Vendor 105,Preferred,2,5312,0.5,0,1.0
VEN0105,2023-07-31,Preferred Service Vendor 105,Preferred,2,5412,0.95,0,1.0
VEN0105,2023-08-07,Preferred Service Vendor 105,Preferred,2,2762,3.63,1,0.9185
VEN0105,2023-08-14,Preferred Service Vendor 105,Preferred,2,5493,2.06,1,0.997
VEN0105,2023-08-21,Preferred Service Vendor 105,Preferred,2,5463,0.5,0,1.0
VEN0105,2023-08-28,Preferred Service Vendor 105,Preferred,2,3310,1.62,0,1.0
VEN0105,2023-09-04,Preferred Service Vendor 105,Preferred,2,3089,1.71,0,1.0
VEN0105,2023-09-11,Preferred Service Vendor 105,Preferred,2,5324,2.73,1,0.9635
VEN0105,2023-09-18,Preferred Service Vendor 105,Preferred,2,4442,2.18,1,0.991
VEN0105,2023-09-25,Preferred Service Vendor 105,Preferred,2,4093,3.06,1,0.947
VEN0105,2023-10-02,Preferred Service Vendor 105,Preferred,2,5735,4.77,1,0.8615
VEN0105,2023-10-09,Preferred Service Vendor 105,Preferred,2,5354,4.6,1,0.87
VEN0105,2023-10-16,Preferred Service Vendor 105,Preferred,2,5148,1.41,0,1.0
VEN0105,2023-10-23,Preferred Service Vendor 105,Preferred,2,3592,3.94,1,0.903
VEN0105,2023-10-30,Preferred Service Vendor 105,Preferred,2,4074,4.02,1,0.899
VEN0105,2023-11-06,Preferred Service Vendor 105,Preferred,2,3510,2.19,1,0.9905
VEN0105,2023-11-13,Preferred Service Vendor 105,Preferred,2,2664,1.88,0,1.0
VEN0105,2023-11-20,Preferred Service Vendor 105,Preferred,2,6104,2.72,1,0.964
VEN0105,2023-11-27,Preferred Service Vendor 105,Preferred,2,5219,3.94,1,0.903
VEN0105,2023-12-04,Preferred Service Vendor 105,Preferred,2,4936,2.19,1,0.9905
VEN0105,2023-12-11,Preferred Service Vendor 105,Preferred,2,5636,1.02,0,1.0
VEN0105,2023-12-18,Preferred Service Vendor 105,Preferred,2,2591,1.94,0,1.0
VEN0105,2023-12-25,Preferred Service Vendor 105,Preferred,2,4690,2.85,1,0.9575
VEN0105,2024-01-01,Preferred Service Vendor 105,Preferred,2,3801,0.5,0,1.0
VEN0105,2024-01-08,Preferred Service Vendor 105,Preferred,2,3588,3.01,1,0.9495
VEN0105,2024-01-15,Preferred Service Vendor 105,Preferred,2,6139,1.65,0,1.0
VEN0105,2024-01-22,Preferred Service Vendor 105,Preferred,2,4832,1.48,0,1.0
VEN0105,2024-01-29,Preferred Service Vendor 105,Preferred,2,5437,4.14,1,0.893
VEN0105,2024-02-05,Preferred Service Vendor 105,Preferred,2,4740,2.45,1,0.9775
VEN0105,2024-02-12,Preferred Service Vendor 105,Preferred,2,5239,2.65,1,0.9675
VEN0105,2024-02-19,Preferred Service Vendor 105,Preferred,2,2608,0.76,0,1.0
VEN0105,2024-02-26,Preferred Service Vendor 105,Preferred,2,4577,1.08,0,1.0
VEN0105,2024-03-04,Preferred Service Vendor 105,Preferred,2,2432,4.02,1,0.899
VEN0105,2024-03-11,Preferred Service Vendor 105,Preferred,2,4239,2.31,1,0.9845
VEN0105,2024-03-18,Preferred Service Vendor 105,Preferred,2,3386,2.06,1,0.997
VEN0105,2024-03-25,Preferred Service Vendor 105,Preferred,2,4055,1.36,0,1.0
VEN0105,2024-04-01,Preferred Service Vendor 105,Preferred,2,5094,2.38,1,0.981
VEN0105,2024-04-08,Preferred Service Vendor 105,Preferred,2,2748,1.77,0,1.0
VEN0105,2024-04-15,Preferred Service Vendor 105,Preferred,2,1776,2.26,1,0.987
VEN0105,2024-04-22,Preferred Service Vendor 105,Preferred,2,3554,2.32,1,0.984
VEN0105,2024-04-29,Preferred Service Vendor 105,Preferred,2,4253,2.16,1,0.992
VEN0105,2024-05-06,Preferred Service Vendor 105,Preferred,2,1853,1.73,0,1.0
VEN0105,2024-05-13,Preferred Service Vendor 105,Preferred,2,4742,0.82,0,1.0
VEN0105,2024-05-20,Preferred Service Vendor 105,Preferred,2,3365,2.41,1,0.9795
VEN0105,2024-05-27,Preferred Service Vendor 105,Preferred,2,3144,2.06,1,0.997
VEN0105,2024-06-03,Preferred Service Vendor 105,Preferred,2,5017,2.36,1,0.982
VEN0105,2024-06-10,Preferred Service Vendor 105,Preferred,2,3725,2.11,1,0.9945
VEN0105,2024-06-17,Preferred Service Vendor 105,Preferred,2,4052,2.05,1,0.9975
VEN0105,2024-06-24,Preferred Service Vendor 105,Preferred,2,7047,2.34,1,0.983
VEN0105,2024-07-01,Preferred Service Vendor 105,Preferred,2,4019,2.23,1,0.9885
VEN0105,2024-07-08,Preferred Service Vendor 105,Preferred,2,3162,2.56,1,0.972
VEN0105,2024-07-15,Preferred Service Vendor 105,Preferred,2,6340,1.85,0,1.0
VEN0105,2024-07-22,Preferred Service Vendor 105,Preferred,2,900,0.75,0,1.0
VEN0105,2024-07-29,Preferred Service Vendor 105,Preferred,2,4099,2.61,1,0.9695
VEN0105,2024-08-05,Preferred Service Vendor 105,Preferred,2,4299,3.38,1,0.931
VEN0105,2024-08-12,Preferred Service Vendor 105,Preferred,2,5454,1.52,0,1.0
VEN0105,2024-08-19,Preferred Service Vendor 105,Preferred,2,4406,3.88,1,0.906
VEN0105,2024-08-26,Preferred Service Vendor 105,Preferred,2,4598,2.97,1,0.9515
VEN0105,2024-09-02,Preferred Service Vendor 105,Preferred,2,2582,2.53,1,0.9735
VEN0105,2024-09-09,Preferred Service Vendor 105,Preferred,2,2994,1.77,0,1.0
VEN0105,2024-09-16,Preferred Service Vendor 105,Preferred,2,2733,3.56,1,0.922
VEN0105,2024-09-23,Preferred Service Vendor 105,Preferred,2,4998,0.5,0,1.0
VEN0105,2024-09-30,Preferred Service Vendor 105,Preferred,2,5083,1.19,0,1.0
VEN0105,2024-10-07,Preferred Service Vendor 105,Preferred,2,6232,1.52,0,1.0
VEN0105,2024-10-14,Preferred Service Vendor 105,Preferred,2,4204,0.97,0,1.0
VEN0105,2024-10-21,Preferred Service Vendor 105,Preferred,2,2569,3.12,1,0.944
VEN0105,2024-10-28,Preferred Service Vendor 105,Preferred,2,2899,0.5,0,1.0
VEN0105,2024-11-04,Preferred Service Vendor 105,Preferred,2,3707,1.67,0,1.0
VEN0105,2024-11-11,Preferred Service Vendor 105,Preferred,2,5674,2.23,1,0.9885
VEN0105,2024-11-18,Preferred Service Vendor 105,Preferred,2,4982,1.52,0,1.0
VEN0105,2024-11-25,Preferred Service Vendor 105,Preferred,2,3822,0.5,0,1.0
VEN0105,2024-12-02,Preferred Service Vendor 105,Preferred,2,2438,1.46,0,1.0
VEN0105,2024-12-09,Preferred Service Vendor 105,Preferred,2,2141,0.98,0,1.0
VEN0105,2024-12-16,Preferred Service Vendor 105,Preferred,2,4219,2.33,1,0.9835
VEN0105,2024-12-23,Preferred Service Vendor 105,Preferred,2,4449,2.21,1,0.9895
VEN0105,2024-12-30,Preferred Service Vendor 105,Preferred,2,1702,2.58,1,0.971
VEN0106,2023-01-02,Preferred Service Vendor 106,Standard,8,5306,8.85,1,0.9575
VEN0106,2023-01-09,Preferred Service Vendor 106,Standard,8,4155,8.76,1,0.962
VEN0106,2023-01-16,Preferred Service Vendor 106,Standard,8,5140,10.53,1,0.8735
VEN0106,2023-01-23,Preferred Service Vendor 106,Standard,8,3518,6.88,0,1.0
VEN0106,2023-01-30,Preferred Service Vendor 106,Standard,8,3266,6.13,0,1.0
VEN0106,2023-02-06,Preferred Service Vendor 106,Standard,8,4524,11.07,1,0.8465
VEN0106,2023-02-13,Preferred Service Vendor 106,Standard,8,3766,12.15,1,0.7925
VEN0106,2023-02-20,Preferred Service Vendor 106,Standard,8,4035,5.7,0,1.0
VEN0106,2023-02-27,Preferred Service Vendor 106,Standard,8,2659,9.25,1,0.9375
VEN0106,2023-03-06,Preferred Service Vendor 106,Standard,8,4380,10.34,1,0.883
VEN0106,2023-03-13,Preferred Service Vendor 106,Standard,8,5762,8.34,1,0.983
VEN0106,2023-03-20,Preferred Service Vendor 106,Standard,8,2489,8.91,1,0.9545
VEN0106,2023-03-27,Preferred Service Vendor 106,Standard,8,5249,7.39,0,1.0
VEN0106,2023-04-03,Preferred Service Vendor 106,Standard,8,4261,10.13,1,0.8935
VEN0106,2023-04-10,Preferred Service Vendor 106,Standard,8,2697,9.54,1,0.923
VEN0106,2023-04-17,Preferred Service Vendor 106,Standard,8,7131,5.4,0,1.0
VEN0106,2023-04-24,Preferred Service Vendor 106,Standard,8,1968,11.6,1,0.82
VEN0106,2023-05-01,Preferred Service Vendor 106,Standard,8,4532,11.43,1,0.8285
VEN0106,2023-05-08,Preferred Service Vendor 106,Standard,8,5880,11.67,1,0.8165
VEN0106,2023-05-15,Preferred Service Vendor 106,Standard,8,4150,10.03,1,0.8985
VEN0106,2023-05-22,Preferred Service Vendor 106,Standard,8,4986,8.75,1,0.9625
VEN0106,2023-05-29,Preferred Service Vendor 106,Standard,8,2490,4.52,0,1.0
VEN0106,2023-06-05,Preferred Service Vendor 106,Standard,8,4027,8.93,1,0.9535
VEN0106,2023-06-12,Preferred Service Vendor 106,Standard,8,6325,6.12,0,1.0
VEN0106,2023-06-19,Preferred Service Vendor 106,Standard,8,3485,11.17,1,0.8415
VEN0106,2023-06-26,Preferred Service Vendor 106,Standard,8,5451,10.05,1,0.8975
VEN0106,2023-07-03,Preferred Service Vendor 106,Standard,8,2620,8.23,1,0.9885
VEN0106,2023-07-10,Preferred Service Vendor 106,Standard,8,5369,7.28,0,1.0
VEN0106,2023-07-17,Preferred Service Vendor 106,Standard,8,4694,8.62,1,0.969
VEN0106,2023-07-24,Preferred Service Vendor 106,Standard,8,2613,6.53,0,1.0
VEN0106,2023-07-31,Preferred Service Vendor 106,Standard,8,5531,5.13,0,1.0
VEN0106,2023-08-07,Preferred Service Vendor 106,Standard,8,3666,9.6,1,0.92
VEN0106,2023-08-14,Preferred Service Vendor 106,Standard,8,3793,5.65,0,1.0
VEN0106,2023-08-21,Preferred Service Vendor 106,Standard,8,5646,9.18,1,0.941
VEN0106,2023-08-28,Preferred Service Vendor 106,Standard,8,5455,5.45,0,1.0
VEN0106,2023-09-04,Preferred Service Vendor 106,Standard,8,3532,5.61,0,1.0
VEN0106,2023-09-11,Preferred Service Vendor 106,Standard,8,5384,7.03,0,1.0
VEN0106,2023-09-18,Preferred Service Vendor 106,Standard,8,3570,4.04,0,1.0
VEN0106,2023-09-25,Preferred Service Vendor 106,Standard,8,5569,11.02,1,0.849
VEN0106,2023-10-02,Preferred Service Vendor 106,Standard,8,5109,9.66,1,0.917
VEN0106,2023-10-09,Preferred Service Vendor 106,Standard,8,6277,4.66,0,1.0
VEN0106,2023-10-16,Preferred Service Vendor 106,Standard,8,5487,10.44,1,0.878
VEN0106,2023-10-23,Preferred Service Vendor 106,Standard,8,3038,9.51,1,0.9245
VEN0106,2023-10-30,Preferred Service Vendor 106,Standard,8,5283,8.84,1,0.958
VEN0106,2023-11-06,Preferred Service Vendor 106,Standard,8,3207,6.91,0,1.0
VEN0106,2023-11-13,Preferred Service Vendor 106,Standard,8,6794,8.46,1,0.977
VEN0106,2023-11-20,Preferred Service Vendor 106,Standard,8,5875,10.12,1,0.894
VEN0106,2023-11-27,Preferred Service Vendor 106,Standard,8,3740,7.09,0,1.0
VEN0106,2023-12-04,Preferred Service Vendor 106,Standard,8,4597,9.3,1,0.935
VEN0106,2023-12-11,Preferred Service Vendor 106,Standard,8,3280,7.87,0,1.0
VEN0106,2023-12-18,Preferred Service Vendor 106,Standard,8,2441,6.31,0,1.0
VEN0106,2023-12-25,Preferred Service Vendor 106,Standard,8,3924,10.74,1,0.863
VEN0106,2024-01-01,Preferred Service Vendor 106,Standard,8,2554,10.86,1,0.857
VEN0106,2024-01-08,Preferred Service Vendor 106,Standard,8,4394,9.82,1,0.909
VEN0106,2024-01-15,Preferred Service Vendor 106,Standard,8,1665,6.15,0,1.0
VEN0106,2024-01-22,Preferred Service Vendor 106,Standard,8,5527,6.33,0,1.0
VEN0106,2024-01-29,Preferred Service Vendor 106,Standard,8,3328,10.27,1,0.8865
VEN0106,2024-02-05,Preferred Service Vendor 106,Standard,8,4189,6.23,0,1.0
VEN0106,2024-02-12,Preferred Service Vendor 106,Standard,8,2027,11.15,1,0.8425
VEN0106,2024-02-19,Preferred Service Vendor 106,Standard,8,4191,6.3,0,1.0
VEN0106,2024-02-26,Preferred Service Vendor 106,Standard,8,5615,7.35,0,1.0
VEN0106,2024-03-04,Preferred Service Vendor 106,Standard,8,4003,6.26,0,1.0
VEN0106,2024-03-11,Preferred Service Vendor 106,Standard,8,5204,12.74,1,0.763
VEN0106,2024-03-18,Preferred Service Vendor 106,Standard,8,4291,9.79,1,0.9105
VEN0106,2024-03-25,Preferred Service Vendor 106,Standard,8,4293,12.85,1,0.7575
VEN0106,2024-04-01,Preferred Service Vendor 106,Standard,8,3561,14.02,1,0.699
VEN0106,2024-04-08,Preferred Service Vendor 106,Standard,8,2703,11.69,1,0.8155
VEN0106,2024-04-15,Preferred Service Vendor 106,Standard,8,4425,5.39,0,1.0
VEN0106,2024-04-22,Preferred Service Vendor 106,Standard,8,5562,12.09,1,0.7955
VEN0106,2024-04-29,Preferred Service Vendor 106,Standard,8,3486,7.05,0,1.0
VEN0106,2024-05-06,Preferred Service Vendor 106,Standard,8,5255,8.56,1,0.972
VEN0106,2024-05-13,Preferred Service Vendor 106,Standard,8,5187,6.56,0,1.0
VEN0106,2024-05-20,Preferred Service Vendor 106,Standard,8,4866,10.55,1,0.8725
VEN0106,2024-05-27,Preferred Service Vendor 106,Standard,8,5301,9.89,1,0.9055
VEN0106,2024-06-03,Preferred Service Vendor 106,Standard,8,4951,10.08,1,0.896
VEN0106,2024-06-10,Preferred Service Vendor 106,Standard,8,4171,5.4,0,1.0
VEN0106,2024-06-17,Preferred Service Vendor 106,Standard,8,4834,10.57,1,0.8715
VEN0106,2024-06-24,Preferred Service Vendor 106,Standard,8,3773,10.19,1,0.8905
VEN0106,2024-07-01,Preferred Service Vendor 106,Standard,8,2861,11.22,1,0.839
VEN0106,2024-07-08,Preferred Service Vendor 106,Standard,8,3036,6.61,0,1.0
VEN0106,2024-07-15,Preferred Service Vendor 106,Standard,8,5621,8.74,1,0.963
VEN0106,2024-07-22,Preferred Service Vendor 106,Standard,8,4095,5.45,0,1.0
VEN0106,2024-07-29,Preferred Service Vendor 106,Standard,8,4154,11.16,1,0.842
VEN0106,2024-08-05,Preferred Service Vendor 106,Standard,8,2960,9.86,1,0.907
VEN0106,2024-08-12,Preferred Service Vendor 106,Standard,8,4322,7.97,0,1.0
VEN0106,2024-08-19,Preferred Service Vendor 106,Standard,8,4129,4.62,0,1.0
VEN0106,2024-08-26,Preferred Service Vendor 106,Standard,8,4032,7.5,0,1.0
VEN0106,2024-09-02,Preferred Service Vendor 106,Standard,8,3915,11.63,1,0.8185
VEN0106,2024-09-09,Preferred Service Vendor 106,Standard,8,4358,8.55,1,0.9725
VEN0106,2024-09-16,Preferred Service Vendor 106,Standard,8,5790,8.33,1,0.9835
VEN0106,2024-09-23,Preferred Service Vendor 106,Standard,8,6669,7.56,0,1.0
VEN0106,2024-09-30,Preferred Service Vendor 106,Standard,8,4546,8.99,1,0.9505
VEN0106,2024-10-07,Preferred Service Vendor 106,Standard,8,6273,11.77,1,0.8115
VEN0106,2024-10-14,Preferred Service Vendor 106,Standard,8,5617,7.59,0,1.0
VEN0106,2024-10-21,Preferred Service Vendor 106,Standard,8,5120,8.39,1,0.9805
VEN0106,2024-10-28,Preferred Service Vendor 106,Standard,8,4544,10.2,1,0.89
VEN0106,2024-11-04,Preferred Service Vendor 106,Standard,8,4083,9.44,1,0.928
VEN0106,2024-11-11,Preferred Service Vendor 106,Standard,8,3034,5.72,0,1.0
VEN0106,2024-11-18,Preferred Service Vendor 106,Standard,8,4318,5.79,0,1.0
VEN0106,2024-11-25,Preferred Service Vendor 106,Standard,8,2453,8.27,1,0.9865
VEN0106,2024-12-02,Preferred Service Vendor 106,Standard,8,4291,4.19,0,1.0
VEN0106,2024-12-09,Preferred Service Vendor 106,Standard,8,4686,7.52,0,1.0
VEN0106,2024-12-16,Preferred Service Vendor 106,Standard,8,4780,6.83,0,1.0
VEN0106,2024-12-23,Preferred Service Vendor 106,Standard,8,2668,6.44,0,1.0
VEN0106,2024-12-30,Preferred Service Vendor 106,Standard,8,5523,8.04,1,0.998
VEN0107,2023-01-02,Preferred Service Vendor 107,Strategic,12,5950,11.26,0,1.0
VEN0107,2023-01-09,Preferred Service Vendor 107,Strategic,12,2328,9.38,0,1.0
VEN0107,2023-01-16,Preferred Service Vendor 107,Strategic,12,3870,14.94,1,0.853
VEN0107,2023-01-23,Preferred Service Vendor 107,Strategic,12,3575,9.7,0,1.0
VEN0107,2023-01-30,Preferred Service Vendor 107,Strategic,12,3591,12.19,1,0.9905
VEN0107,2023-02-06,Preferred Service Vendor 107,Strategic,12,4330,16.21,1,0.7895
VEN0107,2023-02-13,Preferred Service Vendor 107,Strategic,12,5190,11.79,0,1.0
VEN0107,2023-02-20,Preferred Service Vendor 107,Strategic,12,4718,20.89,1,0.5555
VEN0107,2023-02-27,Preferred Service Vendor 107,Strategic,12,5953,14.87,1,0.8565
VEN0107,2023-03-06,Preferred Service Vendor 107,Strategic,12,4971,10.88,0,1.0
VEN0107,2023-03-13,Preferred Service Vendor 107,Strategic,12,4010,15.03,1,0.8485
VEN0107,2023-03-20,Preferred Service Vendor 107,Strategic,12,4067,11.68,0,1.0
VEN0107,2023-03-27,Preferred Service Vendor 107,Strategic,12,4554,9.73,0,1.0
VEN0107,2023-04-03,Preferred Service Vendor 107,Strategic,12,4880,11.81,0,1.0
VEN0107,2023-04-10,Preferred Service Vendor 107,Strategic,12,6520,17.23,1,0.7385
VEN0107,2023-04-17,Preferred Service Vendor 107,Strategic,12,4224,12.97,1,0.9515
VEN0107,2023-04-24,Preferred Service Vendor 107,Strategic,12,3447,17.87,1,0.7065
VEN0107,2023-05-01,Preferred Service Vendor 107,Strategic,12,6443,16.76,1,0.762
VEN0107,2023-05-08,Preferred Service Vendor 107,Strategic,12,3507,6.78,0,1.0
VEN0107,2023-05-15,Preferred Service Vendor 107,Strategic,12,4341,13.07,1,0.9465
VEN0107,2023-05-22,Preferred Service Vendor 107,Strategic,12,4504,8.6,0,1.0
VEN0107,2023-05-29,Preferred Service Vendor 107,Strategic,12,6294,13.4,1,0.93
VEN0107,2023-06-05,Preferred Service Vendor 107,Strategic,12,3304,14.66,1,0.867
VEN0107,2023-06-12,Preferred Service Vendor 107,Strategic,12,4075,16.12,1,0.794
VEN0107,2023-06-19,Preferred Service Vendor 107,Strategic,12,6138,14.18,1,0.891
VEN0107,2023-06-26,Preferred Service Vendor 107,Strategic,12,4314,17.0,1,0.75
VEN0107,2023-07-03,Preferred Service Vendor 107,Strategic,12,3230,19.01,1,0.6495
VEN0107,2023-07-10,Preferred Service Vendor 107,Strategic,12,5196,18.16,1,0.692
VEN0107,2023-07-17,Preferred Service Vendor 107,Strategic,12,4654,13.2,1,0.94
VEN0107,2023-07-24,Preferred Service Vendor 107,Strategic,12,4382,12.53,1,0.9735
VEN0107,2023-07-31,Preferred Service Vendor 107,Strategic,12,7141,11.53,0,1.0
VEN0107,2023-08-07,Preferred Service Vendor 107,Strategic,12,5502,14.22,1,0.889
VEN0107,2023-08-14,Preferred Service Vendor 107,Strategic,12,3231,12.43,1,0.9785
VEN0107,2023-08-21,Preferred Service Vendor 107,Strategic,12,3432,17.44,1,0.728
VEN0107,2023-08-28,Preferred Service Vendor 107,Strategic,12,3757,12.66,1,0.967
VEN0107,2023-09-04,Preferred Service Vendor 107,Strategic,12,4561,8.54,0,1.0
VEN0107,2023-09-11,Preferred Service Vendor 107,Strategic,12,3558,8.4,0,1.0
VEN0107,2023-09-18,Preferred Service Vendor 107,Strategic,12,4055,7.45,0,1.0
VEN0107,2023-09-25,Preferred Service Vendor 107,Strategic,12,6008,10.1,0,1.0
VEN0107,2023-10-02,Preferred Service Vendor 107,Strategic,12,3322,10.64,0,1.0
VEN0107,2023-10-09,Preferred Service Vendor 107,Strategic,12,4107,8.93,0,1.0
VEN0107,2023-10-16,Preferred Service Vendor 107,Strategic,12,6310,15.45,1,0.8275
VEN0107,2023-10-23,Preferred Service Vendor 107,Strategic,12,3569,17.52,1,0.724
VEN0107,2023-10-30,Preferred Service Vendor 107,Strategic,12,4279,17.86,1,0.707
VEN0107,2023-11-06,Preferred Service Vendor 107,Strategic,12,3337,15.45,1,0.8275
VEN0107,2023-11-13,Preferred Service Vendor 107,Strategic,12,5352,17.41,1,0.7295
VEN0107,2023-11-20,Preferred Service Vendor 107,Strategic,12,3882,15.72,1,0.814
VEN0107,2023-11-27,Preferred Service Vendor 107,Strategic,12,4390,10.54,0,1.0
VEN0107,2023-12-04,Preferred Service Vendor 107,Strategic,12,3601,9.86,0,1.0
VEN0107,2023-12-11,Preferred Service Vendor 107,Strategic,12,3080,12.46,1,0.977
VEN0107,2023-12-18,Preferred Service Vendor 107,Strategic,12,3249,18.17,1,0.6915
VEN0107,2023-12-25,Preferred Service Vendor 107,Strategic,12,3778,8.89,0,1.0
VEN0107,2024-01-01,Preferred Service Vendor 107,Strategic,12,3906,8.57,0,1.0
VEN0107,2024-01-08,Preferred Service Vendor 107,Strategic,12,3180,10.69,0,1.0
VEN0107,2024-01-15,Preferred Service Vendor 107,Strategic,12,5943,17.41,1,0.7295
VEN0107,2024-01-22,Preferred Service Vendor 107,Strategic,12,4696,12.3,1,0.985
VEN0107,2024-01-29,Preferred Service Vendor 107,Strategic,12,5798,11.53,0,1.0
VEN0107,2024-02-05,Preferred Service Vendor 107,Strategic,12,5102,11.91,0,1.0
VEN0107,2024-02-12,Preferred Service Vendor 107,Strategic,12,3254,8.64,0,1.0
VEN0107,2024-02-19,Preferred Service Vendor 107,Strategic,12,2856,15.51,1,0.8245
VEN0107,2024-02-26,Preferred Service Vendor 107,Strategic,12,5440,14.02,1,0.899
VEN0107,2024-03-04,Preferred Service Vendor 107,Strategic,12,7049,17.48,1,0.726
VEN0107,2024-03-11,Preferred Service Vendor 107,Strategic,12,4518,18.63,1,0.6685
VEN0107,2024-03-18,Preferred Service Vendor 107,Strategic,12,3661,17.94,1,0.703
VEN0107,2024-03-25,Preferred Service Vendor 107,Strategic,12,4205,5.41,0,1.0
VEN0107,2024-04-01,Preferred Service Vendor 107,Strategic,12,3669,17.13,1,0.7435
VEN0107,2024-04-08,Preferred Service Vendor 107,Strategic,12,3804,16.79,1,0.7605
VEN0107,2024-04-15,Preferred Service Vendor 107,Strategic,12,2034,16.11,1,0.7945
VEN0107,2024-04-22,Preferred Service Vendor 107,Strategic,12,3267,8.64,0,1.0
VEN0107,2024-04-29,Preferred Service Vendor 107,Strategic,12,4505,14.1,1,0.895
VEN0107,2024-05-06,Preferred Service Vendor 107,Strategic,12,2719,8.98,0,1.0
VEN0107,2024-05-13,Preferred Service Vendor 107,Strategic,12,6716,13.55,1,0.9225
VEN0107,2024-05-20,Preferred Service Vendor 107,Strategic,12,3496,9.13,0,1.0
VEN0107,2024-05-27,Preferred Service Vendor 107,Strategic,12,4709,9.99,0,1.0
VEN0107,2024-06-03,Preferred Service Vendor 107,Strategic,12,5060,12.15,1,0.9925
VEN0107,2024-06-10,Preferred Service Vendor 107,Strategic,12,3705,18.86,1,0.657
VEN0107,2024-06-17,Preferred Service Vendor 107,Strategic,12,5518,8.64,0,1.0
VEN0107,2024-06-24,Preferred Service Vendor 107,Strategic,12,4463,16.09,1,0.7955
VEN0107,2024-07-01,Preferred Service Vendor 107,Strategic,12,3384,10.31,0,1.0
VEN0107,2024-07-08,Preferred Service Vendor 107,Strategic,12,4108,14.59,1,0.8705
VEN0107,2024-07-15,Preferred Service Vendor 107,Strategic,12,5155,8.12,0,1.0
VEN0107,2024-07-22,Preferred Service Vendor 107,Strategic,12,4477,13.3,1,0.935
VEN0107,2024-07-29,Preferred Service Vendor 107,Strategic,12,3936,19.45,1,0.6275
VEN0107,2024-08-05,Preferred Service Vendor 107,Strategic,12,4688,13.27,1,0.9365
VEN0107,2024-08-12,Preferred Service Vendor 107,Strategic,12,4359,10.33,0,1.0
VEN0107,2024-08-19,Preferred Service Vendor 107,Strategic,12,3645,14.12,1,0.894
VEN0107,2024-08-26,Preferred Service Vendor 107,Strategic,12,3296,18.95,1,0.6525
VEN0107,2024-09-02,Preferred Service Vendor 107,Strategic,12,4779,16.24,1,0.788
VEN0107,2024-09-09,Preferred Service Vendor 107,Strategic,12,2745,9.6,0,1.0
VEN0107,2024-09-16,Preferred Service Vendor 107,Strategic,12,6050,16.34,1,0.783
VEN0107,2024-09-23,Preferred Service Vendor 107,Strategic,12,3957,10.23,0,1.0
VEN0107,2024-09-30,Preferred Service Vendor 107,Strategic,12,6598,15.58,1,0.821
VEN0107,2024-10-07,Preferred Service Vendor 107,Strategic,12,2997,8.4,0,1.0
VEN0107,2024-10-14,Preferred Service Vendor 107,Strategic,12,3522,19.7,1,0.615
VEN0107,2024-10-21,Preferred Service Vendor 107,Strategic,12,4280,13.16,1,0.942
VEN0107,2024-10-28,Preferred Service Vendor 107,Strategic,12,3074,7.88,0,1.0
VEN0107,2024-11-04,Preferred Service Vendor 107,Strategic,12,4341,14.18,1,0.891
VEN0107,2024-11-11,Preferred Service Vendor 107,Strategic,12,6142,12.71,1,0.9645
VEN0107,2024-11-18,Preferred Service Vendor 107,Strategic,12,5593,10.92,0,1.0
VEN0107,2024-11-25,Preferred Service Vendor 107,Strategic,12,3064,12.14,1,0.993
VEN0107,2024-12-02,Preferred Service Vendor 107,Strategic,12,2653,17.5,1,0.725
VEN0107,2024-12-09,Preferred Service Vendor 107,Strategic,12,5841,10.75,0,1.0
VEN0107,2024-12-16,Preferred Service Vendor 107,Strategic,12,5407,15.55,1,0.8225
VEN0107,2024-12-23,Preferred Service Vendor 107,Strategic,12,5463,15.05,1,0.8475
VEN0107,2024-12-30,Preferred Service Vendor 107,Strategic,12,3389,6.1,0,1.0
VEN0108,2023-01-02,Preferred Service Vendor 108,Strategic,12,6282,18.82,1,0.659
VEN0108,2023-01-09,Preferred Service Vendor 108,Strategic,12,4164,12.3,1,0.985
VEN0108,2023-01-16,Preferred Service Vendor 108,Strategic,12,4156,15.3,1,0.835
VEN0108,2023-01-23,Preferred Service Vendor 108,Strategic,12,4150,11.05,0,1.0
VEN0108,2023-01-30,Preferred Service Vendor 108,Strategic,12,3361,15.92,1,0.804
VEN0108,2023-02-06,Preferred Service Vendor 108,Strategic,12,5438,14.79,1,0.8605
VEN0108,2023-02-13,Preferred Service Vendor 108,Strategic,12,4185,9.82,0,1.0
VEN0108,2023-02-20,Preferred Service Vendor 108,Strategic,12,3768,10.78,0,1.0
VEN0108,2023-02-27,Preferred Service Vendor 108,Strategic,12,3786,8.0,0,1.0
VEN0108,2023-03-06,Preferred Service Vendor 108,Strategic,12,2715,11.33,0,1.0
VEN0108,2023-03-13,Preferred Service Vendor 108,Strategic,12,4202,12.87,1,0.9565
VEN0108,2023-03-20,Preferred Service Vendor 108,Strategic,12,3471,13.04,1,0.948
VEN0108,2023-03-27,Preferred Service Vendor 108,Strategic,12,5567,14.44,1,0.878
VEN0108,2023-04-03,Preferred Service Vendor 108,Strategic,12,5878,8.4,0,1.0
VEN0108,2023-04-10,Preferred Service Vendor 108,Strategic,12,4193,12.17,1,0.9915
VEN0108,2023-04-17,Preferred Service Vendor 108,Strategic,12,4655,8.82,0,1.0
VEN0108,2023-04-24,Preferred Service Vendor 108,Strategic,12,5093,7.39,0,1.0
VEN0108,2023-05-01,Preferred Service Vendor 108,Strategic,12,4343,11.04,0,1.0
VEN0108,2023-05-08,Preferred Service Vendor 108,Strategic,12,3665,7.58,0,1.0
VEN0108,2023-05-15,Preferred Service Vendor 108,Strategic,12,3341,9.99,0,1.0
VEN0108,2023-05-22,Preferred Service Vendor 108,Strategic,12,3207,9.6,0,1.0
VEN0108,2023-05-29,Preferred Service Vendor 108,Strategic,12,5742,17.7,1,0.715
VEN0108,2023-06-05,Preferred Service Vendor 108,Strategic,12,4121,12.29,1,0.9855
VEN0108,2023-06-12,Preferred Service Vendor 108,Strategic,12,6326,16.13,1,0.7935
VEN0108,2023-06-19,Preferred Service Vendor 108,Strategic,12,3732,11.53,0,1.0
VEN0108,2023-06-26,Preferred Service Vendor 108,Strategic,12,3273,15.2,1,0.84
VEN0108,2023-07-03,Preferred Service Vendor 108,Strategic,12,2276,13.54,1,0.923
VEN0108,2023-07-10,Preferred Service Vendor 108,Strategic,12,3321,14.55,1,0.8725
VEN0108,2023-07-17,Preferred Service Vendor 108,Strategic,12,4126,11.84,0,1.0
VEN0108,2023-07-24,Preferred Service Vendor 108,Strategic,12,3999,14.91,1,0.8545
VEN0108,2023-07-31,Preferred Service Vendor 108,Strategic,12,3500,9.77,0,1.0
VEN0108,2023-08-07,Preferred Service Vendor 108,Strategic,12,4415,7.35,0,1.0
VEN0108,2023-08-14,Preferred Service Vendor 108,Strategic,12,2960,17.13,1,0.7435
VEN0108,2023-08-21,Preferred Service Vendor 108,Strategic,12,3155,12.65,1,0.9675
VEN0108,2023-08-28,Preferred Service Vendor 108,Strategic,12,4496,18.63,1,0.6685
VEN0108,2023-09-04,Preferred Service Vendor 108,Strategic,12,5436,14.92,1,0.854
VEN0108,2023-09-11,Preferred Service Vendor 108,Strategic,12,2402,9.68,0,1.0
VEN0108,2023-09-18,Preferred Service Vendor 108,Strategic,12,2004,13.62,1,0.919
VEN0108,2023-09-25,Preferred Service Vendor 108,Strategic,12,1818,9.46,0,1.0
VEN0108,2023-10-02,Preferred Service Vendor 108,Strategic,12,2614,19.36,1,0.632
VEN0108,2023-10-09,Preferred Service Vendor 108,Strategic,12,4845,12.77,1,0.9615
VEN0108,2023-10-16,Preferred Service Vendor 108,Strategic,12,5086,16.4,1,0.78
VEN0108,2023-10-23,Preferred Service Vendor 108,Strategic,12,1774,12.54,1,0.973
VEN0108,2023-10-30,Preferred Service Vendor 108,Strategic,12,6290,11.94,0,1.0
VEN0108,2023-11-06,Preferred Service Vendor 108,Strategic,12,4376,11.08,0,1.0
VEN0108,2023-11-13,Preferred Service Vendor 108,Strategic,12,3025,12.55,1,0.9725
VEN0108,2023-11-20,Preferred Service Vendor 108,Strategic,12,1842,11.21,0,1.0
VEN0108,2023-11-27,Preferred Service Vendor 108,Strategic,12,2478,9.32,0,1.0
VEN0108,2023-12-04,Preferred Service Vendor 108,Strategic,12,4407,12.1,1,0.995
VEN0108,2023-12-11,Preferred Service Vendor 108,Strategic,12,4291,14.58,1,0.871
VEN0108,2023-12-18,Preferred Service Vendor 108,Strategic,12,6015,9.44,0,1.0
VEN0108,2023-12-25,Preferred Service Vendor 108,Strategic,12,5130,12.35,1,0.9825
VEN0108,2024-01-01,Preferred Service Vendor 108,Strategic,12,5192,15.24,1,0.838
VEN0108,2024-01-08,Preferred Service Vendor 108,Strategic,12,3420,16.54,1,0.773
VEN0108,2024-01-15,Preferred Service Vendor 108,Strategic,12,3493,13.82,1,0.909
VEN0108,2024-01-22,Preferred Service Vendor 108,Strategic,12,5281,10.52,0,1.0
VEN0108,2024-01-29,Preferred Service Vendor 108,Strategic,12,4136,12.33,1,0.9835
VEN0108,2024-02-05,Preferred Service Vendor 108,Strategic,12,2748,10.77,0,1.0
VEN0108,2024-02-12,Preferred Service Vendor 108,Strategic,12,3268,10.18,0,1.0
VEN0108,2024-02-19,Preferred Service Vendor 108,Strategic,12,4026,17.01,1,0.7495
VEN0108,2024-02-26,Preferred Service Vendor 108,Strategic,12,2904,8.68,0,1.0
VEN0108,2024-03-04,Preferred Service Vendor 108,Strategic,12,4546,9.71,0,1.0
VEN0108,2024-03-11,Preferred Service Vendor 108,Strategic,12,4491,13.46,1,0.927
VEN0108,2024-03-18,Preferred Service Vendor 108,Strategic,12,2485,19.16,1,0.642
VEN0108,2024-03-25,Preferred Service Vendor 108,Strategic,12,6840,16.75,1,0.7625
VEN0108,2024-04-01,Preferred Service Vendor 108,Strategic,12,5375,9.03,0,1.0
VEN0108,2024-04-08,Preferred Service Vendor 108,Strategic,12,1388,14.91,1,0.8545
VEN0108,2024-04-15,Preferred Service Vendor 108,Strategic,12,3055,7.94,0,1.0
VEN0108,2024-04-22,Preferred Service Vendor 108,Strategic,12,4519,13.83,1,0.9085
VEN0108,2024-04-29,Preferred Service Vendor 108,Strategic,12,3601,14.2,1,0.89
VEN0108,2024-05-06,Preferred Service Vendor 108,Strategic,12,3188,17.58,1,0.721
VEN0108,2024-05-13,Preferred Service Vendor 108,Strategic,12,3016,17.44,1,0.728
VEN0108,2024-05-20,Preferred Service Vendor 108,Strategic,12,7425,12.14,1,0.993
VEN0108,2024-05-27,Preferred Service Vendor 108,Strategic,12,3601,7.54,0,1.0
VEN0108,2024-06-03,Preferred Service Vendor 108,Strategic,12,3018,7.62,0,1.0
VEN0108,2024-06-10,Preferred Service Vendor 108,Strategic,12,3726,13.73,1,0.9135
VEN0108,2024-06-17,Preferred Service Vendor 108,Strategic,12,4203,8.04,0,1.0
VEN0108,2024-06-24,Preferred Service Vendor 108,Strategic,12,6366,8.11,0,1.0
VEN0108,2024-07-01,Preferred Service Vendor 108,Strategic,12,2655,8.36,0,1.0
VEN0108,2024-07-08,Preferred Service Vendor 108,Strategic,12,4226,13.89,1,0.9055
VEN0108,2024-07-15,Preferred Service Vendor 108,Strategic,12,2702,16.96,1,0.752
VEN0108,2024-07-22,Preferred Service Vendor 108,Strategic,12,2593,10.97,0,1.0
VEN0108,2024-07-29,Preferred Service Vendor 108,Strategic,12,3756,12.68,1,0.966
VEN0108,2024-08-05,Preferred Service Vendor 108,Strategic,12,5401,15.05,1,0.8475
VEN0108,2024-08-12,Preferred Service Vendor 108,Strategic,12,3920,12.78,1,0.961
VEN0108,2024-08-19,Preferred Service Vendor 108,Strategic,12,6199,14.23,1,0.8885
VEN0108,2024-08-26,Preferred Service Vendor 108,Strategic,12,4560,10.5,0,1.0
VEN0108,2024-09-02,Preferred Service Vendor 108,Strategic,12,4565,16.68,1,0.766
VEN0108,2024-09-09,Preferred Service Vendor 108,Strategic,12,3822,11.86,0,1.0
VEN0108,2024-09-16,Preferred Service Vendor 108,Strategic,12,6481,9.09,0,1.0
VEN0108,2024-09-23,Preferred Service Vendor 108,Strategic,12,4960,8.87,0,1.0
VEN0108,2024-09-30,Preferred Service Vendor 108,Strategic,12,4781,17.78,1,0.711
VEN0108,2024-10-07,Preferred Service Vendor 108,Strategic,12,3334,16.06,1,0.797
VEN0108,2024-10-14,Preferred Service Vendor 108,Strategic,12,4447,16.77,1,0.7615
VEN0108,2024-10-21,Preferred Service Vendor 108,Strategic,12,3826,19.16,1,0.642
VEN0108,2024-10-28,Preferred Service Vendor 108,Strategic,12,4060,9.07,0,1.0
VEN0108,2024-11-04,Preferred Service Vendor 108,Strategic,12,2724,8.51,0,1.0
VEN0108,2024-11-11,Preferred Service Vendor 108,Strategic,12,1691,12.9,1,0.955
VEN0108,2024-11-18,Preferred Service Vendor 108,Strategic,12,3620,15.8,1,0.81
VEN0108,2024-11-25,Preferred Service Vendor 108,Strategic,12,4073,14.49,1,0.8755
VEN0108,2024-12-02,Preferred Service Vendor 108,Strategic,12,3389,14.77,1,0.8615
VEN0108,2024-12-09,Preferred Service Vendor 108,Strategic,12,5844,15.75,1,0.8125
VEN0108,2024-12-16,Preferred Service Vendor 108,Strategic,12,4906,19.9,1,0.605
VEN0108,2024-12-23,Preferred Service Vendor 108,Strategic,12,4356,9.61,0,1.0
VEN0108,2024-12-30,Preferred Service Vendor 108,Strategic,12,2565,16.77,1,0.7615
VEN0109,2023-01-02,Preferred Service Vendor 109,Preferred,4,4431,1.41,0,1.0
VEN0109,2023-01-09,Preferred Service Vendor 109,Preferred,4,4475,6.38,1,0.881
VEN0109,2023-01-16,Preferred Service Vendor 109,Preferred,4,2546,4.6,1,0.97
VEN0109,2023-01-23,Preferred Service Vendor 109,Preferred,4,4392,2.85,0,1.0
VEN0109,2023-01-30,Preferred Service Vendor 109,Preferred,4,5715,1.95,0,1.0
VEN0109,2023-02-06,Preferred Service Vendor 109,Preferred,4,6207,2.71,0,1.0
VEN0109,2023-02-13,Preferred Service Vendor 109,Preferred,4,4184,4.9,1,0.955
VEN0109,2023-02-20,Preferred Service Vendor 109,Preferred,4,2912,4.62,1,0.969
VEN0109,2023-02-27,Preferred Service Vendor 109,Preferred,4,5932,2.02,0,1.0
VEN0109,2023-03-06,Preferred Service Vendor 109,Preferred,4,5137,2.44,0,1.0
VEN0109,2023-03-13,Preferred Service Vendor 109,Preferred,4,4980,5.44,1,0.928
VEN0109,2023-03-20,Preferred Service Vendor 109,Preferred,4,3982,5.94,1,0.903
VEN0109,2023-03-27,Preferred Service Vendor 109,Preferred,4,6066,4.42,1,0.979
VEN0109,2023-04-03,Preferred Service Vendor 109,Preferred,4,6792,5.87,1,0.9065
VEN0109,2023-04-10,Preferred Service Vendor 109,Preferred,4,4398,6.12,1,0.894
VEN0109,2023-04-17,Preferred Service Vendor 109,Preferred,4,2891,0.83,0,1.0
VEN0109,2023-04-24,Preferred Service Vendor 109,Preferred,4,3964,3.1,0,1.0
VEN0109,2023-05-01,Preferred Service Vendor 109,Preferred,4,4016,4.95,1,0.9525
VEN0109,2023-05-08,Preferred Service Vendor 109,Preferred,4,3266,5.1,1,0.945
VEN0109,2023-05-15,Preferred Service Vendor 109,Preferred,4,3857,3.36,0,1.0
VEN0109,2023-05-22,Preferred Service Vendor 109,Preferred,4,3668,4.35,1,0.9825
VEN0109,2023-05-29,Preferred Service Vendor 109,Preferred,4,1541,1.45,0,1.0
VEN0109,2023-06-05,Preferred Service Vendor 109,Preferred,4,4944,3.17,0,1.0
VEN0109,2023-06-12,Preferred Service Vendor 109,Preferred,4,3427,6.54,1,0.873
VEN0109,2023-06-19,Preferred Service Vendor 109,Preferred,4,4045,2.3,0,1.0
VEN0109,2023-06-26,Preferred Service Vendor 109,Preferred,4,5573,2.42,0,1.0
VEN0109,2023-07-03,Preferred Service Vendor 109,Preferred,4,4564,4.78,1,0.961
VEN0109,2023-07-10,Preferred Service Vendor 109,Preferred,4,6100,4.49,1,0.9755
VEN0109,2023-07-17,Preferred Service Vendor 109,Preferred,4,5736,4.7,1,0.965
VEN0109,2023-07-24,Preferred Service Vendor 109,Preferred,4,5254,5.97,1,0.9015
VEN0109,2023-07-31,Preferred Service Vendor 109,Preferred,4,3772,3.44,0,1.0
VEN0109,2023-08-07,Preferred Service Vendor 109,Preferred,4,4951,5.89,1,0.9055
VEN0109,2023-08-14,Preferred Service Vendor 109,Preferred,4,4925,3.89,0,1.0
VEN0109,2023-08-21,Preferred Service Vendor 109,Preferred,4,3893,5.07,1,0.9465
VEN0109,2023-08-28,Preferred Service Vendor 109,Preferred,4,3826,2.51,0,1.0
VEN0109,2023-09-04,Preferred Service Vendor 109,Preferred,4,3833,4.98,1,0.951
VEN0109,2023-09-11,Preferred Service Vendor 109,Preferred,4,3193,6.55,1,0.8725
VEN0109,2023-09-18,Preferred Service Vendor 109,Preferred,4,2588,3.11,0,1.0
VEN0109,2023-09-25,Preferred Service Vendor 109,Preferred,4,3451,2.35,0,1.0
VEN0109,2023-10-02,Preferred Service Vendor 109,Preferred,4,5280,2.86,0,1.0
VEN0109,2023-10-09,Preferred Service Vendor 109,Preferred,4,3000,5.56,1,0.922
VEN0109,2023-10-16,Preferred Service Vendor 109,Preferred,4,3051,6.71,1,0.8645
VEN0109,2023-10-23,Preferred Service Vendor 109,Preferred,4,6020,4.12,1,0.994
VEN0109,2023-10-30,Preferred Service Vendor 109,Preferred,4,4599,5.49,1,0.9255
VEN0109,2023-11-06,Preferred Service Vendor 109,Preferred,4,5954,4.43,1,0.9785
VEN0109,2023-11-13,Preferred Service Vendor 109,Preferred,4,5855,4.23,1,0.9885
VEN0109,2023-11-20,Preferred Service Vendor 109,Preferred,4,3529,3.47,0,1.0
VEN0109,2023-11-27,Preferred Service Vendor 109,Preferred,4,4484,6.58,1,0.871
VEN0109,2023-12-04,Preferred Service Vendor 109,Preferred,4,3646,4.01,1,0.9995
VEN0109,2023-12-11,Preferred Service Vendor 109,Preferred,4,6379,5.26,1,0.937
VEN0109,2023-12-18,Preferred Service Vendor 109,Preferred,4,1360,6.61,1,0.8695
VEN0109,2023-12-25,Preferred Service Vendor 109,Preferred,4,6806,4.32,1,0.984
VEN0109,2024-01-01,Preferred Service Vendor 109,Preferred,4,3002,5.67,1,0.9165
VEN0109,2024-01-08,Preferred Service Vendor 109,Preferred,4,3212,4.59,1,0.9705
VEN0109,2024-01-15,Preferred Service Vendor 109,Preferred,4,5231,4.25,1,0.9875
VEN0109,2024-01-22,Preferred Service Vendor 109,Preferred,4,5015,4.92,1,0.954
VEN0109,2024-01-29,Preferred Service Vendor 109,Preferred,4,4435,4.53,1,0.9735
VEN0109,2024-02-05,Preferred Service Vendor 109,Preferred,4,2240,7.63,1,0.8185
VEN0109,2024-02-12,Preferred Service Vendor 109,Preferred,4,3809,4.23,1,0.9885
VEN0109,2024-02-19,Preferred Service Vendor 109,Preferred,4,4744,3.49,0,1.0
VEN0109,2024-02-26,Preferred Service Vendor 109,Preferred,4,3081,2.15,0,1.0
VEN0109,2024-03-04,Preferred Service Vendor 109,Preferred,4,3445,3.56,0,1.0
VEN0109,2024-03-11,Preferred Service Vendor 109,Preferred,4,4057,3.08,0,1.0
VEN0109,2024-03-18,Preferred Service Vendor 109,Preferred,4,3891,3.59,0,1.0
VEN0109,2024-03-25,Preferred Service Vendor 109,Preferred,4,3388,2.6,0,1.0
VEN0109,2024-04-01,Preferred Service Vendor 109,Preferred,4,6570,5.46,1,0.927
VEN0109,2024-04-08,Preferred Service Vendor 109,Preferred,4,3106,6.72,1,0.864
VEN0109,2024-04-15,Preferred Service Vendor 109,Preferred,4,4271,2.92,0,1.0
VEN0109,2024-04-22,Preferred Service Vendor 109,Preferred,4,4873,6.53,1,0.8735
VEN0109,2024-04-29,Preferred Service Vendor 109,Preferred,4,4000,2.75,0,1.0
VEN0109,2024-05-06,Preferred Service Vendor 109,Preferred,4,6495,2.4,0,1.0
VEN0109,2024-05-13,Preferred Service Vendor 109,Preferred,4,4008,2.69,0,1.0
VEN0109,2024-05-20,Preferred Service Vendor 109,Preferred,4,3445,4.38,1,0.981
VEN0109,2024-05-27,Preferred Service Vendor 109,Preferred,4,5872,4.94,1,0.953
VEN0109,2024-06-03,Preferred Service Vendor 109,Preferred,4,4077,3.12,0,1.0
VEN0109,2024-06-10,Preferred Service Vendor 109,Preferred,4,4763,2.86,0,1.0
VEN0109,2024-06-17,Preferred Service Vendor 109,Preferred,4,3573,3.14,0,1.0
VEN0109,2024-06-24,Preferred Service Vendor 109,Preferred,4,4470,5.31,1,0.9345
VEN0109,2024-07-01,Preferred Service Vendor 109,Preferred,4,5604,4.73,1,0.9635
VEN0109,2024-07-08,Preferred Service Vendor 109,Preferred,4,2893,4.18,1,0.991
VEN0109,2024-07-15,Preferred Service Vendor 109,Preferred,4,3196,5.26,1,0.937
VEN0109,2024-07-22,Preferred Service Vendor 109,Preferred,4,3211,6.66,1,0.867
VEN0109,2024-07-29,Preferred Service Vendor 109,Preferred,4,4331,5.03,1,0.9485
VEN0109,2024-08-05,Preferred Service Vendor 109,Preferred,4,3936,2.13,0,1.0
VEN0109,2024-08-12,Preferred Service Vendor 109,Preferred,4,3182,3.94,0,1.0
VEN0109,2024-08-19,Preferred Service Vendor 109,Preferred,4,4059,6.49,1,0.8755
VEN0109,2024-08-26,Preferred Service Vendor 109,Preferred,4,4613,5.57,1,0.9215
VEN0109,2024-09-02,Preferred Service Vendor 109,Preferred,4,2328,5.06,1,0.947
VEN0109,2024-09-09,Preferred Service Vendor 109,Preferred,4,3984,3.28,0,1.0
VEN0109,2024-09-16,Preferred Service Vendor 109,Preferred,4,3861,4.07,1,0.9965
VEN0109,2024-09-23,Preferred Service Vendor 109,Preferred,4,5828,3.44,0,1.0
VEN0109,2024-09-30,Preferred Service Vendor 109,Preferred,4,5995,5.59,1,0.9205
VEN0109,2024-10-07,Preferred Service Vendor 109,Preferred,4,5804,5.22,1,0.939
VEN0109,2024-10-14,Preferred Service Vendor 109,Preferred,4,3372,2.49,0,1.0
VEN0109,2024-10-21,Preferred Service Vendor 109,Preferred,4,5518,4.41,1,0.9795
VEN0109,2024-10-28,Preferred Service Vendor 109,Preferred,4,3561,1.83,0,1.0
VEN0109,2024-11-04,Preferred Service Vendor 109,Preferred,4,3891,2.57,0,1.0
VEN0109,2024-11-11,Preferred Service Vendor 109,Preferred,4,3236,2.62,0,1.0
VEN0109,2024-11-18,Preferred Service Vendor 109,Preferred,4,2175,2.69,0,1.0
VEN0109,2024-11-25,Preferred Service Vendor 109,Preferred,4,4038,5.8,1,0.91
VEN0109,2024-12-02,Preferred Service Vendor 109,Preferred,4,4451,6.6,1,0.87
VEN0109,2024-12-09,Preferred Service Vendor 109,Preferred,4,5114,3.22,0,1.0
VEN0109,2024-12-16,Preferred Service Vendor 109,Preferred,4,5314,6.6,1,0.87
VEN0109,2024-12-23,Preferred Service Vendor 109,Preferred,4,4579,1.95,0,1.0
VEN0109,2024-12-30,Preferred Service Vendor 109,Preferred,4,3417,5.3,1,0.935
VEN0110,2023-01-02,Preferred Service Vendor 110,Preferred,12,4343,16.34,1,0.783
VEN0110,2023-01-09,Preferred Service Vendor 110,Preferred,12,6540,18.28,1,0.686
VEN0110,2023-01-16,Preferred Service Vendor 110,Preferred,12,1907,8.13,0,1.0
VEN0110,2023-01-23,Preferred Service Vendor 110,Preferred,12,5634,10.41,0,1.0
VEN0110,2023-01-30,Preferred Service Vendor 110,Preferred,12,6117,17.9,1,0.705
VEN0110,2023-02-06,Preferred Service Vendor 110,Preferred,12,3404,11.73,0,1.0
VEN0110,2023-02-13,Preferred Service Vendor 110,Preferred,12,3106,14.16,1,0.892
VEN0110,2023-02-20,Preferred Service Vendor 110,Preferred,12,4256,12.63,1,0.9685
VEN0110,2023-02-27,Preferred Service Vendor 110,Preferred,12,5288,9.73,0,1.0
VEN0110,2023-03-06,Preferred Service Vendor 110,Preferred,12,7317,12.19,1,0.9905
VEN0110,2023-03-13,Preferred Service Vendor 110,Preferred,12,4884,10.73,0,1.0
VEN0110,2023-03-20,Preferred Service Vendor 110,Preferred,12,4336,7.82,0,1.0
VEN0110,2023-03-27,Preferred Service Vendor 110,Preferred,12,3158,10.56,0,1.0
VEN0110,2023-04-03,Preferred Service Vendor 110,Preferred,12,6427,14.62,1,0.869
VEN0110,2023-04-10,Preferred Service Vendor 110,Preferred,12,6566,13.8,1,0.91
VEN0110,2023-04-17,Preferred Service Vendor 110,Preferred,12,2646,14.82,1,0.859
VEN0110,2023-04-24,Preferred Service Vendor 110,Preferred,12,3277,14.89,1,0.8555
VEN0110,2023-05-01,Preferred Service Vendor 110,Preferred,12,3745,14.93,1,0.8535
VEN0110,2023-05-08,Preferred Service Vendor 110,Preferred,12,5686,15.52,1,0.824
VEN0110,2023-05-15,Preferred Service Vendor 110,Preferred,12,3259,9.97,0,1.0
VEN0110,2023-05-22,Preferred Service Vendor 110,Preferred,12,3331,8.83,0,1.0
VEN0110,2023-05-29,Preferred Service Vendor 110,Preferred,12,6512,16.27,1,0.7865
VEN0110,2023-06-05,Preferred Service Vendor 110,Preferred,12,1723,14.09,1,0.8955
VEN0110,2023-06-12,Preferred Service Vendor 110,Preferred,12,3114,12.03,1,0.9985
VEN0110,2023-06-19,Preferred Service Vendor 110,Preferred,12,1882,18.8,1,0.66
VEN0110,2023-06-26,Preferred Service Vendor 110,Preferred,12,3593,18.93,1,0.6535
VEN0110,2023-07-03,Preferred Service Vendor 110,Preferred,12,4516,9.9,0,1.0
VEN0110,2023-07-10,Preferred Service Vendor 110,Preferred,12,2442,7.85,0,1.0
VEN0110,2023-07-17,Preferred Service Vendor 110,Preferred,12,3593,7.64,0,1.0
VEN0110,2023-07-24,Preferred Service Vendor 110,Preferred,12,3591,13.33,1,0.9335
VEN0110,2023-07-31,Preferred Service Vendor 110,Preferred,12,5081,12.81,1,0.9595
VEN0110,2023-08-07,Preferred Service Vendor 110,Preferred,12,5287,18.58,1,0.671
VEN0110,2023-08-14,Preferred Service Vendor 110,Preferred,12,4062,8.8,0,1.0
VEN0110,2023-08-21,Preferred Service Vendor 110,Preferred,12,3960,10.95,0,1.0
VEN0110,2023-08-28,Preferred Service Vendor 110,Preferred,12,5301,8.37,0,1.0
VEN0110,2023-09-04,Preferred Service Vendor 110,Preferred,12,4937,15.27,1,0.8365
VEN0110,2023-09-11,Preferred Service Vendor 110,Preferred,12,6615,12.84,1,0.958
VEN0110,2023-09-18,Preferred Service Vendor 110,Preferred,12,2500,11.21,0,1.0
VEN0110,2023-09-25,Preferred Service Vendor 110,Preferred,12,3188,13.3,1,0.935
VEN0110,2023-10-02,Preferred Service Vendor 110,Preferred,12,4083,16.38,1,0.781
VEN0110,2023-10-09,Preferred Service Vendor 110,Preferred,12,4309,12.83,1,0.9585
VEN0110,2023-10-16,Preferred Service Vendor 110,Preferred,12,5295,15.9,1,0.805
VEN0110,2023-10-23,Preferred Service Vendor 110,Preferred,12,4700,15.94,1,0.803
VEN0110,2023-10-30,Preferred Service Vendor 110,Preferred,12,3033,15.51,1,0.8245
VEN0110,2023-11-06,Preferred Service Vendor 110,Preferred,12,4292,7.83,0,1.0
VEN0110,2023-11-13,Preferred Service Vendor 110,Preferred,12,4803,8.18,0,1.0
VEN0110,2023-11-20,Preferred Service Vendor 110,Preferred,12,4892,11.07,0,1.0
VEN0110,2023-11-27,Preferred Service Vendor 110,Preferred,12,5863,15.71,1,0.8145
VEN0110,2023-12-04,Preferred Service Vendor 110,Preferred,12,6598,14.27,1,0.8865
VEN0110,2023-12-11,Preferred Service Vendor 110,Preferred,12,3282,12.03,1,0.9985
VEN0110,2023-12-18,Preferred Service Vendor 110,Preferred,12,3897,10.61,0,1.0
VEN0110,2023-12-25,Preferred Service Vendor 110,Preferred,12,5327,16.27,1,0.7865
VEN0110,2024-01-01,Preferred Service Vendor 110,Preferred,12,4442,14.07,1,0.8965
VEN0110,2024-01-08,Preferred Service Vendor 110,Preferred,12,5826,14.15,1,0.8925
VEN0110,2024-01-15,Preferred Service Vendor 110,Preferred,12,4590,16.3,1,0.785
VEN0110,2024-01-22,Preferred Service Vendor 110,Preferred,12,5294,16.27,1,0.7865
VEN0110,2024-01-29,Preferred Service Vendor 110,Preferred,12,5670,15.74,1,0.813
VEN0110,2024-02-05,Preferred Service Vendor 110,Preferred,12,3321,9.3,0,1.0
VEN0110,2024-02-12,Preferred Service Vendor 110,Preferred,12,5599,16.68,1,0.766
VEN0110,2024-02-19,Preferred Service Vendor 110,Preferred,12,5139,11.08,0,1.0
VEN0110,2024-02-26,Preferred Service Vendor 110,Preferred,12,5606,16.26,1,0.787
VEN0110,2024-03-04,Preferred Service Vendor 110,Preferred,12,5664,9.43,0,1.0
VEN0110,2024-03-11,Preferred Service Vendor 110,Preferred,12,3847,15.64,1,0.818
VEN0110,2024-03-18,Preferred Service Vendor 110,Preferred,12,3495,15.34,1,0.833
VEN0110,2024-03-25,Preferred Service Vendor 110,Preferred,12,2986,14.75,1,0.8625
VEN0110,2024-04-01,Preferred Service Vendor 110,Preferred,12,4136,11.44,0,1.0
VEN0110,2024-04-08,Preferred Service Vendor 110,Preferred,12,3428,9.11,0,1.0
VEN0110,2024-04-15,Preferred Service Vendor 110,Preferred,12,2207,7.33,0,1.0
VEN0110,2024-04-22,Preferred Service Vendor 110,Preferred,12,4057,19.06,1,0.647
VEN0110,2024-04-29,Preferred Service Vendor 110,Preferred,12,4348,15.95,1,0.8025
VEN0110,2024-05-06,Preferred Service Vendor 110,Preferred,12,3363,11.18,0,1.0
VEN0110,2024-05-13,Preferred Service Vendor 110,Preferred,12,2731,16.09,1,0.7955
VEN0110,2024-05-20,Preferred Service Vendor 110,Preferred,12,6348,10.9,0,1.0
VEN0110,2024-05-27,Preferred Service Vendor 110,Preferred,12,3388,12.81,1,0.9595
VEN0110,2024-06-03,Preferred Service Vendor 110,Preferred,12,3607,17.27,1,0.7365
VEN0110,2024-06-10,Preferred Service Vendor 110,Preferred,12,4428,11.37,0,1.0
VEN0110,2024-06-17,Preferred Service Vendor 110,Preferred,12,4334,9.11,0,1.0
VEN0110,2024-06-24,Preferred Service Vendor 110,Preferred,12,3614,15.05,1,0.8475
VEN0110,2024-07-01,Preferred Service Vendor 110,Preferred,12,3403,9.61,0,1.0
VEN0110,2024-07-08,Preferred Service Vendor 110,Preferred,12,3878,9.06,0,1.0
VEN0110,2024-07-15,Preferred Service Vendor 110,Preferred,12,3943,10.28,0,1.0
VEN0110,2024-07-22,Preferred Service Vendor 110,Preferred,12,5134,16.06,1,0.797
VEN0110,2024-07-29,Preferred Service Vendor 110,Preferred,12,4185,12.37,1,0.9815
VEN0110,2024-08-05,Preferred Service Vendor 110,Preferred,12,3275,15.55,1,0.8225
VEN0110,2024-08-12,Preferred Service Vendor 110,Preferred,12,3321,11.89,0,1.0
VEN0110,2024-08-19,Preferred Service Vendor 110,Preferred,12,4592,16.47,1,0.7765
VEN0110,2024-08-26,Preferred Service Vendor 110,Preferred,12,5664,19.07,1,0.6465
VEN0110,2024-09-02,Preferred Service Vendor 110,Preferred,12,5683,12.15,1,0.9925
VEN0110,2024-09-09,Preferred Service Vendor 110,Preferred,12,3374,15.73,1,0.8135
VEN0110,2024-09-16,Preferred Service Vendor 110,Preferred,12,6005,19.43,1,0.6285
VEN0110,2024-09-23,Preferred Service Vendor 110,Preferred,12,2804,8.69,0,1.0
VEN0110,2024-09-30,Preferred Service Vendor 110,Preferred,12,6733,13.15,1,0.9425
VEN0110,2024-10-07,Preferred Service Vendor 110,Preferred,12,5752,15.6,1,0.82
VEN0110,2024-10-14,Preferred Service Vendor 110,Preferred,12,4654,10.75,0,1.0
VEN0110,2024-10-21,Preferred Service Vendor 110,Preferred,12,4826,9.38,0,1.0
VEN0110,2024-10-28,Preferred Service Vendor 110,Preferred,12,6112,19.33,1,0.6335
VEN0110,2024-11-04,Preferred Service Vendor 110,Preferred,12,5112,17.26,1,0.737
VEN0110,2024-11-11,Preferred Service Vendor 110,Preferred,12,3611,12.77,1,0.9615
VEN0110,2024-11-18,Preferred Service Vendor 110,Preferred,12,5134,13.49,1,0.9255
VEN0110,2024-11-25,Preferred Service Vendor 110,Preferred,12,3766,14.94,1,0.853
VEN0110,2024-12-02,Preferred Service Vendor 110,Preferred,12,4657,11.1,0,1.0
VEN0110,2024-12-09,Preferred Service Vendor 110,Preferred,12,3987,17.07,1,0.7465
VEN0110,2024-12-16,Preferred Service Vendor 110,Preferred,12,5129,11.86,0,1.0
VEN0110,2024-12-23,Preferred Service Vendor 110,Preferred,12,6940,7.33,0,1.0
VEN0110,2024-12-30,Preferred Service Vendor 110,Preferred,12,3043,11.74,0,1.0
VEN0111,2023-01-02,Preferred Service Vendor 111,Preferred,12,4803,9.01,0,1.0
VEN0111,2023-01-09,Preferred Service Vendor 111,Preferred,12,5228,12.63,1,0.9685
VEN0111,2023-01-16,Preferred Service Vendor 111,Preferred,12,6336,8.06,0,1.0
VEN0111,2023-01-23,Preferred Service Vendor 111,Preferred,12,2723,15.15,1,0.8425
VEN0111,2023-01-30,Preferred Service Vendor 111,Preferred,12,3829,14.55,1,0.8725
VEN0111,2023-02-06,Preferred Service Vendor 111,Preferred,12,5278,13.15,1,0.9425
VEN0111,2023-02-13,Preferred Service Vendor 111,Preferred,12,1495,11.52,0,1.0
VEN0111,2023-02-20,Preferred Service Vendor 111,Preferred,12,3704,16.48,1,0.776
VEN0111,2023-02-27,Preferred Service Vendor 111,Preferred,12,5361,12.22,1,0.989
VEN0111,2023-03-06,Preferred Service Vendor 111,Preferred,12,1356,6.6,0,1.0
VEN0111,2023-03-13,Preferred Service Vendor 111,Preferred,12,6055,16.4,1,0.78
VEN0111,2023-03-20,Preferred Service Vendor 111,Preferred,12,3715,9.33,0,1.0
VEN0111,2023-03-27,Preferred Service Vendor 111,Preferred,12,2854,16.5,1,0.775
VEN0111,2023-04-03,Preferred Service Vendor 111,Preferred,12,4687,10.37,0,1.0
VEN0111,2023-04-10,Preferred Service Vendor 111,Preferred,12,2348,17.5,1,0.725
VEN0111,2023-04-17,Preferred Service Vendor 111,Preferred,12,4016,13.75,1,0.9125
VEN0111,2023-04-24,Preferred Service Vendor 111,Preferred,12,3183,9.58,0,1.0
VEN0111,2023-05-01,Preferred Service Vendor 111,Preferred,12,4812,13.7,1,0.915
VEN0111,2023-05-08,Preferred Service Vendor 111,Preferred,12,3221,16.75,1,0.7625
VEN0111,2023-05-15,Preferred Service Vendor 111,Preferred,12,6908,10.26,0,1.0
VEN0111,2023-05-22,Preferred Service Vendor 111,Preferred,12,3189,12.97,1,0.9515
VEN0111,2023-05-29,Preferred Service Vendor 111,Preferred,12,4327,9.05,0,1.0
VEN0111,2023-06-05,Preferred Service Vendor 111,Preferred,12,4201,8.52,0,1.0
VEN0111,2023-06-12,Preferred Service Vendor 111,Preferred,12,4016,15.35,1,0.8325
VEN0111,2023-06-19,Preferred Service Vendor 111,Preferred,12,3005,19.12,1,0.644
VEN0111,2023-06-26,Preferred Service Vendor 111,Preferred,12,4537,13.64,1,0.918
VEN0111,2023-07-03,Preferred Service Vendor 111,Preferred,12,1937,13.19,1,0.9405
VEN0111,2023-07-10,Preferred Service Vendor 111,Preferred,12,5230,11.4,0,1.0
VEN0111,2023-07-17,Preferred Service Vendor 111,Preferred,12,2182,18.75,1,0.6625
VEN0111,2023-07-24,Preferred Service Vendor 111,Preferred,12,4754,15.53,1,0.8235
VEN0111,2023-07-31,Preferred Service Vendor 111,Preferred,12,5086,12.67,1,0.9665
VEN0111,2023-08-07,Preferred Service Vendor 111,Preferred,12,6255,13.07,1,0.9465
VEN0111,2023-08-14,Preferred Service Vendor 111,Preferred,12,2927,12.92,1,0.954
VEN0111,2023-08-21,Preferred Service Vendor 111,Preferred,12,2845,18.74,1,0.663
VEN0111,2023-08-28,Preferred Service Vendor 111,Preferred,12,993,17.0,1,0.75
VEN0111,2023-09-04,Preferred Service Vendor 111,Preferred,12,3125,17.37,1,0.7315
VEN0111,2023-09-11,Preferred Service Vendor 111,Preferred,12,4236,12.45,1,0.9775
VEN0111,2023-09-18,Preferred Service Vendor 111,Preferred,12,2256,11.55,0,1.0
VEN0111,2023-09-25,Preferred Service Vendor 111,Preferred,12,4353,17.22,1,0.739
VEN0111,2023-10-02,Preferred Service Vendor 111,Preferred,12,5102,12.8,1,0.96
VEN0111,2023-10-09,Preferred Service Vendor 111,Preferred,12,2759,18.47,1,0.6765
VEN0111,2023-10-16,Preferred Service Vendor 111,Preferred,12,4405,16.85,1,0.7575
VEN0111,2023-10-23,Preferred Service Vendor 111,Preferred,12,2260,17.58,1,0.721
VEN0111,2023-10-30,Preferred Service Vendor 111,Preferred,12,609,16.74,1,0.763
VEN0111,2023-11-06,Preferred Service Vendor 111,Preferred,12,6085,13.57,1,0.9215
VEN0111,2023-11-13,Preferred Service Vendor 111,Preferred,12,4409,8.33,0,1.0
VEN0111,2023-11-20,Preferred Service Vendor 111,Preferred,12,5701,8.54,0,1.0
VEN0111,2023-11-27,Preferred Service Vendor 111,Preferred,12,4826,9.21,0,1.0
VEN0111,2023-12-04,Preferred Service Vendor 111,Preferred,12,3279,13.88,1,0.906
VEN0111,2023-12-11,Preferred Service Vendor 111,Preferred,12,2650,8.21,0,1.0
VEN0111,2023-12-18,Preferred Service Vendor 111,Preferred,12,4032,18.44,1,0.678
VEN0111,2023-12-25,Preferred Service Vendor 111,Preferred,12,3374,9.71,0,1.0
VEN0111,2024-01-01,Preferred Service Vendor 111,Preferred,12,2003,18.67,1,0.6665
VEN0111,2024-01-08,Preferred Service Vendor 111,Preferred,12,4440,10.13,0,1.0
VEN0111,2024-01-15,Preferred Service Vendor 111,Preferred,12,5860,10.32,0,1.0
VEN0111,2024-01-22,Preferred Service Vendor 111,Preferred,12,1557,16.08,1,0.796
VEN0111,2024-01-29,Preferred Service Vendor 111,Preferred,12,4042,11.6,0,1.0
VEN0111,2024-02-05,Preferred Service Vendor 111,Preferred,12,4943,18.26,1,0.687
VEN0111,2024-02-12,Preferred Service Vendor 111,Preferred,12,5620,17.45,1,0.7275
VEN0111,2024-02-19,Preferred Service Vendor 111,Preferred,12,3557,9.47,0,1.0
VEN0111,2024-02-26,Preferred Service Vendor 111,Preferred,12,6658,17.1,1,0.745
VEN0111,2024-03-04,Preferred Service Vendor 111,Preferred,12,3625,18.07,1,0.6965
VEN0111,2024-03-11,Preferred Service Vendor 111,Preferred,12,3785,17.83,1,0.7085
VEN0111,2024-03-18,Preferred Service Vendor 111,Preferred,12,4162,10.36,0,1.0
VEN0111,2024-03-25,Preferred Service Vendor 111,Preferred,12,4611,9.22,0,1.0
VEN0111,2024-04-01,Preferred Service Vendor 111,Preferred,12,4488,8.77,0,1.0
VEN0111,2024-04-08,Preferred Service Vendor 111,Preferred,12,7827,9.46,0,1.0
VEN0111,2024-04-15,Preferred Service Vendor 111,Preferred,12,4879,18.25,1,0.6875
VEN0111,2024-04-22,Preferred Service Vendor 111,Preferred,12,5453,15.11,1,0.8445
VEN0111,2024-04-29,Preferred Service Vendor 111,Preferred,12,6521,15.41,1,0.8295
VEN0111,2024-05-06,Preferred Service Vendor 111,Preferred,12,1478,16.12,1,0.794
VEN0111,2024-05-13,Preferred Service Vendor 111,Preferred,12,3845,17.58,1,0.721
VEN0111,2024-05-20,Preferred Service Vendor 111,Preferred,12,5076,15.48,1,0.826
VEN0111,2024-05-27,Preferred Service Vendor 111,Preferred,12,6016,11.82,0,1.0
VEN0111,2024-06-03,Preferred Service Vendor 111,Preferred,12,2797,16.37,1,0.7815
VEN0111,2024-06-10,Preferred Service Vendor 111,Preferred,12,5802,13.07,1,0.9465
VEN0111,2024-06-17,Preferred Service Vendor 111,Preferred,12,4200,8.22,0,1.0
VEN0111,2024-06-24,Preferred Service Vendor 111,Preferred,12,1164,15.93,1,0.8035
VEN0111,2024-07-01,Preferred Service Vendor 111,Preferred,12,5525,10.25,0,1.0
VEN0111,2024-07-08,Preferred Service Vendor 111,Preferred,12,2846,8.77,0,1.0
VEN0111,2024-07-15,Preferred Service Vendor 111,Preferred,12,5153,18.29,1,0.6855
VEN0111,2024-07-22,Preferred Service Vendor 111,Preferred,12,2826,17.04,1,0.748
VEN0111,2024-07-29,Preferred Service Vendor 111,Preferred,12,6410,19.22,1,0.639
VEN0111,2024-08-05,Preferred Service Vendor 111,Preferred,12,4767,17.02,1,0.749
VEN0111,2024-08-12,Preferred Service Vendor 111,Preferred,12,5306,16.28,1,0.786
VEN0111,2024-08-19,Preferred Service Vendor 111,Preferred,12,3678,7.7,0,1.0
VEN0111,2024-08-26,Preferred Service Vendor 111,Preferred,12,5371,6.93,0,1.0
VEN0111,2024-09-02,Preferred Service Vendor 111,Preferred,12,5229,7.78,0,1.0
VEN0111,2024-09-09,Preferred Service Vendor 111,Preferred,12,5662,15.92,1,0.804
VEN0111,2024-09-16,Preferred Service Vendor 111,Preferred,12,2849,16.66,1,0.767
VEN0111,2024-09-23,Preferred Service Vendor 111,Preferred,12,2892,16.16,1,0.792
VEN0111,2024-09-30,Preferred Service Vendor 111,Preferred,12,4468,9.65,0,1.0
VEN0111,2024-10-07,Preferred Service Vendor 111,Preferred,12,4495,16.11,1,0.7945
VEN0111,2024-10-14,Preferred Service Vendor 111,Preferred,12,4682,14.49,1,0.8755
VEN0111,2024-10-21,Preferred Service Vendor 111,Preferred,12,5428,13.73,1,0.9135
VEN0111,2024-10-28,Preferred Service Vendor 111,Preferred,12,2799,13.31,1,0.9345
VEN0111,2024-11-04,Preferred Service Vendor 111,Preferred,12,3570,5.94,0,1.0
VEN0111,2024-11-11,Preferred Service Vendor 111,Preferred,12,4312,12.33,1,0.9835
VEN0111,2024-11-18,Preferred Service Vendor 111,Preferred,12,2856,14.39,1,0.8805
VEN0111,2024-11-25,Preferred Service Vendor 111,Preferred,12,3881,7.69,0,1.0
VEN0111,2024-12-02,Preferred Service Vendor 111,Preferred,12,3361,12.68,1,0.966
VEN0111,2024-12-09,Preferred Service Vendor 111,Preferred,12,5745,8.95,0,1.0
VEN0111,2024-12-16,Preferred Service Vendor 111,Preferred,12,3249,13.43,1,0.9285
VEN0111,2024-12-23,Preferred Service Vendor 111,Preferred,12,4596,16.08,1,0.796
VEN0111,2024-12-30,Preferred Service Vendor 111,Preferred,12,4116,14.29,1,0.8855
VEN0112,2023-01-02,Preferred Service Vendor 112,Preferred,2,4074,1.62,0,1.0
VEN0112,2023-01-09,Preferred Service Vendor 112,Preferred,2,6210,0.79,0,1.0
VEN0112,2023-01-16,Preferred Service Vendor 112,Preferred,2,4227,3.43,1,0.9285
VEN0112,2023-01-23,Preferred Service Vendor 112,Preferred,2,5611,2.49,1,0.9755
VEN0112,2023-01-30,Preferred Service Vendor 112,Preferred,2,4319,2.26,1,0.987
VEN0112,2023-02-06,Preferred Service Vendor 112,Preferred,2,5384,2.96,1,0.952
VEN0112,2023-02-13,Preferred Service Vendor 112,Preferred,2,3743,1.18,0,1.0
VEN0112,2023-02-20,Preferred Service Vendor 112,Preferred,2,6319,5.38,1,0.831
VEN0112,2023-02-27,Preferred Service Vendor 112,Preferred,2,5097,0.5,0,1.0
VEN0112,2023-03-06,Preferred Service Vendor 112,Preferred,2,2509,1.6,0,1.0
VEN0112,2023-03-13,Preferred Service Vendor 112,Preferred,2,2909,1.82,0,1.0
VEN0112,2023-03-20,Preferred Service Vendor 112,Preferred,2,2294,1.74,0,1.0
VEN0112,2023-03-27,Preferred Service Vendor 112,Preferred,2,981,1.61,0,1.0
VEN0112,2023-04-03,Preferred Service Vendor 112,Preferred,2,5249,1.44,0,1.0
VEN0112,2023-04-10,Preferred Service Vendor 112,Preferred,2,3466,4.33,1,0.8835
VEN0112,2023-04-17,Preferred Service Vendor 112,Preferred,2,3590,0.53,0,1.0
VEN0112,2023-04-24,Preferred Service Vendor 112,Preferred,2,5299,1.37,0,1.0
VEN0112,2023-05-01,Preferred Service Vendor 112,Preferred,2,5222,2.72,1,0.964
VEN0112,2023-05-08,Preferred Service Vendor 112,Preferred,2,6818,2.05,1,0.9975
VEN0112,2023-05-15,Preferred Service Vendor 112,Preferred,2,3852,1.61,0,1.0
VEN0112,2023-05-22,Preferred Service Vendor 112,Preferred,2,5195,1.35,0,1.0
VEN0112,2023-05-29,Preferred Service Vendor 112,Preferred,2,5256,1.56,0,1.0
VEN0112,2023-06-05,Preferred Service Vendor 112,Preferred,2,4270,3.23,1,0.9385
VEN0112,2023-06-12,Preferred Service Vendor 112,Preferred,2,4045,0.5,0,1.0
VEN0112,2023-06-19,Preferred Service Vendor 112,Preferred,2,2677,2.8,1,0.96
VEN0112,2023-06-26,Preferred Service Vendor 112,Preferred,2,2894,0.5,0,1.0
VEN0112,2023-07-03,Preferred Service Vendor 112,Preferred,2,1825,2.38,1,0.981
VEN0112,2023-07-10,Preferred Service Vendor 112,Preferred,2,3168,3.14,1,0.943
VEN0112,2023-07-17,Preferred Service Vendor 112,Preferred,2,2844,1.15,0,1.0
VEN0112,2023-07-24,Preferred Service Vendor 112,Preferred,2,2775,1.42,0,1.0
VEN0112,2023-07-31,Preferred Service Vendor 112,Preferred,2,5893,1.42,0,1.0
VEN0112,2023-08-07,Preferred Service Vendor 112,Preferred,2,5193,2.14,1,0.993
VEN0112,2023-08-14,Preferred Service Vendor 112,Preferred,2,2393,3.08,1,0.946
VEN0112,2023-08-21,Preferred Service Vendor 112,Preferred,2,1847,1.92,0,1.0
VEN0112,2023-08-28,Preferred Service Vendor 112,Preferred,2,3600,2.88,1,0.956
VEN0112,2023-09-04,Preferred Service Vendor 112,Preferred,2,4093,3.18,1,0.941
VEN0112,2023-09-11,Preferred Service Vendor 112,Preferred,2,1776,0.5,0,1.0
VEN0112,2023-09-18,Preferred Service Vendor 112,Preferred,2,3148,1.32,0,1.0
VEN0112,2023-09-25,Preferred Service Vendor 112,Preferred,2,3015,3.65,1,0.9175
VEN0112,2023-10-02,Preferred Service Vendor 112,Preferred,2,2468,2.82,1,0.959
VEN0112,2023-10-09,Preferred Service Vendor 112,Preferred,2,2274,3.17,1,0.9415
VEN0112,2023-10-16,Preferred Service Vendor 112,Preferred,2,4215,3.85,1,0.9075
VEN0112,2023-10-23,Preferred Service Vendor 112,Preferred,2,4757,3.36,1,0.932
VEN0112,2023-10-30,Preferred Service Vendor 112,Preferred,2,4731,1.81,0,1.0
VEN0112,2023-11-06,Preferred Service Vendor 112,Preferred,2,3674,2.53,1,0.9735
VEN0112,2023-11-13,Preferred Service Vendor 112,Preferred,2,3902,2.68,1,0.966
VEN0112,2023-11-20,Preferred Service Vendor 112,Preferred,2,5203,2.69,1,0.9655
VEN0112,2023-11-27,Preferred Service Vendor 112,Preferred,2,4107,1.62,0,1.0
VEN0112,2023-12-04,Preferred Service Vendor 112,Preferred,2,5465,3.89,1,0.9055
VEN0112,2023-12-11,Preferred Service Vendor 112,Preferred,2,913,2.09,1,0.9955
VEN0112,2023-12-18,Preferred Service Vendor 112,Preferred,2,5013,0.9,0,1.0
VEN0112,2023-12-25,Preferred Service Vendor 112,Preferred,2,5749,2.06,1,0.997
VEN0112,2024-01-01,Preferred Service Vendor 112,Preferred,2,4910,2.88,1,0.956
VEN0112,2024-01-08,Preferred Service Vendor 112,Preferred,2,5347,2.29,1,0.9855
VEN0112,2024-01-15,Preferred Service Vendor 112,Preferred,2,5820,3.38,1,0.931
VEN0112,2024-01-22,Preferred Service Vendor 112,Preferred,2,5953,3.4,1,0.93
VEN0112,2024-01-29,Preferred Service Vendor 112,Preferred,2,4594,2.18,1,0.991
VEN0112,2024-02-05,Preferred Service Vendor 112,Preferred,2,4890,0.67,0,1.0
VEN0112,2024-02-12,Preferred Service Vendor 112,Preferred,2,4098,1.01,0,1.0
VEN0112,2024-02-19,Preferred Service Vendor 112,Preferred,2,4037,1.3,0,1.0
VEN0112,2024-02-26,Preferred Service Vendor 112,Preferred,2,5842,2.93,1,0.9535
VEN0112,2024-03-04,Preferred Service Vendor 112,Preferred,2,4340,1.9,0,1.0
VEN0112,2024-03-11,Preferred Service Vendor 112,Preferred,2,3172,0.65,0,1.0
VEN0112,2024-03-18,Preferred Service Vendor 112,Preferred,2,5504,1.88,0,1.0
VEN0112,2024-03-25,Preferred Service Vendor 112,Preferred,2,2562,2.5,1,0.975
VEN0112,2024-04-01,Preferred Service Vendor 112,Preferred,2,2735,2.58,1,0.971
VEN0112,2024-04-08,Preferred Service Vendor 112,Preferred,2,2970,3.16,1,0.942
VEN0112,2024-04-15,Preferred Service Vendor 112,Preferred,2,4098,3.31,1,0.9345
VEN0112,2024-04-22,Preferred Service Vendor 112,Preferred,2,4206,3.07,1,0.9465
VEN0112,2024-04-29,Preferred Service Vendor 112,Preferred,2,5605,3.89,1,0.9055
VEN0112,2024-05-06,Preferred Service Vendor 112,Preferred,2,3724,2.22,1,0.989
VEN0112,2024-05-13,Preferred Service Vendor 112,Preferred,2,5969,3.39,1,0.9305
VEN0112,2024-05-20,Preferred Service Vendor 112,Preferred,2,1529,4.78,1,0.861
VEN0112,2024-05-27,Preferred Service Vendor 112,Preferred,2,4735,2.41,1,0.9795
VEN0112,2024-06-03,Preferred Service Vendor 112,Preferred,2,4251,3.55,1,0.9225
VEN0112,2024-06-10,Preferred Service Vendor 112,Preferred,2,3365,2.38,1,0.981
VEN0112,2024-06-17,Preferred Service Vendor 112,Preferred,2,2345,1.95,0,1.0
VEN0112,2024-06-24,Preferred Service Vendor 112,Preferred,2,2965,2.91,1,0.9545
VEN0112,2024-07-01,Preferred Service Vendor 112,Preferred,2,6852,1.91,0,1.0
VEN0112,2024-07-08,Preferred Service Vendor 112,Preferred,2,4147,2.02,1,0.999
VEN0112,2024-07-15,Preferred Service Vendor 112,Preferred,2,2347,2.6,1,0.97
VEN0112,2024-07-22,Preferred Service Vendor 112,Preferred,2,3205,0.86,0,1.0
VEN0112,2024-07-29,Preferred Service Vendor 112,Preferred,2,5012,2.57,1,0.9715
VEN0112,2024-08-05,Preferred Service Vendor 112,Preferred,2,3944,2.04,1,0.998
VEN0112,2024-08-12,Preferred Service Vendor 112,Preferred,2,4666,1.02,0,1.0
VEN0112,2024-08-19,Preferred Service Vendor 112,Preferred,2,4196,2.06,1,0.997
VEN0112,2024-08-26,Preferred Service Vendor 112,Preferred,2,5483,2.85,1,0.9575
VEN0112,2024-09-02,Preferred Service Vendor 112,Preferred,2,3215,2.91,1,0.9545
VEN0112,2024-09-09,Preferred Service Vendor 112,Preferred,2,3829,0.9,0,1.0
VEN0112,2024-09-16,Preferred Service Vendor 112,Preferred,2,2237,3.76,1,0.912
VEN0112,2024-09-23,Preferred Service Vendor 112,Preferred,2,6087,1.77,0,1.0
VEN0112,2024-09-30,Preferred Service Vendor 112,Preferred,2,2665,2.49,1,0.9755
VEN0112,2024-10-07,Preferred Service Vendor 112,Preferred,2,4445,2.46,1,0.977
VEN0112,2024-10-14,Preferred Service Vendor 112,Preferred,2,3146,3.0,1,0.95
VEN0112,2024-10-21,Preferred Service Vendor 112,Preferred,2,6168,2.2,1,0.99
VEN0112,2024-10-28,Preferred Service Vendor 112,Preferred,2,3760,4.31,1,0.8845
VEN0112,2024-11-04,Preferred Service Vendor 112,Preferred,2,4621,1.72,0,1.0
VEN0112,2024-11-11,Preferred Service Vendor 112,Preferred,2,2691,0.5,0,1.0
VEN0112,2024-11-18,Preferred Service Vendor 112,Preferred,2,4180,3.47,1,0.9265
VEN0112,2024-11-25,Preferred Service Vendor 112,Preferred,2,2203,1.62,0,1.0
VEN0112,2024-12-02,Preferred Service Vendor 112,Preferred,2,2393,2.04,1,0.998
VEN0112,2024-12-09,Preferred Service Vendor 112,Preferred,2,3936,2.37,1,0.9815
VEN0112,2024-12-16,Preferred Service Vendor 112,Preferred,2,6699,3.22,1,0.939
VEN0112,2024-12-23,Preferred Service Vendor 112,Preferred,2,3404,1.86,0,1.0
VEN0112,2024-12-30,Preferred Service Vendor 112,Preferred,2,3749,1.08,0,1.0
VEN0113,2023-01-02,Preferred Service Vendor 113,Preferred,24,3653,29.67,1,0.7165
VEN0113,2023-01-09,Preferred Service Vendor 113,Preferred,24,4628,35.66,1,0.417
VEN0113,2023-01-16,Preferred Service Vendor 113,Preferred,24,2300,16.91,0,1.0
VEN0113,2023-01-23,Preferred Service Vendor 113,Preferred,24,3327,31.08,1,0.646
VEN0113,2023-01-30,Preferred Service Vendor 113,Preferred,24,4547,33.7,1,0.515
VEN0113,2023-02-06,Preferred Service Vendor 113,Preferred,24,4030,32.08,1,0.596
VEN0113,2023-02-13,Preferred Service Vendor 113,Preferred,24,4879,23.55,0,1.0
VEN0113,2023-02-20,Preferred Service Vendor 113,Preferred,24,5234,27.8,1,0.81
VEN0113,2023-02-27,Preferred Service Vendor 113,Preferred,24,5343,35.92,1,0.404
VEN0113,2023-03-06,Preferred Service Vendor 113,Preferred,24,2004,33.6,1,0.52
VEN0113,2023-03-13,Preferred Service Vendor 113,Preferred,24,5060,28.27,1,0.7865
VEN0113,2023-03-20,Preferred Service Vendor 113,Preferred,24,5066,21.61,0,1.0
VEN0113,2023-03-27,Preferred Service Vendor 113,Preferred,24,6220,34.24,1,0.488
VEN0113,2023-04-03,Preferred Service Vendor 113,Preferred,24,5943,35.49,1,0.4255
VEN0113,2023-04-10,Preferred Service Vendor 113,Preferred,24,2952,33.67,1,0.5165
VEN0113,2023-04-17,Preferred Service Vendor 113,Preferred,24,3515,36.75,1,0.3625
VEN0113,2023-04-24,Preferred Service Vendor 113,Preferred,24,3482,22.7,0,1.0
VEN0113,2023-05-01,Preferred Service Vendor 113,Preferred,24,3625,23.94,0,1.0
VEN0113,2023-05-08,Preferred Service Vendor 113,Preferred,24,5536,17.5,0,1.0
VEN0113,2023-05-15,Preferred Service Vendor 113,Preferred,24,3734,33.84,1,0.508
VEN0113,2023-05-22,Preferred Service Vendor 113,Preferred,24,4127,16.79,0,1.0
VEN0113,2023-05-29,Preferred Service Vendor 113,Preferred,24,4474,34.82,1,0.459
VEN0113,2023-06-05,Preferred Service Vendor 113,Preferred,24,3858,26.79,1,0.8605
VEN0113,2023-06-12,Preferred Service Vendor 113,Preferred,24,3555,21.36,0,1.0
VEN0113,2023-06-19,Preferred Service Vendor 113,Preferred,24,4271,29.11,1,0.7445
VEN0113,2023-06-26,Preferred Service Vendor 113,Preferred,24,6872,26.69,1,0.8655
VEN0113,2023-07-03,Preferred Service Vendor 113,Preferred,24,2660,23.74,0,1.0
VEN0113,2023-07-10,Preferred Service Vendor 113,Preferred,24,4602,22.99,0,1.0
VEN0113,2023-07-17,Preferred Service Vendor 113,Preferred,24,4572,27.44,1,0.828
VEN0113,2023-07-24,Preferred Service Vendor 113,Preferred,24,1950,27.22,1,0.839
VEN0113,2023-07-31,Preferred Service Vendor 113,Preferred,24,3024,30.04,1,0.698
VEN0113,2023-08-07,Preferred Service Vendor 113,Preferred,24,2437,27.85,1,0.8075
VEN0113,2023-08-14,Preferred Service Vendor 113,Preferred,24,3690,20.04,0,1.0
VEN0113,2023-08-21,Preferred Service Vendor 113,Preferred,24,4224,30.7,1,0.665
VEN0113,2023-08-28,Preferred Service Vendor 113,Preferred,24,4970,25.18,1,0.941
VEN0113,2023-09-04,Preferred Service Vendor 113,Preferred,24,4861,17.63,0,1.0
VEN0113,2023-09-11,Preferred Service Vendor 113,Preferred,24,3909,23.72,0,1.0
VEN0113,2023-09-18,Preferred Service Vendor 113,Preferred,24,4539,28.67,1,0.7665
VEN0113,2023-09-25,Preferred Service Vendor 113,Preferred,24,4681,28.95,1,0.7525
VEN0113,2023-10-02,Preferred Service Vendor 113,Preferred,24,3469,21.14,0,1.0
VEN0113,2023-10-09,Preferred Service Vendor 113,Preferred,24,4623,20.84,0,1.0
VEN0113,2023-10-16,Preferred Service Vendor 113,Preferred,24,3875,25.5,1,0.925
VEN0113,2023-10-23,Preferred Service Vendor 113,Preferred,24,4433,26.41,1,0.8795
VEN0113,2023-10-30,Preferred Service Vendor 113,Preferred,24,3436,17.71,0,1.0
VEN0113,2023-11-06,Preferred Service Vendor 113,Preferred,24,4136,26.86,1,0.857
VEN0113,2023-11-13,Preferred Service Vendor 113,Preferred,24,4480,25.35,1,0.9325
VEN0113,2023-11-20,Preferred Service Vendor 113,Preferred,24,4218,26.44,1,0.878
VEN0113,2023-11-27,Preferred Service Vendor 113,Preferred,24,6456,33.59,1,0.5205
VEN0113,2023-12-04,Preferred Service Vendor 113,Preferred,24,3429,30.25,1,0.6875
VEN0113,2023-12-11,Preferred Service Vendor 113,Preferred,24,6786,23.86,0,1.0
VEN0113,2023-12-18,Preferred Service Vendor 113,Preferred,24,5386,21.4,0,1.0
VEN0113,2023-12-25,Preferred Service Vendor 113,Preferred,24,4489,26.32,1,0.884
VEN0113,2024-01-01,Preferred Service Vendor 113,Preferred,24,6006,27.12,1,0.844
VEN0113,2024-01-08,Preferred Service Vendor 113,Preferred,24,4687,32.84,1,0.558
VEN0113,2024-01-15,Preferred Service Vendor 113,Preferred,24,3548,18.73,0,1.0
VEN0113,2024-01-22,Preferred Service Vendor 113,Preferred,24,5258,36.49,1,0.3755
VEN0113,2024-01-29,Preferred Service Vendor 113,Preferred,24,2864,23.56,0,1.0
VEN0113,2024-02-05,Preferred Service Vendor 113,Preferred,24,4786,23.21,0,1.0
VEN0113,2024-02-12,Preferred Service Vendor 113,Preferred,24,5636,33.24,1,0.538
VEN0113,2024-02-19,Preferred Service Vendor 113,Preferred,24,2816,26.59,1,0.8705
VEN0113,2024-02-26,Preferred Service Vendor 113,Preferred,24,1525,25.21,1,0.9395
VEN0113,2024-03-04,Preferred Service Vendor 113,Preferred,24,5592,23.23,0,1.0
VEN0113,2024-03-11,Preferred Service Vendor 113,Preferred,24,2874,20.2,0,1.0
VEN0113,2024-03-18,Preferred Service Vendor 113,Preferred,24,3823,22.52,0,1.0
VEN0113,2024-03-25,Preferred Service Vendor 113,Preferred,24,6106,31.04,1,0.648
VEN0113,2024-04-01,Preferred Service Vendor 113,Preferred,24,3035,26.46,1,0.877
VEN0113,2024-04-08,Preferred Service Vendor 113,Preferred,24,1751,19.92,0,1.0
VEN0113,2024-04-15,Preferred Service Vendor 113,Preferred,24,4119,31.7,1,0.615
VEN0113,2024-04-22,Preferred Service Vendor 113,Preferred,24,5274,29.58,1,0.721
VEN0113,2024-04-29,Preferred Service Vendor 113,Preferred,24,5081,15.93,0,1.0
VEN0113,2024-05-06,Preferred Service Vendor 113,Preferred,24,4467,33.02,1,0.549
VEN0113,2024-05-13,Preferred Service Vendor 113,Preferred,24,5324,31.31,1,0.6345
VEN0113,2024-05-20,Preferred Service Vendor 113,Preferred,24,4163,23.56,0,1.0
VEN0113,2024-05-27,Preferred Service Vendor 113,Preferred,24,4497,36.61,1,0.3695
VEN0113,2024-06-03,Preferred Service Vendor 113,Preferred,24,3959,20.7,0,1.0
VEN0113,2024-06-10,Preferred Service Vendor 113,Preferred,24,4930,31.79,1,0.6105
VEN0113,2024-06-17,Preferred Service Vendor 113,Preferred,24,3572,31.67,1,0.6165
VEN0113,2024-06-24,Preferred Service Vendor 113,Preferred,24,4956,19.09,0,1.0
VEN0113,2024-07-01,Preferred Service Vendor 113,Preferred,24,5464,30.55,1,0.6725
VEN0113,2024-07-08,Preferred Service Vendor 113,Preferred,24,3817,24.8,1,0.96
VEN0113,2024-07-15,Preferred Service Vendor 113,Preferred,24,4887,22.44,0,1.0
VEN0113,2024-07-22,Preferred Service Vendor 113,Preferred,24,4285,36.52,1,0.374
VEN0113,2024-07-29,Preferred Service Vendor 113,Preferred,24,4067,20.52,0,1.0
VEN0113,2024-08-05,Preferred Service Vendor 113,Preferred,24,3228,36.48,1,0.376
VEN0113,2024-08-12,Preferred Service Vendor 113,Preferred,24,4845,21.9,0,1.0
VEN0113,2024-08-19,Preferred Service Vendor 113,Preferred,24,3362,36.08,1,0.396
VEN0113,2024-08-26,Preferred Service Vendor 113,Preferred,24,4911,26.85,1,0.8575
VEN0113,2024-09-02,Preferred Service Vendor 113,Preferred,24,4723,19.47,0,1.0
VEN0113,2024-09-09,Preferred Service Vendor 113,Preferred,24,5387,30.24,1,0.688
VEN0113,2024-09-16,Preferred Service Vendor 113,Preferred,24,3351,30.53,1,0.6735
VEN0113,2024-09-23,Preferred Service Vendor 113,Preferred,24,2763,37.04,1,0.35
VEN0113,2024-09-30,Preferred Service Vendor 113,Preferred,24,5263,20.98,0,1.0
VEN0113,2024-10-07,Preferred Service Vendor 113,Preferred,24,4508,20.16,0,1.0
VEN0113,2024-10-14,Preferred Service Vendor 113,Preferred,24,4135,27.41,1,0.8295
VEN0113,2024-10-21,Preferred Service Vendor 113,Preferred,24,3786,34.05,1,0.4975
VEN0113,2024-10-28,Preferred Service Vendor 113,Preferred,24,3554,37.22,1,0.35
VEN0113,2024-11-04,Preferred Service Vendor 113,Preferred,24,4489,19.37,0,1.0
VEN0113,2024-11-11,Preferred Service Vendor 113,Preferred,24,4182,27.12,1,0.844
VEN0113,2024-11-18,Preferred Service Vendor 113,Preferred,24,4501,20.39,0,1.0
VEN0113,2024-11-25,Preferred Service Vendor 113,Preferred,24,4957,32.72,1,0.564
VEN0113,2024-12-02,Preferred Service Vendor 113,Preferred,24,3178,19.82,0,1.0
VEN0113,2024-12-09,Preferred Service Vendor 113,Preferred,24,2673,36.57,1,0.3715
VEN0113,2024-12-16,Preferred Service Vendor 113,Preferred,24,3342,26.5,1,0.875
VEN0113,2024-12-23,Preferred Service Vendor 113,Preferred,24,3916,36.21,1,0.3895
VEN0113,2024-12-30,Preferred Service Vendor 113,Preferred,24,2271,35.44,1,0.428
VEN0114,2023-01-02,Preferred Service Vendor 114,Standard,2,4982,2.14,1,0.993
VEN0114,2023-01-09,Preferred Service Vendor 114,Standard,2,4457,3.06,1,0.947
VEN0114,2023-01-16,Preferred Service Vendor 114,Standard,2,2737,2.93,1,0.9535
VEN0114,2023-01-23,Preferred Service Vendor 114,Standard,2,5367,2.06,1,0.997
VEN0114,2023-01-30,Preferred Service Vendor 114,Standard,2,2571,3.95,1,0.9025
VEN0114,2023-02-06,Preferred Service Vendor 114,Standard,2,5354,3.24,1,0.938
VEN0114,2023-02-13,Preferred Service Vendor 114,Standard,2,5273,1.03,0,1.0
VEN0114,2023-02-20,Preferred Service Vendor 114,Standard,2,6444,3.16,1,0.942
VEN0114,2023-02-27,Preferred Service Vendor 114,Standard,2,4899,0.84,0,1.0
VEN0114,2023-03-06,Preferred Service Vendor 114,Standard,2,4818,3.24,1,0.938
VEN0114,2023-03-13,Preferred Service Vendor 114,Standard,2,2940,2.46,1,0.977
VEN0114,2023-03-20,Preferred Service Vendor 114,Standard,2,4011,3.64,1,0.918
VEN0114,2023-03-27,Preferred Service Vendor 114,Standard,2,4683,1.26,0,1.0
VEN0114,2023-04-03,Preferred Service Vendor 114,Standard,2,2445,3.09,1,0.9455
VEN0114,2023-04-10,Preferred Service Vendor 114,Standard,2,3569,1.07,0,1.0
VEN0114,2023-04-17,Preferred Service Vendor 114,Standard,2,3359,2.92,1,0.954
VEN0114,2023-04-24,Preferred Service Vendor 114,Standard,2,5415,4.68,1,0.866
VEN0114,2023-05-01,Preferred Service Vendor 114,Standard,2,4879,2.99,1,0.9505
VEN0114,2023-05-08,Preferred Service Vendor 114,Standard,2,3228,0.5,0,1.0
VEN0114,2023-05-15,Preferred Service Vendor 114,Standard,2,3745,1.19,0,1.0
VEN0114,2023-05-22,Preferred Service Vendor 114,Standard,2,5329,2.08,1,0.996
VEN0114,2023-05-29,Preferred Service Vendor 114,Standard,2,5052,1.41,0,1.0
VEN0114,2023-06-05,Preferred Service Vendor 114,Standard,2,5296,0.5,0,1.0
VEN0114,2023-06-12,Preferred Service Vendor 114,Standard,2,5053,3.75,1,0.9125
VEN0114,2023-06-19,Preferred Service Vendor 114,Standard,2,4052,2.47,1,0.9765
VEN0114,2023-06-26,Preferred Service Vendor 114,Standard,2,3600,2.25,1,0.9875
VEN0114,2023-07-03,Preferred Service Vendor 114,Standard,2,3202,2.18,1,0.991
VEN0114,2023-07-10,Preferred Service Vendor 114,Standard,2,3623,1.49,0,1.0
VEN0114,2023-07-17,Preferred Service Vendor 114,Standard,2,4063,3.56,1,0.922
VEN0114,2023-07-24,Preferred Service Vendor 114,Standard,2,6323,3.53,1,0.9235
VEN0114,2023-07-31,Preferred Service Vendor 114,Standard,2,4693,2.74,1,0.963
VEN0114,2023-08-07,Preferred Service Vendor 114,Standard,2,2949,1.82,0,1.0
VEN0114,2023-08-14,Preferred Service Vendor 114,Standard,2,3726,2.79,1,0.9605
VEN0114,2023-08-21,Preferred Service Vendor 114,Standard,2,4669,2.38,1,0.981
VEN0114,2023-08-28,Preferred Service Vendor 114,Standard,2,3841,0.5,0,1.0
VEN0114,2023-09-04,Preferred Service Vendor 114,Standard,2,5006,3.2,1,0.94
VEN0114,2023-09-11,Preferred Service Vendor 114,Standard,2,5803,2.12,1,0.994
VEN0114,2023-09-18,Preferred Service Vendor 114,Standard,2,3808,2.09,1,0.9955
VEN0114,2023-09-25,Preferred Service Vendor 114,Standard,2,3175,1.0,0,1.0
VEN0114,2023-10-02,Preferred Service Vendor 114,Standard,2,4583,3.63,1,0.9185
VEN0114,2023-10-09,Preferred Service Vendor 114,Standard,2,4310,3.04,1,0.948
VEN0114,2023-10-16,Preferred Service Vendor 114,Standard,2,5444,2.97,1,0.9515
VEN0114,2023-10-23,Preferred Service Vendor 114,Standard,2,7398,2.95,1,0.9525
VEN0114,2023-10-30,Preferred Service Vendor 114,Standard,2,4382,2.12,1,0.994
VEN0114,2023-11-06,Preferred Service Vendor 114,Standard,2,3064,2.16,1,0.992
VEN0114,2023-11-13,Preferred Service Vendor 114,Standard,2,4435,3.04,1,0.948
VEN0114,2023-11-20,Preferred Service Vendor 114,Standard,2,2178,2.49,1,0.9755
VEN0114,2023-11-27,Preferred Service Vendor 114,Standard,2,4539,1.95,0,1.0
VEN0114,2023-12-04,Preferred Service Vendor 114,Standard,2,5727,2.52,1,0.974
VEN0114,2023-12-11,Preferred Service Vendor 114,Standard,2,3392,1.53,0,1.0
VEN0114,2023-12-18,Preferred Service Vendor 114,Standard,2,4433,3.22,1,0.939
VEN0114,2023-12-25,Preferred Service Vendor 114,Standard,2,5390,2.21,1,0.9895
VEN0114,2024-01-01,Preferred Service Vendor 114,Standard,2,5484,2.67,1,0.9665
VEN0114,2024-01-08,Preferred Service Vendor 114,Standard,2,5811,1.05,0,1.0
VEN0114,2024-01-15,Preferred Service Vendor 114,Standard,2,3620,2.13,1,0.9935
VEN0114,2024-01-22,Preferred Service Vendor 114,Standard,2,3486,3.46,1,0.927
VEN0114,2024-01-29,Preferred Service Vendor 114,Standard,2,4303,4.31,1,0.8845
VEN0114,2024-02-05,Preferred Service Vendor 114,Standard,2,4959,1.24,0,1.0
VEN0114,2024-02-12,Preferred Service Vendor 114,Standard,2,3560,1.68,0,1.0
VEN0114,2024-02-19,Preferred Service Vendor 114,Standard,2,2601,1.73,0,1.0
VEN0114,2024-02-26,Preferred Service Vendor 114,Standard,2,5644,0.5,0,1.0
VEN0114,2024-03-04,Preferred Service Vendor 114,Standard,2,5381,2.14,1,0.993
VEN0114,2024-03-11,Preferred Service Vendor 114,Standard,2,2996,1.72,0,1.0
VEN0114,2024-03-18,Preferred Service Vendor 114,Standard,2,3776,1.35,0,1.0
VEN0114,2024-03-25,Preferred Service Vendor 114,Standard,2,2645,5.01,1,0.8495
VEN0114,2024-04-01,Preferred Service Vendor 114,Standard,2,5318,0.5,0,1.0
VEN0114,2024-04-08,Preferred Service Vendor 114,Standard,2,4518,3.92,1,0.904
VEN0114,2024-04-15,Preferred Service Vendor 114,Standard,2,4133,2.3,1,0.985
VEN0114,2024-04-22,Preferred Service Vendor 114,Standard,2,4806,3.8,1,0.91
VEN0114,2024-04-29,Preferred Service Vendor 114,Standard,2,4042,3.11,1,0.9445
VEN0114,2024-05-06,Preferred Service Vendor 114,Standard,2,4611,1.46,0,1.0
VEN0114,2024-05-13,Preferred Service Vendor 114,Standard,2,4809,3.19,1,0.9405
VEN0114,2024-05-20,Preferred Service Vendor 114,Standard,2,4298,1.62,0,1.0
VEN0114,2024-05-27,Preferred Service Vendor 114,Standard,2,1770,3.04,1,0.948
VEN0114,2024-06-03,Preferred Service Vendor 114,Standard,2,4629,0.88,0,1.0
VEN0114,2024-06-10,Preferred Service Vendor 114,Standard,2,2935,1.67,0,1.0
VEN0114,2024-06-17,Preferred Service Vendor 114,Standard,2,5886,3.45,1,0.9275
VEN0114,2024-06-24,Preferred Service Vendor 114,Standard,2,5512,2.03,1,0.9985
VEN0114,2024-07-01,Preferred Service Vendor 114,Standard,2,6156,3.15,1,0.9425
VEN0114,2024-07-08,Preferred Service Vendor 114,Standard,2,3747,2.78,1,0.961
VEN0114,2024-07-15,Preferred Service Vendor 114,Standard,2,6625,2.67,1,0.9665
VEN0114,2024-07-22,Preferred Service Vendor 114,Standard,2,4807,3.28,1,0.936
VEN0114,2024-07-29,Preferred Service Vendor 114,Standard,2,3009,1.19,0,1.0
VEN0114,2024-08-05,Preferred Service Vendor 114,Standard,2,6030,0.5,0,1.0
VEN0114,2024-08-12,Preferred Service Vendor 114,Standard,2,4333,1.8,0,1.0
VEN0114,2024-08-19,Preferred Service Vendor 114,Standard,2,3974,0.5,0,1.0
VEN0114,2024-08-26,Preferred Service Vendor 114,Standard,2,4311,1.47,0,1.0
VEN0114,2024-09-02,Preferred Service Vendor 114,Standard,2,4404,0.51,0,1.0
VEN0114,2024-09-09,Preferred Service Vendor 114,Standard,2,3740,2.72,1,0.964
VEN0114,2024-09-16,Preferred Service Vendor 114,Standard,2,4313,3.01,1,0.9495
VEN0114,2024-09-23,Preferred Service Vendor 114,Standard,2,3529,1.15,0,1.0
VEN0114,2024-09-30,Preferred Service Vendor 114,Standard,2,1922,1.98,0,1.0
VEN0114,2024-10-07,Preferred Service Vendor 114,Standard,2,4413,1.61,0,1.0
VEN0114,2024-10-14,Preferred Service Vendor 114,Standard,2,4072,2.59,1,0.9705
VEN0114,2024-10-21,Preferred Service Vendor 114,Standard,2,4508,1.36,0,1.0
VEN0114,2024-10-28,Preferred Service Vendor 114,Standard,2,5275,2.91,1,0.9545
VEN0114,2024-11-04,Preferred Service Vendor 114,Standard,2,3417,0.5,0,1.0
VEN0114,2024-11-11,Preferred Service Vendor 114,Standard,2,3005,2.84,1,0.958
VEN0114,2024-11-18,Preferred Service Vendor 114,Standard,2,3716,2.76,1,0.962
VEN0114,2024-11-25,Preferred Service Vendor 114,Standard,2,3983,2.55,1,0.9725
VEN0114,2024-12-02,Preferred Service Vendor 114,Standard,2,3848,3.51,1,0.9245
VEN0114,2024-12-09,Preferred Service Vendor 114,Standard,2,3037,2.32,1,0.984
VEN0114,2024-12-16,Preferred Service Vendor 114,Standard,2,4451,3.81,1,0.9095
VEN0114,2024-12-23,Preferred Service Vendor 114,Standard,2,2870,2.07,1,0.9965
VEN0114,2024-12-30,Preferred Service Vendor 114,Standard,2,5027,2.16,1,0.992
VEN0115,2023-01-02,Preferred Service Vendor 115,Strategic,8,3032,7.25,0,1.0
VEN0115,2023-01-09,Preferred Service Vendor 115,Strategic,8,4463,4.99,0,1.0
VEN0115,2023-01-16,Preferred Service Vendor 115,Strategic,8,5816,7.46,0,1.0
VEN0115,2023-01-23,Preferred Service Vendor 115,Strategic,8,2728,6.48,0,1.0
VEN0115,2023-01-30,Preferred Service Vendor 115,Strategic,8,4613,11.93,1,0.8035
VEN0115,2023-02-06,Preferred Service Vendor 115,Strategic,8,5368,11.96,1,0.802
VEN0115,2023-02-13,Preferred Service Vendor 115,Strategic,8,4918,11.72,1,0.814
VEN0115,2023-02-20,Preferred Service Vendor 115,Strategic,8,4093,14.57,1,0.6715
VEN0115,2023-02-27,Preferred Service Vendor 115,Strategic,8,4041,5.52,0,1.0
VEN0115,2023-03-06,Preferred Service Vendor 115,Strategic,8,3719,8.06,1,0.997
VEN0115,2023-03-13,Preferred Service Vendor 115,Strategic,8,2663,6.34,0,1.0
VEN0115,2023-03-20,Preferred Service Vendor 115,Strategic,8,1891,12.13,1,0.7935
VEN0115,2023-03-27,Preferred Service Vendor 115,Strategic,8,4807,8.15,1,0.9925
VEN0115,2023-04-03,Preferred Service Vendor 115,Strategic,8,3708,5.09,0,1.0
VEN0115,2023-04-10,Preferred Service Vendor 115,Strategic,8,3006,12.85,1,0.7575
VEN0115,2023-04-17,Preferred Service Vendor 115,Strategic,8,3050,4.79,0,1.0
VEN0115,2023-04-24,Preferred Service Vendor 115,Strategic,8,3557,7.8,0,1.0
VEN0115,2023-05-01,Preferred Service Vendor 115,Strategic,8,4537,9.33,1,0.9335
VEN0115,2023-05-08,Preferred Service Vendor 115,Strategic,8,3886,7.82,0,1.0
VEN0115,2023-05-15,Preferred Service Vendor 115,Strategic,8,2362,8.18,1,0.991
VEN0115,2023-05-22,Preferred Service Vendor 115,Strategic,8,4244,9.03,1,0.9485
VEN0115,2023-05-29,Preferred Service Vendor 115,Strategic,8,5193,6.33,0,1.0
VEN0115,2023-06-05,Preferred Service Vendor 115,Strategic,8,5243,6.0,0,1.0
VEN0115,2023-06-12,Preferred Service Vendor 115,Strategic,8,4430,7.12,0,1.0
VEN0115,2023-06-19,Preferred Service Vendor 115,Strategic,8,4716,8.72,1,0.964
VEN0115,2023-06-26,Preferred Service Vendor 115,Strategic,8,3085,9.3,1,0.935
VEN0115,2023-07-03,Preferred Service Vendor 115,Strategic,8,4177,4.66,0,1.0
VEN0115,2023-07-10,Preferred Service Vendor 115,Strategic,8,2128,6.82,0,1.0
VEN0115,2023-07-17,Preferred Service Vendor 115,Strategic,8,5466,10.57,1,0.8715
VEN0115,2023-07-24,Preferred Service Vendor 115,Strategic,8,5078,12.33,1,0.7835
VEN0115,2023-07-31,Preferred Service Vendor 115,Strategic,8,2602,11.92,1,0.804
VEN0115,2023-08-07,Preferred Service Vendor 115,Strategic,8,3323,5.56,0,1.0
VEN0115,2023-08-14,Preferred Service Vendor 115,Strategic,8,4889,6.48,0,1.0
VEN0115,2023-08-21,Preferred Service Vendor 115,Strategic,8,2222,11.22,1,0.839
VEN0115,2023-08-28,Preferred Service Vendor 115,Strategic,8,3826,5.08,0,1.0
VEN0115,2023-09-04,Preferred Service Vendor 115,Strategic,8,2625,8.14,1,0.993
VEN0115,2023-09-11,Preferred Service Vendor 115,Strategic,8,3819,6.37,0,1.0
VEN0115,2023-09-18,Preferred Service Vendor 115,Strategic,8,4620,12.77,1,0.7615
VEN0115,2023-09-25,Preferred Service Vendor 115,Strategic,8,4679,10.57,1,0.8715
VEN0115,2023-10-02,Preferred Service Vendor 115,Strategic,8,3754,5.92,0,1.0
VEN0115,2023-10-09,Preferred Service Vendor 115,Strategic,8,4401,10.49,1,0.8755
VEN0115,2023-10-16,Preferred Service Vendor 115,Strategic,8,4861,9.5,1,0.925
VEN0115,2023-10-23,Preferred Service Vendor 115,Strategic,8,3133,12.56,1,0.772
VEN0115,2023-10-30,Preferred Service Vendor 115,Strategic,8,5182,6.72,0,1.0
VEN0115,2023-11-06,Preferred Service Vendor 115,Strategic,8,3166,9.95,1,0.9025
VEN0115,2023-11-13,Preferred Service Vendor 115,Strategic,8,5475,8.88,1,0.956
VEN0115,2023-11-20,Preferred Service Vendor 115,Strategic,8,7228,6.94,0,1.0
VEN0115,2023-11-27,Preferred Service Vendor 115,Strategic,8,5431,9.3,1,0.935
VEN0115,2023-12-04,Preferred Service Vendor 115,Strategic,8,2775,8.89,1,0.9555
VEN0115,2023-12-11,Preferred Service Vendor 115,Strategic,8,3780,4.85,0,1.0
VEN0115,2023-12-18,Preferred Service Vendor 115,Strategic,8,4923,9.7,1,0.915
VEN0115,2023-12-25,Preferred Service Vendor 115,Strategic,8,3723,12.24,1,0.788
VEN0115,2024-01-01,Preferred Service Vendor 115,Strategic,8,4886,12.35,1,0.7825
VEN0115,2024-01-08,Preferred Service Vendor 115,Strategic,8,2768,10.45,1,0.8775
VEN0115,2024-01-15,Preferred Service Vendor 115,Strategic,8,4635,12.36,1,0.782
VEN0115,2024-01-22,Preferred Service Vendor 115,Strategic,8,4531,8.57,1,0.9715
VEN0115,2024-01-29,Preferred Service Vendor 115,Strategic,8,2209,12.28,1,0.786
VEN0115,2024-02-05,Preferred Service Vendor 115,Strategic,8,4091,6.18,0,1.0
VEN0115,2024-02-12,Preferred Service Vendor 115,Strategic,8,3559,6.34,0,1.0
VEN0115,2024-02-19,Preferred Service Vendor 115,Strategic,8,2970,7.71,0,1.0
VEN0115,2024-02-26,Preferred Service Vendor 115,Strategic,8,5549,5.67,0,1.0
VEN0115,2024-03-04,Preferred Service Vendor 115,Strategic,8,3077,7.65,0,1.0
VEN0115,2024-03-11,Preferred Service Vendor 115,Strategic,8,4336,6.08,0,1.0
VEN0115,2024-03-18,Preferred Service Vendor 115,Strategic,8,4917,6.98,0,1.0
VEN0115,2024-03-25,Preferred Service Vendor 115,Strategic,8,7125,10.99,1,0.8505
VEN0115,2024-04-01,Preferred Service Vendor 115,Strategic,8,2415,8.95,1,0.9525
VEN0115,2024-04-08,Preferred Service Vendor 115,Strategic,8,3692,7.34,0,1.0
VEN0115,2024-04-15,Preferred Service Vendor 115,Strategic,8,4441,6.49,0,1.0
VEN0115,2024-04-22,Preferred Service Vendor 115,Strategic,8,3199,10.06,1,0.897
VEN0115,2024-04-29,Preferred Service Vendor 115,Strategic,8,4011,11.28,1,0.836
VEN0115,2024-05-06,Preferred Service Vendor 115,Strategic,8,6326,9.04,1,0.948
VEN0115,2024-05-13,Preferred Service Vendor 115,Strategic,8,7205,10.31,1,0.8845
VEN0115,2024-05-20,Preferred Service Vendor 115,Strategic,8,1852,11.73,1,0.8135
VEN0115,2024-05-27,Preferred Service Vendor 115,Strategic,8,4073,9.64,1,0.918
VEN0115,2024-06-03,Preferred Service Vendor 115,Strategic,8,3595,8.47,1,0.9765
VEN0115,2024-06-10,Preferred Service Vendor 115,Strategic,8,3638,6.23,0,1.0
VEN0115,2024-06-17,Preferred Service Vendor 115,Strategic,8,5375,7.13,0,1.0
VEN0115,2024-06-24,Preferred Service Vendor 115,Strategic,8,5230,9.1,1,0.945
VEN0115,2024-07-01,Preferred Service Vendor 115,Strategic,8,4190,7.51,0,1.0
VEN0115,2024-07-08,Preferred Service Vendor 115,Strategic,8,5364,7.1,0,1.0
VEN0115,2024-07-15,Preferred Service Vendor 115,Strategic,8,5120,7.43,0,1.0
VEN0115,2024-07-22,Preferred Service Vendor 115,Strategic,8,4025,11.26,1,0.837
VEN0115,2024-07-29,Preferred Service Vendor 115,Strategic,8,4343,5.56,0,1.0
VEN0115,2024-08-05,Preferred Service Vendor 115,Strategic,8,4619,6.14,0,1.0
VEN0115,2024-08-12,Preferred Service Vendor 115,Strategic,8,5231,6.28,0,1.0
VEN0115,2024-08-19,Preferred Service Vendor 115,Strategic,8,1938,7.7,0,1.0
VEN0115,2024-08-26,Preferred Service Vendor 115,Strategic,8,2935,6.88,0,1.0
VEN0115,2024-09-02,Preferred Service Vendor 115,Strategic,8,5537,11.1,1,0.845
VEN0115,2024-09-09,Preferred Service Vendor 115,Strategic,8,3550,8.35,1,0.9825
VEN0115,2024-09-16,Preferred Service Vendor 115,Strategic,8,4627,11.82,1,0.809
VEN0115,2024-09-23,Preferred Service Vendor 115,Strategic,8,3481,9.72,1,0.914
VEN0115,2024-09-30,Preferred Service Vendor 115,Strategic,8,4236,6.0,0,1.0
VEN0115,2024-10-07,Preferred Service Vendor 115,Strategic,8,4284,11.76,1,0.812
VEN0115,2024-10-14,Preferred Service Vendor 115,Strategic,8,6155,7.88,0,1.0
VEN0115,2024-10-21,Preferred Service Vendor 115,Strategic,8,3897,6.26,0,1.0
VEN0115,2024-10-28,Preferred Service Vendor 115,Strategic,8,4721,12.24,1,0.788
VEN0115,2024-11-04,Preferred Service Vendor 115,Strategic,8,3679,12.14,1,0.793
VEN0115,2024-11-11,Preferred Service Vendor 115,Strategic,8,5898,8.09,1,0.9955
VEN0115,2024-11-18,Preferred Service Vendor 115,Strategic,8,4155,4.32,0,1.0
VEN0115,2024-11-25,Preferred Service Vendor 115,Strategic,8,4243,6.96,0,1.0
VEN0115,2024-12-02,Preferred Service Vendor 115,Strategic,8,2452,5.22,0,1.0
VEN0115,2024-12-09,Preferred Service Vendor 115,Strategic,8,4880,8.12,1,0.994
VEN0115,2024-12-16,Preferred Service Vendor 115,Strategic,8,2920,7.41,0,1.0
VEN0115,2024-12-23,Preferred Service Vendor 115,Strategic,8,4932,8.97,1,0.9515
VEN0115,2024-12-30,Preferred Service Vendor 115,Strategic,8,3686,8.37,1,0.9815
VEN0116,2023-01-02,Preferred Service Vendor 116,Strategic,24,2412,15.64,0,1.0
VEN0116,2023-01-09,Preferred Service Vendor 116,Strategic,24,4328,20.59,0,1.0
VEN0116,2023-01-16,Preferred Service Vendor 116,Strategic,24,5249,19.18,0,1.0
VEN0116,2023-01-23,Preferred Service Vendor 116,Strategic,24,4635,29.93,1,0.7035
VEN0116,2023-01-30,Preferred Service Vendor 116,Strategic,24,4573,36.31,1,0.3845
VEN0116,2023-02-06,Preferred Service Vendor 116,Strategic,24,6228,23.88,0,1.0
VEN0116,2023-02-13,Preferred Service Vendor 116,Strategic,24,2888,31.32,1,0.634
VEN0116,2023-02-20,Preferred Service Vendor 116,Strategic,24,4509,17.55,0,1.0
VEN0116,2023-02-27,Preferred Service Vendor 116,Strategic,24,3092,15.98,0,1.0
VEN0116,2023-03-06,Preferred Service Vendor 116,Strategic,24,2579,21.3,0,1.0
VEN0116,2023-03-13,Preferred Service Vendor 116,Strategic,24,6232,32.97,1,0.5515
VEN0116,2023-03-20,Preferred Service Vendor 116,Strategic,24,4579,18.66,0,1.0
VEN0116,2023-03-27,Preferred Service Vendor 116,Strategic,24,3013,24.39,1,0.9805
VEN0116,2023-04-03,Preferred Service Vendor 116,Strategic,24,3513,18.44,0,1.0
VEN0116,2023-04-10,Preferred Service Vendor 116,Strategic,24,4159,17.02,0,1.0
VEN0116,2023-04-17,Preferred Service Vendor 116,Strategic,24,2709,16.97,0,1.0
VEN0116,2023-04-24,Preferred Service Vendor 116,Strategic,24,5636,20.05,0,1.0
VEN0116,2023-05-01,Preferred Service Vendor 116,Strategic,24,4950,19.52,0,1.0
VEN0116,2023-05-08,Preferred Service Vendor 116,Strategic,24,5463,34.86,1,0.457
VEN0116,2023-05-15,Preferred Service Vendor 116,Strategic,24,2618,22.19,0,1.0
VEN0116,2023-05-22,Preferred Service Vendor 116,Strategic,24,4023,29.63,1,0.7185
VEN0116,2023-05-29,Preferred Service Vendor 116,Strategic,24,4578,14.42,0,1.0
VEN0116,2023-06-05,Preferred Service Vendor 116,Strategic,24,4243,14.62,0,1.0
VEN0116,2023-06-12,Preferred Service Vendor 116,Strategic,24,6440,35.53,1,0.4235
VEN0116,2023-06-19,Preferred Service Vendor 116,Strategic,24,4291,19.51,0,1.0
VEN0116,2023-06-26,Preferred Service Vendor 116,Strategic,24,4275,23.28,0,1.0
VEN0116,2023-07-03,Preferred Service Vendor 116,Strategic,24,5080,26.16,1,0.892
VEN0116,2023-07-10,Preferred Service Vendor 116,Strategic,24,5392,33.78,1,0.511
VEN0116,2023-07-17,Preferred Service Vendor 116,Strategic,24,4077,32.15,1,0.5925
VEN0116,2023-07-24,Preferred Service Vendor 116,Strategic,24,3958,24.8,1,0.96
VEN0116,2023-07-31,Preferred Service Vendor 116,Strategic,24,4340,25.38,1,0.931
VEN0116,2023-08-07,Preferred Service Vendor 116,Strategic,24,2825,36.37,1,0.3815
VEN0116,2023-08-14,Preferred Service Vendor 116,Strategic,24,3537,20.27,0,1.0
VEN0116,2023-08-21,Preferred Service Vendor 116,Strategic,24,4461,20.32,0,1.0
VEN0116,2023-08-28,Preferred Service Vendor 116,Strategic,24,5332,29.98,1,0.701
VEN0116,2023-09-04,Preferred Service Vendor 116,Strategic,24,5172,30.72,1,0.664
VEN0116,2023-09-11,Preferred Service Vendor 116,Strategic,24,5971,16.75,0,1.0
VEN0116,2023-09-18,Preferred Service Vendor 116,Strategic,24,5211,35.05,1,0.4475
VEN0116,2023-09-25,Preferred Service Vendor 116,Strategic,24,3310,25.41,1,0.9295
VEN0116,2023-10-02,Preferred Service Vendor 116,Strategic,24,3098,30.33,1,0.6835
VEN0116,2023-10-09,Preferred Service Vendor 116,Strategic,24,2818,16.8,0,1.0
VEN0116,2023-10-16,Preferred Service Vendor 116,Strategic,24,5543,21.18,0,1.0
VEN0116,2023-10-23,Preferred Service Vendor 116,Strategic,24,4255,20.76,0,1.0
VEN0116,2023-10-30,Preferred Service Vendor 116,Strategic,24,6741,29.56,1,0.722
VEN0116,2023-11-06,Preferred Service Vendor 116,Strategic,24,4512,35.13,1,0.4435
VEN0116,2023-11-13,Preferred Service Vendor 116,Strategic,24,5089,27.39,1,0.8305
VEN0116,2023-11-20,Preferred Service Vendor 116,Strategic,24,3859,17.76,0,1.0
VEN0116,2023-11-27,Preferred Service Vendor 116,Strategic,24,5069,28.88,1,0.756
VEN0116,2023-12-04,Preferred Service Vendor 116,Strategic,24,5011,23.42,0,1.0
VEN0116,2023-12-11,Preferred Service Vendor 116,Strategic,24,4981,32.35,1,0.5825
VEN0116,2023-12-18,Preferred Service Vendor 116,Strategic,24,5067,26.68,1,0.866
VEN0116,2023-12-25,Preferred Service Vendor 116,Strategic,24,6761,27.53,1,0.8235
VEN0116,2024-01-01,Preferred Service Vendor 116,Strategic,24,5530,21.39,0,1.0
VEN0116,2024-01-08,Preferred Service Vendor 116,Strategic,24,4549,35.15,1,0.4425
VEN0116,2024-01-15,Preferred Service Vendor 116,Strategic,24,4388,16.06,0,1.0
VEN0116,2024-01-22,Preferred Service Vendor 116,Strategic,24,3134,32.78,1,0.561
VEN0116,2024-01-29,Preferred Service Vendor 116,Strategic,24,4536,26.48,1,0.876
VEN0116,2024-02-05,Preferred Service Vendor 116,Strategic,24,4844,31.5,1,0.625
VEN0116,2024-02-12,Preferred Service Vendor 116,Strategic,24,3198,29.15,1,0.7425
VEN0116,2024-02-19,Preferred Service Vendor 116,Strategic,24,4576,31.31,1,0.6345
VEN0116,2024-02-26,Preferred Service Vendor 116,Strategic,24,4638,32.18,1,0.591
VEN0116,2024-03-04,Preferred Service Vendor 116,Strategic,24,5135,26.11,1,0.8945
VEN0116,2024-03-11,Preferred Service Vendor 116,Strategic,24,4051,18.9,0,1.0
VEN0116,2024-03-18,Preferred Service Vendor 116,Strategic,24,2990,23.56,0,1.0
VEN0116,2024-03-25,Preferred Service Vendor 116,Strategic,24,2569,25.62,1,0.919
VEN0116,2024-04-01,Preferred Service Vendor 116,Strategic,24,5853,33.24,1,0.538
VEN0116,2024-04-08,Preferred Service Vendor 116,Strategic,24,5619,31.71,1,0.6145
VEN0116,2024-04-15,Preferred Service Vendor 116,Strategic,24,3978,21.61,0,1.0
VEN0116,2024-04-22,Preferred Service Vendor 116,Strategic,24,5076,27.92,1,0.804
VEN0116,2024-04-29,Preferred Service Vendor 116,Strategic,24,3027,19.2,0,1.0
VEN0116,2024-05-06,Preferred Service Vendor 116,Strategic,24,2209,30.05,1,0.6975
VEN0116,2024-05-13,Preferred Service Vendor 116,Strategic,24,3357,18.06,0,1.0
VEN0116,2024-05-20,Preferred Service Vendor 116,Strategic,24,4872,32.88,1,0.556
VEN0116,2024-05-27,Preferred Service Vendor 116,Strategic,24,2338,33.5,1,0.525
VEN0116,2024-06-03,Preferred Service Vendor 116,Strategic,24,2553,23.92,0,1.0
VEN0116,2024-06-10,Preferred Service Vendor 116,Strategic,24,3079,26.69,1,0.8655
VEN0116,2024-06-17,Preferred Service Vendor 116,Strategic,24,4568,24.14,1,0.993
VEN0116,2024-06-24,Preferred Service Vendor 116,Strategic,24,1942,18.15,0,1.0
VEN0116,2024-07-01,Preferred Service Vendor 116,Strategic,24,4932,23.14,0,1.0
VEN0116,2024-07-08,Preferred Service Vendor 116,Strategic,24,5026,19.01,0,1.0
VEN0116,2024-07-15,Preferred Service Vendor 116,Strategic,24,2858,19.46,0,1.0
VEN0116,2024-07-22,Preferred Service Vendor 116,Strategic,24,5424,29.32,1,0.734
VEN0116,2024-07-29,Preferred Service Vendor 116,Strategic,24,3643,37.04,1,0.35
VEN0116,2024-08-05,Preferred Service Vendor 116,Strategic,24,4276,29.43,1,0.7285
VEN0116,2024-08-12,Preferred Service Vendor 116,Strategic,24,4090,26.67,1,0.8665
VEN0116,2024-08-19,Preferred Service Vendor 116,Strategic,24,3263,20.81,0,1.0
VEN0116,2024-08-26,Preferred Service Vendor 116,Strategic,24,3067,24.86,1,0.957
VEN0116,2024-09-02,Preferred Service Vendor 116,Strategic,24,3229,30.57,1,0.6715
VEN0116,2024-09-09,Preferred Service Vendor 116,Strategic,24,4046,35.93,1,0.4035
VEN0116,2024-09-16,Preferred Service Vendor 116,Strategic,24,4585,19.65,0,1.0
VEN0116,2024-09-23,Preferred Service Vendor 116,Strategic,24,4750,26.92,1,0.854
VEN0116,2024-09-30,Preferred Service Vendor 116,Strategic,24,4671,33.22,1,0.539
VEN0116,2024-10-07,Preferred Service Vendor 116,Strategic,24,4800,23.67,0,1.0
VEN0116,2024-10-14,Preferred Service Vendor 116,Strategic,24,3509,20.14,0,1.0
VEN0116,2024-10-21,Preferred Service Vendor 116,Strategic,24,4225,28.78,1,0.761
VEN0116,2024-10-28,Preferred Service Vendor 116,Strategic,24,5145,17.45,0,1.0
VEN0116,2024-11-04,Preferred Service Vendor 116,Strategic,24,3831,24.9,1,0.955
VEN0116,2024-11-11,Preferred Service Vendor 116,Strategic,24,4875,15.93,0,1.0
VEN0116,2024-11-18,Preferred Service Vendor 116,Strategic,24,2817,34.2,1,0.49
VEN0116,2024-11-25,Preferred Service Vendor 116,Strategic,24,6070,30.23,1,0.6885
VEN0116,2024-12-02,Preferred Service Vendor 116,Strategic,24,4772,36.7,1,0.365
VEN0116,2024-12-09,Preferred Service Vendor 116,Strategic,24,2198,16.34,0,1.0
VEN0116,2024-12-16,Preferred Service Vendor 116,Strategic,24,5073,15.8,0,1.0
VEN0116,2024-12-23,Preferred Service Vendor 116,Strategic,24,5411,15.68,0,1.0
VEN0116,2024-12-30,Preferred Service Vendor 116,Strategic,24,3391,27.23,1,0.8385
VEN0117,2023-01-02,Preferred Service Vendor 117,Preferred,8,4680,7.42,0,1.0
VEN0117,2023-01-09,Preferred Service Vendor 117,Preferred,8,2125,4.3,0,1.0
VEN0117,2023-01-16,Preferred Service Vendor 117,Preferred,8,3077,5.86,0,1.0
VEN0117,2023-01-23,Preferred Service Vendor 117,Preferred,8,4507,9.78,1,0.911
VEN0117,2023-01-30,Preferred Service Vendor 117,Preferred,8,3095,9.58,1,0.921
VEN0117,2023-02-06,Preferred Service Vendor 117,Preferred,8,3862,9.8,1,0.91
VEN0117,2023-02-13,Preferred Service Vendor 117,Preferred,8,4245,10.95,1,0.8525
VEN0117,2023-02-20,Preferred Service Vendor 117,Preferred,8,5601,8.03,1,0.9985
VEN0117,2023-02-27,Preferred Service Vendor 117,Preferred,8,5111,5.82,0,1.0
VEN0117,2023-03-06,Preferred Service Vendor 117,Preferred,8,3105,9.15,1,0.9425
VEN0117,2023-03-13,Preferred Service Vendor 117,Preferred,8,4067,6.76,0,1.0
VEN0117,2023-03-20,Preferred Service Vendor 117,Preferred,8,4116,6.09,0,1.0
VEN0117,2023-03-27,Preferred Service Vendor 117,Preferred,8,2943,8.29,1,0.9855
VEN0117,2023-04-03,Preferred Service Vendor 117,Preferred,8,5141,9.42,1,0.929
VEN0117,2023-04-10,Preferred Service Vendor 117,Preferred,8,3369,9.79,1,0.9105
VEN0117,2023-04-17,Preferred Service Vendor 117,Preferred,8,4101,9.06,1,0.947
VEN0117,2023-04-24,Preferred Service Vendor 117,Preferred,8,4500,6.98,0,1.0
VEN0117,2023-05-01,Preferred Service Vendor 117,Preferred,8,2479,13.36,1,0.732
VEN0117,2023-05-08,Preferred Service Vendor 117,Preferred,8,4194,7.48,0,1.0
VEN0117,2023-05-15,Preferred Service Vendor 117,Preferred,8,2452,12.52,1,0.774
VEN0117,2023-05-22,Preferred Service Vendor 117,Preferred,8,4207,8.83,1,0.9585
VEN0117,2023-05-29,Preferred Service Vendor 117,Preferred,8,3125,11.3,1,0.835
VEN0117,2023-06-05,Preferred Service Vendor 117,Preferred,8,2595,11.23,1,0.8385
VEN0117,2023-06-12,Preferred Service Vendor 117,Preferred,8,2687,8.62,1,0.969
VEN0117,2023-06-19,Preferred Service Vendor 117,Preferred,8,3872,11.16,1,0.842
VEN0117,2023-06-26,Preferred Service Vendor 117,Preferred,8,2712,9.47,1,0.9265
VEN0117,2023-07-03,Preferred Service Vendor 117,Preferred,8,4071,8.25,1,0.9875
VEN0117,2023-07-10,Preferred Service Vendor 117,Preferred,8,5712,5.59,0,1.0
VEN0117,2023-07-17,Preferred Service Vendor 117,Preferred,8,3792,10.17,1,0.8915
VEN0117,2023-07-24,Preferred Service Vendor 117,Preferred,8,2915,9.64,1,0.918
VEN0117,2023-07-31,Preferred Service Vendor 117,Preferred,8,3171,8.27,1,0.9865
VEN0117,2023-08-07,Preferred Service Vendor 117,Preferred,8,4252,7.77,0,1.0
VEN0117,2023-08-14,Preferred Service Vendor 117,Preferred,8,5769,10.28,1,0.886
VEN0117,2023-08-21,Preferred Service Vendor 117,Preferred,8,2485,7.3,0,1.0
VEN0117,2023-08-28,Preferred Service Vendor 117,Preferred,8,2471,8.96,1,0.952
VEN0117,2023-09-04,Preferred Service Vendor 117,Preferred,8,3750,8.93,1,0.9535
VEN0117,2023-09-11,Preferred Service Vendor 117,Preferred,8,2547,5.97,0,1.0
VEN0117,2023-09-18,Preferred Service Vendor 117,Preferred,8,4953,10.54,1,0.873
VEN0117,2023-09-25,Preferred Service Vendor 117,Preferred,8,3423,9.17,1,0.9415
VEN0117,2023-10-02,Preferred Service Vendor 117,Preferred,8,6318,6.71,0,1.0
VEN0117,2023-10-09,Preferred Service Vendor 117,Preferred,8,5328,7.87,0,1.0
VEN0117,2023-10-16,Preferred Service Vendor 117,Preferred,8,4767,11.26,1,0.837
VEN0117,2023-10-23,Preferred Service Vendor 117,Preferred,8,4516,3.83,0,1.0
VEN0117,2023-10-30,Preferred Service Vendor 117,Preferred,8,2317,7.76,0,1.0
VEN0117,2023-11-06,Preferred Service Vendor 117,Preferred,8,4095,10.83,1,0.8585
VEN0117,2023-11-13,Preferred Service Vendor 117,Preferred,8,3355,9.9,1,0.905
VEN0117,2023-11-20,Preferred Service Vendor 117,Preferred,8,5593,6.25,0,1.0
VEN0117,2023-11-27,Preferred Service Vendor 117,Preferred,8,4265,6.5,0,1.0
VEN0117,2023-12-04,Preferred Service Vendor 117,Preferred,8,4333,9.28,1,0.936
VEN0117,2023-12-11,Preferred Service Vendor 117,Preferred,8,4728,8.44,1,0.978
VEN0117,2023-12-18,Preferred Service Vendor 117,Preferred,8,3588,11.48,1,0.826
VEN0117,2023-12-25,Preferred Service Vendor 117,Preferred,8,4405,10.21,1,0.8895
VEN0117,2024-01-01,Preferred Service Vendor 117,Preferred,8,3692,9.68,1,0.916
VEN0117,2024-01-08,Preferred Service Vendor 117,Preferred,8,5808,11.99,1,0.8005
VEN0117,2024-01-15,Preferred Service Vendor 117,Preferred,8,5894,9.32,1,0.934
VEN0117,2024-01-22,Preferred Service Vendor 117,Preferred,8,4545,6.12,0,1.0
VEN0117,2024-01-29,Preferred Service Vendor 117,Preferred,8,5776,8.81,1,0.9595
VEN0117,2024-02-05,Preferred Service Vendor 117,Preferred,8,5821,5.83,0,1.0
VEN0117,2024-02-12,Preferred Service Vendor 117,Preferred,8,500,11.71,1,0.8145
VEN0117,2024-02-19,Preferred Service Vendor 117,Preferred,8,3583,6.96,0,1.0
VEN0117,2024-02-26,Preferred Service Vendor 117,Preferred,8,3489,7.67,0,1.0
VEN0117,2024-03-04,Preferred Service Vendor 117,Preferred,8,1582,11.75,1,0.8125
VEN0117,2024-03-11,Preferred Service Vendor 117,Preferred,8,3679,8.88,1,0.956
VEN0117,2024-03-18,Preferred Service Vendor 117,Preferred,8,3803,9.02,1,0.949
VEN0117,2024-03-25,Preferred Service Vendor 117,Preferred,8,2674,10.9,1,0.855
VEN0117,2024-04-01,Preferred Service Vendor 117,Preferred,8,3390,8.42,1,0.979
VEN0117,2024-04-08,Preferred Service Vendor 117,Preferred,8,5952,10.18,1,0.891
VEN0117,2024-04-15,Preferred Service Vendor 117,Preferred,8,4660,11.26,1,0.837
VEN0117,2024-04-22,Preferred Service Vendor 117,Preferred,8,3566,6.41,0,1.0
VEN0117,2024-04-29,Preferred Service Vendor 117,Preferred,8,4635,7.68,0,1.0
VEN0117,2024-05-06,Preferred Service Vendor 117,Preferred,8,4361,4.12,0,1.0
VEN0117,2024-05-13,Preferred Service Vendor 117,Preferred,8,5769,8.57,1,0.9715
VEN0117,2024-05-20,Preferred Service Vendor 117,Preferred,8,2726,5.92,0,1.0
VEN0117,2024-05-27,Preferred Service Vendor 117,Preferred,8,7075,9.16,1,0.942
VEN0117,2024-06-03,Preferred Service Vendor 117,Preferred,8,6155,5.25,0,1.0
VEN0117,2024-06-10,Preferred Service Vendor 117,Preferred,8,6386,4.48,0,1.0
VEN0117,2024-06-17,Preferred Service Vendor 117,Preferred,8,947,10.2,1,0.89
VEN0117,2024-06-24,Preferred Service Vendor 117,Preferred,8,3704,9.28,1,0.936
VEN0117,2024-07-01,Preferred Service Vendor 117,Preferred,8,3171,10.62,1,0.869
VEN0117,2024-07-08,Preferred Service Vendor 117,Preferred,8,4710,12.26,1,0.787
VEN0117,2024-07-15,Preferred Service Vendor 117,Preferred,8,5640,10.62,1,0.869
VEN0117,2024-07-22,Preferred Service Vendor 117,Preferred,8,4676,6.66,0,1.0
VEN0117,2024-07-29,Preferred Service Vendor 117,Preferred,8,4154,7.17,0,1.0
VEN0117,2024-08-05,Preferred Service Vendor 117,Preferred,8,3467,7.58,0,1.0
VEN0117,2024-08-12,Preferred Service Vendor 117,Preferred,8,3995,10.66,1,0.867
VEN0117,2024-08-19,Preferred Service Vendor 117,Preferred,8,5373,6.52,0,1.0
VEN0117,2024-08-26,Preferred Service Vendor 117,Preferred,8,5490,7.48,0,1.0
VEN0117,2024-09-02,Preferred Service Vendor 117,Preferred,8,5474,9.67,1,0.9165
VEN0117,2024-09-09,Preferred Service Vendor 117,Preferred,8,4183,9.98,1,0.901
VEN0117,2024-09-16,Preferred Service Vendor 117,Preferred,8,2636,5.97,0,1.0
VEN0117,2024-09-23,Preferred Service Vendor 117,Preferred,8,6148,6.18,0,1.0
VEN0117,2024-09-30,Preferred Service Vendor 117,Preferred,8,1858,6.13,0,1.0
VEN0117,2024-10-07,Preferred Service Vendor 117,Preferred,8,6069,6.97,0,1.0
VEN0117,2024-10-14,Preferred Service Vendor 117,Preferred,8,4068,8.74,1,0.963
VEN0117,2024-10-21,Preferred Service Vendor 117,Preferred,8,3410,5.98,0,1.0
VEN0117,2024-10-28,Preferred Service Vendor 117,Preferred,8,4744,12.59,1,0.7705
VEN0117,2024-11-04,Preferred Service Vendor 117,Preferred,8,4245,9.91,1,0.9045
VEN0117,2024-11-11,Preferred Service Vendor 117,Preferred,8,1875,8.03,1,0.9985
VEN0117,2024-11-18,Preferred Service Vendor 117,Preferred,8,4522,5.45,0,1.0
VEN0117,2024-11-25,Preferred Service Vendor 117,Preferred,8,6299,8.04,1,0.998
VEN0117,2024-12-02,Preferred Service Vendor 117,Preferred,8,4352,5.9,0,1.0
VEN0117,2024-12-09,Preferred Service Vendor 117,Preferred,8,5020,11.19,1,0.8405
VEN0117,2024-12-16,Preferred Service Vendor 117,Preferred,8,4812,7.06,0,1.0
VEN0117,2024-12-23,Preferred Service Vendor 117,Preferred,8,3282,6.82,0,1.0
VEN0117,2024-12-30,Preferred Service Vendor 117,Preferred,8,4619,10.34,1,0.883
VEN0118,2023-01-02,Preferred Service Vendor 118,Preferred,24,2652,33.32,1,0.534
VEN0118,2023-01-09,Preferred Service Vendor 118,Preferred,24,4361,24.32,1,0.984
VEN0118,2023-01-16,Preferred Service Vendor 118,Preferred,24,4403,32.92,1,0.554
VEN0118,2023-01-23,Preferred Service Vendor 118,Preferred,24,2714,37.1,1,0.35
VEN0118,2023-01-30,Preferred Service Vendor 118,Preferred,24,3553,18.67,0,1.0
VEN0118,2023-02-06,Preferred Service Vendor 118,Preferred,24,5227,29.45,1,0.7275
VEN0118,2023-02-13,Preferred Service Vendor 118,Preferred,24,2606,33.62,1,0.519
VEN0118,2023-02-20,Preferred Service Vendor 118,Preferred,24,4313,18.83,0,1.0
VEN0118,2023-02-27,Preferred Service Vendor 118,Preferred,24,6222,26.28,1,0.886
VEN0118,2023-03-06,Preferred Service Vendor 118,Preferred,24,6053,32.96,1,0.552
VEN0118,2023-03-13,Preferred Service Vendor 118,Preferred,24,6742,30.74,1,0.663
VEN0118,2023-03-20,Preferred Service Vendor 118,Preferred,24,4274,32.71,1,0.5645
VEN0118,2023-03-27,Preferred Service Vendor 118,Preferred,24,4066,27.49,1,0.8255
VEN0118,2023-04-03,Preferred Service Vendor 118,Preferred,24,3710,19.76,0,1.0
VEN0118,2023-04-10,Preferred Service Vendor 118,Preferred,24,2821,26.23,1,0.8885
VEN0118,2023-04-17,Preferred Service Vendor 118,Preferred,24,4878,30.46,1,0.677
VEN0118,2023-04-24,Preferred Service Vendor 118,Preferred,24,5056,16.48,0,1.0
VEN0118,2023-05-01,Preferred Service Vendor 118,Preferred,24,5273,18.07,0,1.0
VEN0118,2023-05-08,Preferred Service Vendor 118,Preferred,24,3372,21.5,0,1.0
VEN0118,2023-05-15,Preferred Service Vendor 118,Preferred,24,4203,35.27,1,0.4365
VEN0118,2023-05-22,Preferred Service Vendor 118,Preferred,24,6219,24.81,1,0.9595
VEN0118,2023-05-29,Preferred Service Vendor 118,Preferred,24,2582,35.6,1,0.42
VEN0118,2023-06-05,Preferred Service Vendor 118,Preferred,24,5331,28.46,1,0.777
VEN0118,2023-06-12,Preferred Service Vendor 118,Preferred,24,6166,34.96,1,0.452
VEN0118,2023-06-19,Preferred Service Vendor 118,Preferred,24,3714,34.78,1,0.461
VEN0118,2023-06-26,Preferred Service Vendor 118,Preferred,24,4266,27.88,1,0.806
VEN0118,2023-07-03,Preferred Service Vendor 118,Preferred,24,3472,19.9,0,1.0
VEN0118,2023-07-10,Preferred Service Vendor 118,Preferred,24,4589,24.6,1,0.97
VEN0118,2023-07-17,Preferred Service Vendor 118,Preferred,24,3197,15.89,0,1.0
VEN0118,2023-07-24,Preferred Service Vendor 118,Preferred,24,4298,20.24,0,1.0
VEN0118,2023-07-31,Preferred Service Vendor 118,Preferred,24,5227,31.34,1,0.633
VEN0118,2023-08-07,Preferred Service Vendor 118,Preferred,24,3998,38.3,1,0.35
VEN0118,2023-08-14,Preferred Service Vendor 118,Preferred,24,2540,18.17,0,1.0
VEN0118,2023-08-21,Preferred Service Vendor 118,Preferred,24,4869,18.57,0,1.0
VEN0118,2023-08-28,Preferred Service Vendor 118,Preferred,24,3407,34.39,1,0.4805
VEN0118,2023-09-04,Preferred Service Vendor 118,Preferred,24,4520,29.63,1,0.7185
VEN0118,2023-09-11,Preferred Service Vendor 118,Preferred,24,2820,33.33,1,0.5335
VEN0118,2023-09-18,Preferred Service Vendor 118,Preferred,24,4378,27.21,1,0.8395
VEN0118,2023-09-25,Preferred Service Vendor 118,Preferred,24,4632,22.32,0,1.0
VEN0118,2023-10-02,Preferred Service Vendor 118,Preferred,24,3436,29.98,1,0.701
VEN0118,2023-10-09,Preferred Service Vendor 118,Preferred,24,2867,27.23,1,0.8385
VEN0118,2023-10-16,Preferred Service Vendor 118,Preferred,24,4512,30.46,1,0.677
VEN0118,2023-10-23,Preferred Service Vendor 118,Preferred,24,3715,33.09,1,0.5455
VEN0118,2023-10-30,Preferred Service Vendor 118,Preferred,24,4270,21.03,0,1.0
VEN0118,2023-11-06,Preferred Service Vendor 118,Preferred,24,5546,27.55,1,0.8225
VEN0118,2023-11-13,Preferred Service Vendor 118,Preferred,24,4650,17.33,0,1.0
VEN0118,2023-11-20,Preferred Service Vendor 118,Preferred,24,4010,19.25,0,1.0
VEN0118,2023-11-27,Preferred Service Vendor 118,Preferred,24,4898,26.3,1,0.885
VEN0118,2023-12-04,Preferred Service Vendor 118,Preferred,24,5504,28.67,1,0.7665
VEN0118,2023-12-11,Preferred Service Vendor 118,Preferred,24,5425,29.55,1,0.7225
VEN0118,2023-12-18,Preferred Service Vendor 118,Preferred,24,4748,23.95,0,1.0
VEN0118,2023-12-25,Preferred Service Vendor 118,Preferred,24,6162,36.22,1,0.389
VEN0118,2024-01-01,Preferred Service Vendor 118,Preferred,24,3937,22.73,0,1.0
VEN0118,2024-01-08,Preferred Service Vendor 118,Preferred,24,4938,35.32,1,0.434
VEN0118,2024-01-15,Preferred Service Vendor 118,Preferred,24,5444,15.9,0,1.0
VEN0118,2024-01-22,Preferred Service Vendor 118,Preferred,24,4744,27.94,1,0.803
VEN0118,2024-01-29,Preferred Service Vendor 118,Preferred,24,3392,14.66,0,1.0
VEN0118,2024-02-05,Preferred Service Vendor 118,Preferred,24,3694,19.19,0,1.0
VEN0118,2024-02-12,Preferred Service Vendor 118,Preferred,24,5526,16.94,0,1.0
VEN0118,2024-02-19,Preferred Service Vendor 118,Preferred,24,2947,29.33,1,0.7335
VEN0118,2024-02-26,Preferred Service Vendor 118,Preferred,24,3882,16.77,0,1.0
VEN0118,2024-03-04,Preferred Service Vendor 118,Preferred,24,3870,17.31,0,1.0
VEN0118,2024-03-11,Preferred Service Vendor 118,Preferred,24,5754,25.28,1,0.936
VEN0118,2024-03-18,Preferred Service Vendor 118,Preferred,24,5379,33.86,1,0.507
VEN0118,2024-03-25,Preferred Service Vendor 118,Preferred,24,4015,22.33,0,1.0
VEN0118,2024-04-01,Preferred Service Vendor 118,Preferred,24,3637,33.65,1,0.5175
VEN0118,2024-04-08,Preferred Service Vendor 118,Preferred,24,4625,15.75,0,1.0
VEN0118,2024-04-15,Preferred Service Vendor 118,Preferred,24,4726,29.69,1,0.7155
VEN0118,2024-04-22,Preferred Service Vendor 118,Preferred,24,2700,27.53,1,0.8235
VEN0118,2024-04-29,Preferred Service Vendor 118,Preferred,24,3239,21.83,0,1.0
VEN0118,2024-05-06,Preferred Service Vendor 118,Preferred,24,4428,18.2,0,1.0
VEN0118,2024-05-13,Preferred Service Vendor 118,Preferred,24,4835,23.43,0,1.0
VEN0118,2024-05-20,Preferred Service Vendor 118,Preferred,24,2791,35.47,1,0.4265
VEN0118,2024-05-27,Preferred Service Vendor 118,Preferred,24,3998,31.2,1,0.64
VEN0118,2024-06-03,Preferred Service Vendor 118,Preferred,24,4519,30.13,1,0.6935
VEN0118,2024-06-10,Preferred Service Vendor 118,Preferred,24,3283,18.76,0,1.0
VEN0118,2024-06-17,Preferred Service Vendor 118,Preferred,24,3944,37.36,1,0.35
VEN0118,2024-06-24,Preferred Service Vendor 118,Preferred,24,4573,24.15,1,0.9925
VEN0118,2024-07-01,Preferred Service Vendor 118,Preferred,24,5812,33.56,1,0.522
VEN0118,2024-07-08,Preferred Service Vendor 118,Preferred,24,3910,33.95,1,0.5025
VEN0118,2024-07-15,Preferred Service Vendor 118,Preferred,24,4229,17.49,0,1.0
VEN0118,2024-07-22,Preferred Service Vendor 118,Preferred,24,4583,16.87,0,1.0
VEN0118,2024-07-29,Preferred Service Vendor 118,Preferred,24,4823,34.85,1,0.4575
VEN0118,2024-08-05,Preferred Service Vendor 118,Preferred,24,3269,30.57,1,0.6715
VEN0118,2024-08-12,Preferred Service Vendor 118,Preferred,24,3873,26.1,1,0.895
VEN0118,2024-08-19,Preferred Service Vendor 118,Preferred,24,4101,19.75,0,1.0
VEN0118,2024-08-26,Preferred Service Vendor 118,Preferred,24,6450,25.92,1,0.904
VEN0118,2024-09-02,Preferred Service Vendor 118,Preferred,24,4439,33.76,1,0.512
VEN0118,2024-09-09,Preferred Service Vendor 118,Preferred,24,4531,21.96,0,1.0
VEN0118,2024-09-16,Preferred Service Vendor 118,Preferred,24,3032,15.79,0,1.0
VEN0118,2024-09-23,Preferred Service Vendor 118,Preferred,24,4150,17.61,0,1.0
VEN0118,2024-09-30,Preferred Service Vendor 118,Preferred,24,3901,32.78,1,0.561
VEN0118,2024-10-07,Preferred Service Vendor 118,Preferred,24,3648,36.81,1,0.3595
VEN0118,2024-10-14,Preferred Service Vendor 118,Preferred,24,4518,17.45,0,1.0
VEN0118,2024-10-21,Preferred Service Vendor 118,Preferred,24,5861,29.3,1,0.735
VEN0118,2024-10-28,Preferred Service Vendor 118,Preferred,24,4162,24.73,1,0.9635
VEN0118,2024-11-04,Preferred Service Vendor 118,Preferred,24,4181,16.67,0,1.0
VEN0118,2024-11-11,Preferred Service Vendor 118,Preferred,24,3007,34.57,1,0.4715
VEN0118,2024-11-18,Preferred Service Vendor 118,Preferred,24,5934,22.3,0,1.0
VEN0118,2024-11-25,Preferred Service Vendor 118,Preferred,24,3941,19.34,0,1.0
VEN0118,2024-12-02,Preferred Service Vendor 118,Preferred,24,5317,19.63,0,1.0
VEN0118,2024-12-09,Preferred Service Vendor 118,Preferred,24,4907,20.0,0,1.0
VEN0118,2024-12-16,Preferred Service Vendor 118,Preferred,24,2797,21.67,0,1.0
VEN0118,2024-12-23,Preferred Service Vendor 118,Preferred,24,3543,19.83,0,1.0
VEN0118,2024-12-30,Preferred Service Vendor 118,Preferred,24,4455,18.34,0,1.0
VEN0119,2023-01-02,Preferred Service Vendor 119,Preferred,4,5279,5.41,1,0.9295
VEN0119,2023-01-09,Preferred Service Vendor 119,Preferred,4,4878,3.09,0,1.0
VEN0119,2023-01-16,Preferred Service Vendor 119,Preferred,4,5364,5.47,1,0.9265
VEN0119,2023-01-23,Preferred Service Vendor 119,Preferred,4,4673,2.89,0,1.0
VEN0119,2023-01-30,Preferred Service Vendor 119,Preferred,4,4075,3.64,0,1.0
VEN0119,2023-02-06,Preferred Service Vendor 119,Preferred,4,5327,6.01,1,0.8995
VEN0119,2023-02-13,Preferred Service Vendor 119,Preferred,4,4293,4.52,1,0.974
VEN0119,2023-02-20,Preferred Service Vendor 119,Preferred,4,6279,5.27,1,0.9365
VEN0119,2023-02-27,Preferred Service Vendor 119,Preferred,4,3657,6.56,1,0.872
VEN0119,2023-03-06,Preferred Service Vendor 119,Preferred,4,3498,3.68,0,1.0
VEN0119,2023-03-13,Preferred Service Vendor 119,Preferred,4,2465,5.14,1,0.943
VEN0119,2023-03-20,Preferred Service Vendor 119,Preferred,4,3850,4.56,1,0.972
VEN0119,2023-03-27,Preferred Service Vendor 119,Preferred,4,6308,2.6,0,1.0
VEN0119,2023-04-03,Preferred Service Vendor 119,Preferred,4,4789,6.85,1,0.8575
VEN0119,2023-04-10,Preferred Service Vendor 119,Preferred,4,2703,4.61,1,0.9695
VEN0119,2023-04-17,Preferred Service Vendor 119,Preferred,4,3772,3.74,0,1.0
VEN0119,2023-04-24,Preferred Service Vendor 119,Preferred,4,2232,2.64,0,1.0
VEN0119,2023-05-01,Preferred Service Vendor 119,Preferred,4,6735,4.56,1,0.972
VEN0119,2023-05-08,Preferred Service Vendor 119,Preferred,4,4909,4.93,1,0.9535
VEN0119,2023-05-15,Preferred Service Vendor 119,Preferred,4,3559,4.5,1,0.975
VEN0119,2023-05-22,Preferred Service Vendor 119,Preferred,4,5095,5.08,1,0.946
VEN0119,2023-05-29,Preferred Service Vendor 119,Preferred,4,4722,3.79,0,1.0
VEN0119,2023-06-05,Preferred Service Vendor 119,Preferred,4,4265,2.35,0,1.0
VEN0119,2023-06-12,Preferred Service Vendor 119,Preferred,4,4291,4.54,1,0.973
VEN0119,2023-06-19,Preferred Service Vendor 119,Preferred,4,4329,3.6,0,1.0
VEN0119,2023-06-26,Preferred Service Vendor 119,Preferred,4,3662,2.74,0,1.0
VEN0119,2023-07-03,Preferred Service Vendor 119,Preferred,4,4063,2.47,0,1.0
VEN0119,2023-07-10,Preferred Service Vendor 119,Preferred,4,5006,5.26,1,0.937
VEN0119,2023-07-17,Preferred Service Vendor 119,Preferred,4,2620,5.76,1,0.912
VEN0119,2023-07-24,Preferred Service Vendor 119,Preferred,4,6009,3.27,0,1.0
VEN0119,2023-07-31,Preferred Service Vendor 119,Preferred,4,5077,3.07,0,1.0
VEN0119,2023-08-07,Preferred Service Vendor 119,Preferred,4,5886,4.12,1,0.994
VEN0119,2023-08-14,Preferred Service Vendor 119,Preferred,4,6194,2.34,0,1.0
VEN0119,2023-08-21,Preferred Service Vendor 119,Preferred,4,5495,4.38,1,0.981
VEN0119,2023-08-28,Preferred Service Vendor 119,Preferred,4,6260,5.6,1,0.92
VEN0119,2023-09-04,Preferred Service Vendor 119,Preferred,4,5266,5.66,1,0.917
VEN0119,2023-09-11,Preferred Service Vendor 119,Preferred,4,3665,5.69,1,0.9155
VEN0119,2023-09-18,Preferred Service Vendor 119,Preferred,4,5424,3.86,0,1.0
VEN0119,2023-09-25,Preferred Service Vendor 119,Preferred,4,6465,4.48,1,0.976
VEN0119,2023-10-02,Preferred Service Vendor 119,Preferred,4,7054,4.27,1,0.9865
VEN0119,2023-10-09,Preferred Service Vendor 119,Preferred,4,6061,3.39,0,1.0
VEN0119,2023-10-16,Preferred Service Vendor 119,Preferred,4,5745,6.14,1,0.893
VEN0119,2023-10-23,Preferred Service Vendor 119,Preferred,4,4324,3.6,0,1.0
VEN0119,2023-10-30,Preferred Service Vendor 119,Preferred,4,6286,6.2,1,0.89
VEN0119,2023-11-06,Preferred Service Vendor 119,Preferred,4,2206,3.57,0,1.0
VEN0119,2023-11-13,Preferred Service Vendor 119,Preferred,4,2785,5.36,1,0.932
VEN0119,2023-11-20,Preferred Service Vendor 119,Preferred,4,4973,1.52,0,1.0
VEN0119,2023-11-27,Preferred Service Vendor 119,Preferred,4,3822,2.34,0,1.0
VEN0119,2023-12-04,Preferred Service Vendor 119,Preferred,4,5113,6.8,1,0.86
VEN0119,2023-12-11,Preferred Service Vendor 119,Preferred,4,2648,4.7,1,0.965
VEN0119,2023-12-18,Preferred Service Vendor 119,Preferred,4,3459,5.34,1,0.933
VEN0119,2023-12-25,Preferred Service Vendor 119,Preferred,4,2997,5.21,1,0.9395
VEN0119,2024-01-01,Preferred Service Vendor 119,Preferred,4,4826,4.24,1,0.988
VEN0119,2024-01-08,Preferred Service Vendor 119,Preferred,4,4045,6.95,1,0.8525
VEN0119,2024-01-15,Preferred Service Vendor 119,Preferred,4,4184,3.85,0,1.0
VEN0119,2024-01-22,Preferred Service Vendor 119,Preferred,4,5909,4.42,1,0.979
VEN0119,2024-01-29,Preferred Service Vendor 119,Preferred,4,7090,6.18,1,0.891
VEN0119,2024-02-05,Preferred Service Vendor 119,Preferred,4,6150,4.32,1,0.984
VEN0119,2024-02-12,Preferred Service Vendor 119,Preferred,4,4242,4.1,1,0.995
VEN0119,2024-02-19,Preferred Service Vendor 119,Preferred,4,1657,2.52,0,1.0
VEN0119,2024-02-26,Preferred Service Vendor 119,Preferred,4,2692,4.15,1,0.9925
VEN0119,2024-03-04,Preferred Service Vendor 119,Preferred,4,2908,5.01,1,0.9495
VEN0119,2024-03-11,Preferred Service Vendor 119,Preferred,4,5563,3.83,0,1.0
VEN0119,2024-03-18,Preferred Service Vendor 119,Preferred,4,4988,3.81,0,1.0
VEN0119,2024-03-25,Preferred Service Vendor 119,Preferred,4,6121,3.1,0,1.0
VEN0119,2024-04-01,Preferred Service Vendor 119,Preferred,4,3703,3.97,0,1.0
VEN0119,2024-04-08,Preferred Service Vendor 119,Preferred,4,2393,3.34,0,1.0
VEN0119,2024-04-15,Preferred Service Vendor 119,Preferred,4,2610,3.78,0,1.0
VEN0119,2024-04-22,Preferred Service Vendor 119,Preferred,4,5074,3.46,0,1.0
VEN0119,2024-04-29,Preferred Service Vendor 119,Preferred,4,3923,4.35,1,0.9825
VEN0119,2024-05-06,Preferred Service Vendor 119,Preferred,4,4315,3.09,0,1.0
VEN0119,2024-05-13,Preferred Service Vendor 119,Preferred,4,3497,4.4,1,0.98
VEN0119,2024-05-20,Preferred Service Vendor 119,Preferred,4,4688,4.06,1,0.997
VEN0119,2024-05-27,Preferred Service Vendor 119,Preferred,4,5995,2.65,0,1.0
VEN0119,2024-06-03,Preferred Service Vendor 119,Preferred,4,5482,5.95,1,0.9025
VEN0119,2024-06-10,Preferred Service Vendor 119,Preferred,4,5438,4.13,1,0.9935
VEN0119,2024-06-17,Preferred Service Vendor 119,Preferred,4,2630,3.29,0,1.0
VEN0119,2024-06-24,Preferred Service Vendor 119,Preferred,4,3802,5.75,1,0.9125
VEN0119,2024-07-01,Preferred Service Vendor 119,Preferred,4,5167,4.34,1,0.983
VEN0119,2024-07-08,Preferred Service Vendor 119,Preferred,4,4218,5.39,1,0.9305
VEN0119,2024-07-15,Preferred Service Vendor 119,Preferred,4,7411,2.29,0,1.0
VEN0119,2024-07-22,Preferred Service Vendor 119,Preferred,4,4254,3.94,0,1.0
VEN0119,2024-07-29,Preferred Service Vendor 119,Preferred,4,7407,3.96,0,1.0
VEN0119,2024-08-05,Preferred Service Vendor 119,Preferred,4,2450,4.54,1,0.973
VEN0119,2024-08-12,Preferred Service Vendor 119,Preferred,4,4130,2.06,0,1.0
VEN0119,2024-08-19,Preferred Service Vendor 119,Preferred,4,3852,2.29,0,1.0
VEN0119,2024-08-26,Preferred Service Vendor 119,Preferred,4,3995,4.19,1,0.9905
VEN0119,2024-09-02,Preferred Service Vendor 119,Preferred,4,4875,4.1,1,0.995
VEN0119,2024-09-09,Preferred Service Vendor 119,Preferred,4,5017,3.69,0,1.0
VEN0119,2024-09-16,Preferred Service Vendor 119,Preferred,4,4749,1.26,0,1.0
VEN0119,2024-09-23,Preferred Service Vendor 119,Preferred,4,3393,3.32,0,1.0
VEN0119,2024-09-30,Preferred Service Vendor 119,Preferred,4,3464,5.16,1,0.942
VEN0119,2024-10-07,Preferred Service Vendor 119,Preferred,4,3710,4.22,1,0.989
VEN0119,2024-10-14,Preferred Service Vendor 119,Preferred,4,5168,5.21,1,0.9395
VEN0119,2024-10-21,Preferred Service Vendor 119,Preferred,4,4566,6.8,1,0.86
VEN0119,2024-10-28,Preferred Service Vendor 119,Preferred,4,3672,4.45,1,0.9775
VEN0119,2024-11-04,Preferred Service Vendor 119,Preferred,4,3973,7.2,1,0.84
VEN0119,2024-11-11,Preferred Service Vendor 119,Preferred,4,4381,2.63,0,1.0
VEN0119,2024-11-18,Preferred Service Vendor 119,Preferred,4,3821,3.72,0,1.0
VEN0119,2024-11-25,Preferred Service Vendor 119,Preferred,4,4647,5.29,1,0.9355
VEN0119,2024-12-02,Preferred Service Vendor 119,Preferred,4,5182,4.75,1,0.9625
VEN0119,2024-12-09,Preferred Service Vendor 119,Preferred,4,5076,4.57,1,0.9715
VEN0119,2024-12-16,Preferred Service Vendor 119,Preferred,4,3798,2.33,0,1.0
VEN0119,2024-12-23,Preferred Service Vendor 119,Preferred,4,4006,5.12,1,0.944
VEN0119,2024-12-30,Preferred Service Vendor 119,Preferred,4,3517,6.86,1,0.857
VEN0120,2023-01-02,Preferred Service Vendor 120,Preferred,8,5763,8.57,1,0.9715
VEN0120,2023-01-09,Preferred Service Vendor 120,Preferred,8,2260,5.89,0,1.0
VEN0120,2023-01-16,Preferred Service Vendor 120,Preferred,8,5303,7.94,0,1.0
VEN0120,2023-01-23,Preferred Service Vendor 120,Preferred,8,3780,5.32,0,1.0
VEN0120,2023-01-30,Preferred Service Vendor 120,Preferred,8,2933,6.98,0,1.0
VEN0120,2023-02-06,Preferred Service Vendor 120,Preferred,8,4088,7.59,0,1.0
VEN0120,2023-02-13,Preferred Service Vendor 120,Preferred,8,4535,7.21,0,1.0
VEN0120,2023-02-20,Preferred Service Vendor 120,Preferred,8,5541,11.49,1,0.8255
VEN0120,2023-02-27,Preferred Service Vendor 120,Preferred,8,4003,12.01,1,0.7995
VEN0120,2023-03-06,Preferred Service Vendor 120,Preferred,8,5322,6.72,0,1.0
VEN0120,2023-03-13,Preferred Service Vendor 120,Preferred,8,4169,8.87,1,0.9565
VEN0120,2023-03-20,Preferred Service Vendor 120,Preferred,8,3890,9.34,1,0.933
VEN0120,2023-03-27,Preferred Service Vendor 120,Preferred,8,4526,6.83,0,1.0
VEN0120,2023-04-03,Preferred Service Vendor 120,Preferred,8,6265,7.9,0,1.0
VEN0120,2023-04-10,Preferred Service Vendor 120,Preferred,8,4311,8.4,1,0.98
VEN0120,2023-04-17,Preferred Service Vendor 120,Preferred,8,3226,5.97,0,1.0
VEN0120,2023-04-24,Preferred Service Vendor 120,Preferred,8,1847,11.17,1,0.8415
VEN0120,2023-05-01,Preferred Service Vendor 120,Preferred,8,2449,6.52,0,1.0
VEN0120,2023-05-08,Preferred Service Vendor 120,Preferred,8,4561,8.63,1,0.9685
VEN0120,2023-05-15,Preferred Service Vendor 120,Preferred,8,4327,10.35,1,0.8825
VEN0120,2023-05-22,Preferred Service Vendor 120,Preferred,8,3475,10.63,1,0.8685
VEN0120,2023-05-29,Preferred Service Vendor 120,Preferred,8,4976,7.89,0,1.0
VEN0120,2023-06-05,Preferred Service Vendor 120,Preferred,8,3346,7.34,0,1.0
VEN0120,2023-06-12,Preferred Service Vendor 120,Preferred,8,4351,8.63,1,0.9685
VEN0120,2023-06-19,Preferred Service Vendor 120,Preferred,8,5226,9.39,1,0.9305
VEN0120,2023-06-26,Preferred Service Vendor 120,Preferred,8,3963,9.97,1,0.9015
VEN0120,2023-07-03,Preferred Service Vendor 120,Preferred,8,2998,5.51,0,1.0
VEN0120,2023-07-10,Preferred Service Vendor 120,Preferred,8,3211,9.93,1,0.9035
VEN0120,2023-07-17,Preferred Service Vendor 120,Preferred,8,6408,10.82,1,0.859
VEN0120,2023-07-24,Preferred Service Vendor 120,Preferred,8,2630,5.63,0,1.0
VEN0120,2023-07-31,Preferred Service Vendor 120,Preferred,8,4283,6.88,0,1.0
VEN0120,2023-08-07,Preferred Service Vendor 120,Preferred,8,2974,6.45,0,1.0
VEN0120,2023-08-14,Preferred Service Vendor 120,Preferred,8,3687,10.45,1,0.8775
VEN0120,2023-08-21,Preferred Service Vendor 120,Preferred,8,2899,7.89,0,1.0
VEN0120,2023-08-28,Preferred Service Vendor 120,Preferred,8,6019,12.26,1,0.787
VEN0120,2023-09-04,Preferred Service Vendor 120,Preferred,8,4775,10.02,1,0.899
VEN0120,2023-09-11,Preferred Service Vendor 120,Preferred,8,3749,11.12,1,0.844
VEN0120,2023-09-18,Preferred Service Vendor 120,Preferred,8,3135,5.35,0,1.0
VEN0120,2023-09-25,Preferred Service Vendor 120,Preferred,8,3391,13.61,1,0.7195
VEN0120,2023-10-02,Preferred Service Vendor 120,Preferred,8,5396,5.43,0,1.0
VEN0120,2023-10-09,Preferred Service Vendor 120,Preferred,8,1929,4.84,0,1.0
VEN0120,2023-10-16,Preferred Service Vendor 120,Preferred,8,4464,8.5,1,0.975
VEN0120,2023-10-23,Preferred Service Vendor 120,Preferred,8,2672,11.35,1,0.8325
VEN0120,2023-10-30,Preferred Service Vendor 120,Preferred,8,3251,4.67,0,1.0
VEN0120,2023-11-06,Preferred Service Vendor 120,Preferred,8,4978,6.67,0,1.0
VEN0120,2023-11-13,Preferred Service Vendor 120,Preferred,8,5458,8.7,1,0.965
VEN0120,2023-11-20,Preferred Service Vendor 120,Preferred,8,2406,5.94,0,1.0
VEN0120,2023-11-27,Preferred Service Vendor 120,Preferred,8,3255,8.8,1,0.96
VEN0120,2023-12-04,Preferred Service Vendor 120,Preferred,8,3657,10.77,1,0.8615
VEN0120,2023-12-11,Preferred Service Vendor 120,Preferred,8,5565,10.88,1,0.856
VEN0120,2023-12-18,Preferred Service Vendor 120,Preferred,8,5945,5.71,0,1.0
VEN0120,2023-12-25,Preferred Service Vendor 120,Preferred,8,7324,7.57,0,1.0
VEN0120,2024-01-01,Preferred Service Vendor 120,Preferred,8,3985,7.91,0,1.0
VEN0120,2024-01-08,Preferred Service Vendor 120,Preferred,8,4528,8.52,1,0.974
VEN0120,2024-01-15,Preferred Service Vendor 120,Preferred,8,5102,6.66,0,1.0
VEN0120,2024-01-22,Preferred Service Vendor 120,Preferred,8,2988,12.72,1,0.764
VEN0120,2024-01-29,Preferred Service Vendor 120,Preferred,8,4228,11.61,1,0.8195
VEN0120,2024-02-05,Preferred Service Vendor 120,Preferred,8,3908,8.5,1,0.975
VEN0120,2024-02-12,Preferred Service Vendor 120,Preferred,8,6039,10.01,1,0.8995
VEN0120,2024-02-19,Preferred Service Vendor 120,Preferred,8,4675,9.24,1,0.938
VEN0120,2024-02-26,Preferred Service Vendor 120,Preferred,8,3485,8.67,1,0.9665
VEN0120,2024-03-04,Preferred Service Vendor 120,Preferred,8,3086,8.28,1,0.986
VEN0120,2024-03-11,Preferred Service Vendor 120,Preferred,8,4054,8.22,1,0.989
VEN0120,2024-03-18,Preferred Service Vendor 120,Preferred,8,3930,8.01,1,0.9995
VEN0120,2024-03-25,Preferred Service Vendor 120,Preferred,8,4058,10.15,1,0.8925
VEN0120,2024-04-01,Preferred Service Vendor 120,Preferred,8,4815,10.45,1,0.8775
VEN0120,2024-04-08,Preferred Service Vendor 120,Preferred,8,3587,12.9,1,0.755
VEN0120,2024-04-15,Preferred Service Vendor 120,Preferred,8,6191,11.48,1,0.826
VEN0120,2024-04-22,Preferred Service Vendor 120,Preferred,8,3668,8.4,1,0.98
VEN0120,2024-04-29,Preferred Service Vendor 120,Preferred,8,1160,5.38,0,1.0
VEN0120,2024-05-06,Preferred Service Vendor 120,Preferred,8,3497,6.85,0,1.0
VEN0120,2024-05-13,Preferred Service Vendor 120,Preferred,8,4790,5.88,0,1.0
VEN0120,2024-05-20,Preferred Service Vendor 120,Preferred,8,2046,5.57,0,1.0
VEN0120,2024-05-27,Preferred Service Vendor 120,Preferred,8,2932,10.3,1,0.885
VEN0120,2024-06-03,Preferred Service Vendor 120,Preferred,8,4442,4.21,0,1.0
VEN0120,2024-06-10,Preferred Service Vendor 120,Preferred,8,5760,10.12,1,0.894
VEN0120,2024-06-17,Preferred Service Vendor 120,Preferred,8,5987,7.58,0,1.0
VEN0120,2024-06-24,Preferred Service Vendor 120,Preferred,8,1919,8.11,1,0.9945
VEN0120,2024-07-01,Preferred Service Vendor 120,Preferred,8,4520,10.17,1,0.8915
VEN0120,2024-07-08,Preferred Service Vendor 120,Preferred,8,3751,7.67,0,1.0
VEN0120,2024-07-15,Preferred Service Vendor 120,Preferred,8,5778,12.99,1,0.7505
VEN0120,2024-07-22,Preferred Service Vendor 120,Preferred,8,4618,5.72,0,1.0
VEN0120,2024-07-29,Preferred Service Vendor 120,Preferred,8,4179,11.85,1,0.8075
VEN0120,2024-08-05,Preferred Service Vendor 120,Preferred,8,5762,11.02,1,0.849
VEN0120,2024-08-12,Preferred Service Vendor 120,Preferred,8,2669,7.9,0,1.0
VEN0120,2024-08-19,Preferred Service Vendor 120,Preferred,8,4088,9.94,1,0.903
VEN0120,2024-08-26,Preferred Service Vendor 120,Preferred,8,3119,6.82,0,1.0
VEN0120,2024-09-02,Preferred Service Vendor 120,Preferred,8,4678,6.22,0,1.0
VEN0120,2024-09-09,Preferred Service Vendor 120,Preferred,8,3824,8.56,1,0.972
VEN0120,2024-09-16,Preferred Service Vendor 120,Preferred,8,1814,7.96,0,1.0
VEN0120,2024-09-23,Preferred Service Vendor 120,Preferred,8,3291,8.01,1,0.9995
VEN0120,2024-09-30,Preferred Service Vendor 120,Preferred,8,3263,10.87,1,0.8565
VEN0120,2024-10-07,Preferred Service Vendor 120,Preferred,8,3034,4.54,0,1.0
VEN0120,2024-10-14,Preferred Service Vendor 120,Preferred,8,2651,11.48,1,0.826
VEN0120,2024-10-21,Preferred Service Vendor 120,Preferred,8,4301,9.28,1,0.936
VEN0120,2024-10-28,Preferred Service Vendor 120,Preferred,8,2257,12.23,1,0.7885
VEN0120,2024-11-04,Preferred Service Vendor 120,Preferred,8,5080,11.55,1,0.8225
VEN0120,2024-11-11,Preferred Service Vendor 120,Preferred,8,5175,6.52,0,1.0
VEN0120,2024-11-18,Preferred Service Vendor 120,Preferred,8,4199,7.6,0,1.0
VEN0120,2024-11-25,Preferred Service Vendor 120,Preferred,8,4174,6.64,0,1.0
VEN0120,2024-12-02,Preferred Service Vendor 120,Preferred,8,3295,5.36,0,1.0
VEN0120,2024-12-09,Preferred Service Vendor 120,Preferred,8,6241,6.91,0,1.0
VEN0120,2024-12-16,Preferred Service Vendor 120,Preferred,8,4421,8.04,1,0.998
VEN0120,2024-12-23,Preferred Service Vendor 120,Preferred,8,5685,7.29,0,1.0
VEN0120,2024-12-30,Preferred Service Vendor 120,Preferred,8,1960,7.84,0,1.0
